DEBUG 24-11-07 19:16:57[background-preinit] [logging:164] - Logging Provider: org.jboss.logging.Slf4jLoggerProvider found via system property
INFO  24-11-07 19:16:57[background-preinit] [Version:21] - HV000001: Hibernate Validator 8.0.1.Final
DEBUG 24-11-07 19:16:57[background-preinit] [ValidationXmlParser:122] - Trying to load META-INF/validation.xml for XML based Validator configuration.
DEBUG 24-11-07 19:16:57[background-preinit] [ResourceLoaderHelper:61] - Trying to load META-INF/validation.xml via TCCL
DEBUG 24-11-07 19:16:57[background-preinit] [ResourceLoaderHelper:67] - Trying to load META-INF/validation.xml via Hibernate Validator's class loader
DEBUG 24-11-07 19:16:57[background-preinit] [ValidationXmlParser:129] - No META-INF/validation.xml found. Using annotation based configuration only.
DEBUG 24-11-07 19:16:57[background-preinit] [TraversableResolvers:61] - Cannot find jakarta.persistence.Persistence on classpath. Assuming non JPA 2 environment. All properties will per default be traversable.
DEBUG 24-11-07 19:16:57[background-preinit] [ResourceBundleMessageInterpolator:175] - Loaded expression factory via original TCCL
INFO  24-11-07 19:16:57[restartedMain] [MustacheajaxApplication:50] - Starting MustacheajaxApplication using Java 17 with PID 12088 (D:\GithubWorkspace\sangbong3\sangbong3\mustacheajax\build\classes\java\main started by admin in D:\GithubWorkspace\sangbong3\sangbong3\mustacheajax)
DEBUG 24-11-07 19:16:57[restartedMain] [MustacheajaxApplication:51] - Running with Spring Boot v3.3.2, Spring v6.1.11
INFO  24-11-07 19:16:57[restartedMain] [MustacheajaxApplication:660] - The following 1 profile is active: "local"
DEBUG 24-11-07 19:16:57[restartedMain] [SpringApplication:687] - Loading source class com.softagape.mustacheajax.MustacheajaxApplication
DEBUG 24-11-07 19:16:57[restartedMain] [ChangeableUrls:251] - Matching URLs for reloading : [file:/D:/GithubWorkspace/sangbong3/sangbong3/mustacheajax/build/classes/java/main/, file:/D:/GithubWorkspace/sangbong3/sangbong3/mustacheajax/build/resources/main/]
DEBUG 24-11-07 19:16:57[restartedMain] [DevToolsSettings:251] - Included patterns for restart : []
DEBUG 24-11-07 19:16:57[restartedMain] [DevToolsSettings:251] - Excluded patterns for restart : [/spring-boot-starter-[\w-]+/, /spring-boot/(bin|build|out)/, /spring-boot-starter/(bin|build|out)/, /spring-boot-devtools/(bin|build|out)/, /spring-boot-actuator/(bin|build|out)/, /spring-boot-autoconfigure/(bin|build|out)/]
INFO  24-11-07 19:16:57[restartedMain] [DevToolsPropertyDefaultsPostProcessor:252] - Devtools property defaults active! Set 'spring.devtools.add-properties' to 'false' to disable
INFO  24-11-07 19:16:57[restartedMain] [DevToolsPropertyDefaultsPostProcessor:252] - For additional web related logging consider setting the 'logging.level.web' property to 'DEBUG'
DEBUG 24-11-07 19:16:57[restartedMain] [AnnotationConfigServletWebServerApplicationContext:672] - Refreshing org.springframework.boot.web.servlet.context.AnnotationConfigServletWebServerApplicationContext@30c0e7a3
DEBUG 24-11-07 19:16:57[restartedMain] [DefaultListableBeanFactory:225] - Creating shared instance of singleton bean 'org.springframework.context.annotation.internalConfigurationAnnotationProcessor'
DEBUG 24-11-07 19:16:57[restartedMain] [DefaultListableBeanFactory:225] - Creating shared instance of singleton bean 'org.springframework.boot.autoconfigure.internalCachingMetadataReaderFactory'
DEBUG 24-11-07 19:16:57[background-preinit] [ValidatorFactoryConfigurationHelper:355] - HV000252: Using org.hibernate.validator.internal.engine.DefaultPropertyNodeNameProvider as property node name provider.
DEBUG 24-11-07 19:16:57[background-preinit] [ValidatorFactoryConfigurationHelper:447] - HV000234: Using org.hibernate.validator.messageinterpolation.ResourceBundleMessageInterpolator as ValidatorFactory-scoped message interpolator.
DEBUG 24-11-07 19:16:57[background-preinit] [ValidatorFactoryConfigurationHelper:448] - HV000234: Using org.hibernate.validator.internal.engine.resolver.TraverseAllTraversableResolver as ValidatorFactory-scoped traversable resolver.
DEBUG 24-11-07 19:16:57[background-preinit] [ValidatorFactoryConfigurationHelper:449] - HV000234: Using org.hibernate.validator.internal.util.ExecutableParameterNameProvider as ValidatorFactory-scoped parameter name provider.
DEBUG 24-11-07 19:16:57[background-preinit] [ValidatorFactoryConfigurationHelper:450] - HV000234: Using org.hibernate.validator.internal.engine.DefaultClockProvider as ValidatorFactory-scoped clock provider.
DEBUG 24-11-07 19:16:57[background-preinit] [ValidatorFactoryConfigurationHelper:451] - HV000234: Using org.hibernate.validator.internal.engine.scripting.DefaultScriptEvaluatorFactory as ValidatorFactory-scoped script evaluator factory.
DEBUG 24-11-07 19:16:57[restartedMain] [ClassPathBeanDefinitionScanner:476] - Identified candidate component class: file [D:\GithubWorkspace\sangbong3\sangbong3\mustacheajax\build\classes\java\main\com\softagape\mustacheajax\board\BoardServiceImpl.class]
DEBUG 24-11-07 19:16:57[restartedMain] [ClassPathBeanDefinitionScanner:476] - Identified candidate component class: file [D:\GithubWorkspace\sangbong3\sangbong3\mustacheajax\build\classes\java\main\com\softagape\mustacheajax\board\BoardWebController.class]
DEBUG 24-11-07 19:16:57[restartedMain] [ClassPathBeanDefinitionScanner:476] - Identified candidate component class: file [D:\GithubWorkspace\sangbong3\sangbong3\mustacheajax\build\classes\java\main\com\softagape\mustacheajax\board\BoardWebRestController.class]
DEBUG 24-11-07 19:16:57[restartedMain] [ClassPathBeanDefinitionScanner:476] - Identified candidate component class: file [D:\GithubWorkspace\sangbong3\sangbong3\mustacheajax\build\classes\java\main\com\softagape\mustacheajax\board\comment\BoardCommentServiceImpl.class]
DEBUG 24-11-07 19:16:57[restartedMain] [ClassPathBeanDefinitionScanner:476] - Identified candidate component class: file [D:\GithubWorkspace\sangbong3\sangbong3\mustacheajax\build\classes\java\main\com\softagape\mustacheajax\board\comment\BoardCommentWebRestController.class]
DEBUG 24-11-07 19:16:57[restartedMain] [ClassPathBeanDefinitionScanner:476] - Identified candidate component class: file [D:\GithubWorkspace\sangbong3\sangbong3\mustacheajax\build\classes\java\main\com\softagape\mustacheajax\category\CategoryAjxController.class]
DEBUG 24-11-07 19:16:57[restartedMain] [ClassPathBeanDefinitionScanner:476] - Identified candidate component class: file [D:\GithubWorkspace\sangbong3\sangbong3\mustacheajax\build\classes\java\main\com\softagape\mustacheajax\category\CategoryServiceImpl.class]
DEBUG 24-11-07 19:16:57[restartedMain] [ClassPathBeanDefinitionScanner:476] - Identified candidate component class: file [D:\GithubWorkspace\sangbong3\sangbong3\mustacheajax\build\classes\java\main\com\softagape\mustacheajax\category\CategoryWebRestController.class]
DEBUG 24-11-07 19:16:57[restartedMain] [ClassPathBeanDefinitionScanner:476] - Identified candidate component class: file [D:\GithubWorkspace\sangbong3\sangbong3\mustacheajax\build\classes\java\main\com\softagape\mustacheajax\category\CatWebOldController.class]
DEBUG 24-11-07 19:16:57[restartedMain] [ClassPathBeanDefinitionScanner:476] - Identified candidate component class: file [D:\GithubWorkspace\sangbong3\sangbong3\mustacheajax\build\classes\java\main\com\softagape\mustacheajax\commentlike\CommentLikeServiceImpl.class]
DEBUG 24-11-07 19:16:57[restartedMain] [ClassPathBeanDefinitionScanner:476] - Identified candidate component class: file [D:\GithubWorkspace\sangbong3\sangbong3\mustacheajax\build\classes\java\main\com\softagape\mustacheajax\filecntl\FileCtrlService.class]
DEBUG 24-11-07 19:16:57[restartedMain] [ClassPathBeanDefinitionScanner:476] - Identified candidate component class: file [D:\GithubWorkspace\sangbong3\sangbong3\mustacheajax\build\classes\java\main\com\softagape\mustacheajax\member\MemberServiceImpl.class]
DEBUG 24-11-07 19:16:57[restartedMain] [ClassPathBeanDefinitionScanner:476] - Identified candidate component class: file [D:\GithubWorkspace\sangbong3\sangbong3\mustacheajax\build\classes\java\main\com\softagape\mustacheajax\member\MemberWebController.class]
DEBUG 24-11-07 19:16:57[restartedMain] [ClassPathBeanDefinitionScanner:476] - Identified candidate component class: file [D:\GithubWorkspace\sangbong3\sangbong3\mustacheajax\build\classes\java\main\com\softagape\mustacheajax\member\MemberWebRestController.class]
DEBUG 24-11-07 19:16:57[restartedMain] [ClassPathBeanDefinitionScanner:476] - Identified candidate component class: file [D:\GithubWorkspace\sangbong3\sangbong3\mustacheajax\build\classes\java\main\com\softagape\mustacheajax\sbfile\SbFileServiceImpl.class]
DEBUG 24-11-07 19:16:57[restartedMain] [ClassPathBeanDefinitionScanner:476] - Identified candidate component class: file [D:\GithubWorkspace\sangbong3\sangbong3\mustacheajax\build\classes\java\main\com\softagape\mustacheajax\sbfile\SbFileWebRestController.class]
DEBUG 24-11-07 19:16:57[restartedMain] [ClassPathBeanDefinitionScanner:476] - Identified candidate component class: file [D:\GithubWorkspace\sangbong3\sangbong3\mustacheajax\build\classes\java\main\com\softagape\mustacheajax\sblike\SbLikeServiceImpl.class]
DEBUG 24-11-07 19:16:57[restartedMain] [ClassPathBeanDefinitionScanner:476] - Identified candidate component class: file [D:\GithubWorkspace\sangbong3\sangbong3\mustacheajax\build\classes\java\main\com\softagape\mustacheajax\security\config\SbPasswordEncoder.class]
DEBUG 24-11-07 19:16:57[restartedMain] [ClassPathBeanDefinitionScanner:476] - Identified candidate component class: file [D:\GithubWorkspace\sangbong3\sangbong3\mustacheajax\build\classes\java\main\com\softagape\mustacheajax\security\config\SecurityConfig.class]
DEBUG 24-11-07 19:16:57[restartedMain] [ClassPathBeanDefinitionScanner:476] - Identified candidate component class: file [D:\GithubWorkspace\sangbong3\sangbong3\mustacheajax\build\classes\java\main\com\softagape\mustacheajax\security\controller\AdminController.class]
DEBUG 24-11-07 19:16:57[restartedMain] [ClassPathBeanDefinitionScanner:476] - Identified candidate component class: file [D:\GithubWorkspace\sangbong3\sangbong3\mustacheajax\build\classes\java\main\com\softagape\mustacheajax\security\controller\AllControllerAdvice.class]
DEBUG 24-11-07 19:16:57[restartedMain] [ClassPathBeanDefinitionScanner:476] - Identified candidate component class: file [D:\GithubWorkspace\sangbong3\sangbong3\mustacheajax\build\classes\java\main\com\softagape\mustacheajax\security\controller\IndexController.class]
DEBUG 24-11-07 19:16:57[restartedMain] [ClassPathBeanDefinitionScanner:476] - Identified candidate component class: file [D:\GithubWorkspace\sangbong3\sangbong3\mustacheajax\build\classes\java\main\com\softagape\mustacheajax\security\controller\LoginCookieController.class]
DEBUG 24-11-07 19:16:57[restartedMain] [ClassPathBeanDefinitionScanner:476] - Identified candidate component class: file [D:\GithubWorkspace\sangbong3\sangbong3\mustacheajax\build\classes\java\main\com\softagape\mustacheajax\security\controller\LoginSessionController.class]
DEBUG 24-11-07 19:16:57[restartedMain] [ClassPathBeanDefinitionScanner:476] - Identified candidate component class: file [D:\GithubWorkspace\sangbong3\sangbong3\mustacheajax\build\classes\java\main\com\softagape\mustacheajax\security\controller\UserController.class]
DEBUG 24-11-07 19:16:57[restartedMain] [ClassPathBeanDefinitionScanner:476] - Identified candidate component class: file [D:\GithubWorkspace\sangbong3\sangbong3\mustacheajax\build\classes\java\main\com\softagape\mustacheajax\stomp\StompChatController.class]
DEBUG 24-11-07 19:16:57[restartedMain] [ClassPathBeanDefinitionScanner:476] - Identified candidate component class: file [D:\GithubWorkspace\sangbong3\sangbong3\mustacheajax\build\classes\java\main\com\softagape\mustacheajax\stomp\StompConfiguration.class]
DEBUG 24-11-07 19:16:57[restartedMain] [ClassPathBeanDefinitionScanner:476] - Identified candidate component class: file [D:\GithubWorkspace\sangbong3\sangbong3\mustacheajax\build\classes\java\main\com\softagape\mustacheajax\stomp\StompRoomController.class]
DEBUG 24-11-07 19:16:57[restartedMain] [ClassPathBeanDefinitionScanner:476] - Identified candidate component class: file [D:\GithubWorkspace\sangbong3\sangbong3\mustacheajax\build\classes\java\main\com\softagape\mustacheajax\stomp\StompRoomService.class]
DEBUG 24-11-07 19:16:58[restartedMain] [DefaultListableBeanFactory:225] - Creating shared instance of singleton bean 'org.springframework.boot.autoconfigure.AutoConfigurationPackages'
DEBUG 24-11-07 19:16:58[restartedMain] [AutoConfigurationPackages:213] - @EnableAutoConfiguration was declared on a class in the package 'com.softagape.mustacheajax'. Automatic @Repository and @Entity scanning is enabled.
DEBUG 24-11-07 19:16:58[restartedMain] [MybatisAutoConfiguration:247] - Searching for mappers annotated with @Mapper
DEBUG 24-11-07 19:16:58[restartedMain] [MybatisAutoConfiguration:251] - Using auto-configuration base package 'com.softagape.mustacheajax'
DEBUG 24-11-07 19:16:58[restartedMain] [DefaultListableBeanFactory:225] - Creating shared instance of singleton bean 'springSecurityHandlerMappingIntrospectorBeanDefinitionRegistryPostProcessor'
DEBUG 24-11-07 19:16:58[restartedMain] [DefaultListableBeanFactory:225] - Creating shared instance of singleton bean 'org.mybatis.spring.mapper.MapperScannerConfigurer'
DEBUG 24-11-07 19:16:58[restartedMain] [DefaultListableBeanFactory:225] - Creating shared instance of singleton bean 'propertySourcesPlaceholderConfigurer'
DEBUG 24-11-07 19:16:58[restartedMain] [LogFactory:109] - Logging initialized using 'class org.apache.ibatis.logging.slf4j.Slf4jImpl' adapter.
DEBUG 24-11-07 19:16:58[restartedMain] [ClassPathMapperScanner:476] - Identified candidate component class: file [D:\GithubWorkspace\sangbong3\sangbong3\mustacheajax\build\classes\java\main\com\softagape\mustacheajax\board\comment\IBoardCommentMybatisMapper.class]
DEBUG 24-11-07 19:16:58[restartedMain] [ClassPathMapperScanner:476] - Identified candidate component class: file [D:\GithubWorkspace\sangbong3\sangbong3\mustacheajax\build\classes\java\main\com\softagape\mustacheajax\board\IBoardMybatisMapper.class]
DEBUG 24-11-07 19:16:58[restartedMain] [ClassPathMapperScanner:476] - Identified candidate component class: file [D:\GithubWorkspace\sangbong3\sangbong3\mustacheajax\build\classes\java\main\com\softagape\mustacheajax\category\ICategoryMybatisMapper.class]
DEBUG 24-11-07 19:16:58[restartedMain] [ClassPathMapperScanner:476] - Identified candidate component class: file [D:\GithubWorkspace\sangbong3\sangbong3\mustacheajax\build\classes\java\main\com\softagape\mustacheajax\commentlike\ICommentLikeMybatisMapper.class]
DEBUG 24-11-07 19:16:58[restartedMain] [ClassPathMapperScanner:476] - Identified candidate component class: file [D:\GithubWorkspace\sangbong3\sangbong3\mustacheajax\build\classes\java\main\com\softagape\mustacheajax\member\IMemberMybatisMapper.class]
DEBUG 24-11-07 19:16:58[restartedMain] [ClassPathMapperScanner:476] - Identified candidate component class: file [D:\GithubWorkspace\sangbong3\sangbong3\mustacheajax\build\classes\java\main\com\softagape\mustacheajax\sbfile\ISbFileMybatisMapper.class]
DEBUG 24-11-07 19:16:58[restartedMain] [ClassPathMapperScanner:476] - Identified candidate component class: file [D:\GithubWorkspace\sangbong3\sangbong3\mustacheajax\build\classes\java\main\com\softagape\mustacheajax\sblike\ISbLikeMybatisMapper.class]
DEBUG 24-11-07 19:16:58[restartedMain] [ClassPathMapperScanner:49] - Creating MapperFactoryBean with name 'IBoardCommentMybatisMapper' and 'com.softagape.mustacheajax.board.comment.IBoardCommentMybatisMapper' mapperInterface
DEBUG 24-11-07 19:16:58[restartedMain] [ClassPathMapperScanner:49] - Creating MapperFactoryBean with name 'IBoardMybatisMapper' and 'com.softagape.mustacheajax.board.IBoardMybatisMapper' mapperInterface
DEBUG 24-11-07 19:16:58[restartedMain] [ClassPathMapperScanner:49] - Creating MapperFactoryBean with name 'ICategoryMybatisMapper' and 'com.softagape.mustacheajax.category.ICategoryMybatisMapper' mapperInterface
DEBUG 24-11-07 19:16:58[restartedMain] [ClassPathMapperScanner:49] - Creating MapperFactoryBean with name 'ICommentLikeMybatisMapper' and 'com.softagape.mustacheajax.commentlike.ICommentLikeMybatisMapper' mapperInterface
DEBUG 24-11-07 19:16:58[restartedMain] [ClassPathMapperScanner:49] - Creating MapperFactoryBean with name 'IMemberMybatisMapper' and 'com.softagape.mustacheajax.member.IMemberMybatisMapper' mapperInterface
DEBUG 24-11-07 19:16:58[restartedMain] [ClassPathMapperScanner:49] - Creating MapperFactoryBean with name 'ISbFileMybatisMapper' and 'com.softagape.mustacheajax.sbfile.ISbFileMybatisMapper' mapperInterface
DEBUG 24-11-07 19:16:58[restartedMain] [ClassPathMapperScanner:49] - Creating MapperFactoryBean with name 'ISbLikeMybatisMapper' and 'com.softagape.mustacheajax.sblike.ISbLikeMybatisMapper' mapperInterface
DEBUG 24-11-07 19:16:58[restartedMain] [DefaultListableBeanFactory:225] - Creating shared instance of singleton bean 'webSocketScopeConfigurer'
DEBUG 24-11-07 19:16:58[restartedMain] [DefaultListableBeanFactory:225] - Creating shared instance of singleton bean 'org.springframework.boot.sql.init.dependency.DatabaseInitializationDependencyConfigurer$DependsOnDatabaseInitializationPostProcessor'
DEBUG 24-11-07 19:16:58[restartedMain] [DefaultListableBeanFactory:225] - Creating shared instance of singleton bean 'org.springframework.context.event.internalEventListenerProcessor'
DEBUG 24-11-07 19:16:58[restartedMain] [DefaultListableBeanFactory:225] - Creating shared instance of singleton bean 'conversionServicePostProcessor'
DEBUG 24-11-07 19:16:58[restartedMain] [DefaultListableBeanFactory:225] - Creating shared instance of singleton bean 'preserveErrorControllerTargetClassPostProcessor'
DEBUG 24-11-07 19:16:58[restartedMain] [DefaultListableBeanFactory:225] - Creating shared instance of singleton bean 'forceAutoProxyCreatorToUseClassProxying'
DEBUG 24-11-07 19:16:58[restartedMain] [DefaultListableBeanFactory:225] - Creating shared instance of singleton bean 'org.springframework.context.event.internalEventListenerFactory'
DEBUG 24-11-07 19:16:58[restartedMain] [DefaultListableBeanFactory:225] - Creating shared instance of singleton bean 'org.springframework.transaction.config.internalTransactionalEventListenerFactory'
DEBUG 24-11-07 19:16:58[restartedMain] [DefaultListableBeanFactory:225] - Creating shared instance of singleton bean 'org.springframework.context.annotation.internalAutowiredAnnotationProcessor'
DEBUG 24-11-07 19:16:58[restartedMain] [DefaultListableBeanFactory:225] - Creating shared instance of singleton bean 'org.springframework.context.annotation.internalCommonAnnotationProcessor'
DEBUG 24-11-07 19:16:58[restartedMain] [DefaultListableBeanFactory:225] - Creating shared instance of singleton bean 'org.springframework.boot.context.properties.ConfigurationPropertiesBindingPostProcessor'
DEBUG 24-11-07 19:16:58[restartedMain] [DefaultListableBeanFactory:225] - Creating shared instance of singleton bean 'org.springframework.boot.context.internalConfigurationPropertiesBinder'
DEBUG 24-11-07 19:16:58[restartedMain] [DefaultListableBeanFactory:225] - Creating shared instance of singleton bean 'jdbcConnectionDetailsHikariBeanPostProcessor'
DEBUG 24-11-07 19:16:58[restartedMain] [DefaultListableBeanFactory:225] - Creating shared instance of singleton bean 'methodValidationPostProcessor'
DEBUG 24-11-07 19:16:58[restartedMain] [DefaultListableBeanFactory:945] - Autowiring by type from bean name 'methodValidationPostProcessor' via factory method to bean named 'environment'
DEBUG 24-11-07 19:16:58[restartedMain] [DefaultListableBeanFactory:225] - Creating shared instance of singleton bean 'org.springframework.boot.context.properties.EnableConfigurationPropertiesRegistrar.methodValidationExcludeFilter'
DEBUG 24-11-07 19:16:58[restartedMain] [DefaultListableBeanFactory:225] - Creating shared instance of singleton bean 'persistenceExceptionTranslationPostProcessor'
DEBUG 24-11-07 19:16:58[restartedMain] [DefaultListableBeanFactory:945] - Autowiring by type from bean name 'persistenceExceptionTranslationPostProcessor' via factory method to bean named 'environment'
DEBUG 24-11-07 19:16:58[restartedMain] [DefaultListableBeanFactory:225] - Creating shared instance of singleton bean 'org.springframework.aop.config.internalAutoProxyCreator'
DEBUG 24-11-07 19:16:58[restartedMain] [DefaultListableBeanFactory:225] - Creating shared instance of singleton bean 'webServerFactoryCustomizerBeanPostProcessor'
DEBUG 24-11-07 19:16:58[restartedMain] [DefaultListableBeanFactory:225] - Creating shared instance of singleton bean 'errorPageRegistrarBeanPostProcessor'
DEBUG 24-11-07 19:16:58[restartedMain] [UiApplicationContextUtils:86] - Unable to locate ThemeSource with name 'themeSource': using default [org.springframework.ui.context.support.ResourceBundleThemeSource@1e9d71cf]
DEBUG 24-11-07 19:16:58[restartedMain] [DefaultListableBeanFactory:225] - Creating shared instance of singleton bean 'tomcatServletWebServerFactory'
DEBUG 24-11-07 19:16:58[restartedMain] [DefaultListableBeanFactory:225] - Creating shared instance of singleton bean 'org.springframework.boot.autoconfigure.web.servlet.ServletWebServerFactoryConfiguration$EmbeddedTomcat'
DEBUG 24-11-07 19:16:58[restartedMain] [DefaultListableBeanFactory:225] - Creating shared instance of singleton bean 'org.springframework.transaction.config.internalTransactionAdvisor'
DEBUG 24-11-07 19:16:58[restartedMain] [DefaultListableBeanFactory:225] - Creating shared instance of singleton bean 'org.springframework.transaction.annotation.ProxyTransactionManagementConfiguration'
DEBUG 24-11-07 19:16:58[restartedMain] [DefaultListableBeanFactory:225] - Creating shared instance of singleton bean 'transactionAttributeSource'
DEBUG 24-11-07 19:16:58[restartedMain] [DefaultListableBeanFactory:225] - Creating shared instance of singleton bean 'transactionInterceptor'
DEBUG 24-11-07 19:16:58[restartedMain] [DefaultListableBeanFactory:945] - Autowiring by type from bean name 'transactionInterceptor' via factory method to bean named 'transactionAttributeSource'
DEBUG 24-11-07 19:16:58[restartedMain] [DefaultListableBeanFactory:945] - Autowiring by type from bean name 'org.springframework.transaction.config.internalTransactionAdvisor' via factory method to bean named 'transactionAttributeSource'
DEBUG 24-11-07 19:16:58[restartedMain] [DefaultListableBeanFactory:945] - Autowiring by type from bean name 'org.springframework.transaction.config.internalTransactionAdvisor' via factory method to bean named 'transactionInterceptor'
DEBUG 24-11-07 19:16:58[restartedMain] [DefaultListableBeanFactory:225] - Creating shared instance of singleton bean 'websocketServletWebServerCustomizer'
DEBUG 24-11-07 19:16:58[restartedMain] [DefaultListableBeanFactory:225] - Creating shared instance of singleton bean 'org.springframework.boot.autoconfigure.websocket.servlet.WebSocketServletAutoConfiguration$TomcatWebSocketConfiguration'
DEBUG 24-11-07 19:16:58[restartedMain] [DefaultListableBeanFactory:225] - Creating shared instance of singleton bean 'servletWebServerFactoryCustomizer'
DEBUG 24-11-07 19:16:58[restartedMain] [DefaultListableBeanFactory:225] - Creating shared instance of singleton bean 'org.springframework.boot.autoconfigure.web.servlet.ServletWebServerFactoryAutoConfiguration'
DEBUG 24-11-07 19:16:58[restartedMain] [DefaultListableBeanFactory:225] - Creating shared instance of singleton bean 'server-org.springframework.boot.autoconfigure.web.ServerProperties'
DEBUG 24-11-07 19:16:58[restartedMain] [DefaultListableBeanFactory:225] - Creating shared instance of singleton bean 'org.springframework.boot.context.properties.BoundConfigurationProperties'
DEBUG 24-11-07 19:16:58[restartedMain] [DefaultListableBeanFactory:945] - Autowiring by type from bean name 'servletWebServerFactoryCustomizer' via factory method to bean named 'server-org.springframework.boot.autoconfigure.web.ServerProperties'
DEBUG 24-11-07 19:16:58[restartedMain] [DefaultListableBeanFactory:225] - Creating shared instance of singleton bean 'sslBundleRegistry'
DEBUG 24-11-07 19:16:58[restartedMain] [DefaultListableBeanFactory:225] - Creating shared instance of singleton bean 'org.springframework.boot.autoconfigure.ssl.SslAutoConfiguration'
DEBUG 24-11-07 19:16:58[restartedMain] [DefaultListableBeanFactory:225] - Creating shared instance of singleton bean 'spring.ssl-org.springframework.boot.autoconfigure.ssl.SslProperties'
DEBUG 24-11-07 19:16:58[restartedMain] [DefaultListableBeanFactory:945] - Autowiring by type from bean name 'org.springframework.boot.autoconfigure.ssl.SslAutoConfiguration' via constructor to bean named 'spring.ssl-org.springframework.boot.autoconfigure.ssl.SslProperties'
DEBUG 24-11-07 19:16:58[restartedMain] [DefaultListableBeanFactory:225] - Creating shared instance of singleton bean 'sslPropertiesSslBundleRegistrar'
DEBUG 24-11-07 19:16:58[restartedMain] [DefaultListableBeanFactory:225] - Creating shared instance of singleton bean 'fileWatcher'
DEBUG 24-11-07 19:16:58[restartedMain] [DefaultListableBeanFactory:945] - Autowiring by type from bean name 'sslPropertiesSslBundleRegistrar' via factory method to bean named 'fileWatcher'
DEBUG 24-11-07 19:16:58[restartedMain] [DefaultListableBeanFactory:225] - Creating shared instance of singleton bean 'tomcatServletWebServerFactoryCustomizer'
DEBUG 24-11-07 19:16:58[restartedMain] [DefaultListableBeanFactory:945] - Autowiring by type from bean name 'tomcatServletWebServerFactoryCustomizer' via factory method to bean named 'server-org.springframework.boot.autoconfigure.web.ServerProperties'
DEBUG 24-11-07 19:16:58[restartedMain] [DefaultListableBeanFactory:225] - Creating shared instance of singleton bean 'tomcatWebServerFactoryCustomizer'
DEBUG 24-11-07 19:16:58[restartedMain] [DefaultListableBeanFactory:225] - Creating shared instance of singleton bean 'org.springframework.boot.autoconfigure.web.embedded.EmbeddedWebServerFactoryCustomizerAutoConfiguration$TomcatWebServerFactoryCustomizerConfiguration'
DEBUG 24-11-07 19:16:58[restartedMain] [DefaultListableBeanFactory:945] - Autowiring by type from bean name 'tomcatWebServerFactoryCustomizer' via factory method to bean named 'environment'
DEBUG 24-11-07 19:16:58[restartedMain] [DefaultListableBeanFactory:945] - Autowiring by type from bean name 'tomcatWebServerFactoryCustomizer' via factory method to bean named 'server-org.springframework.boot.autoconfigure.web.ServerProperties'
DEBUG 24-11-07 19:16:58[restartedMain] [DefaultListableBeanFactory:225] - Creating shared instance of singleton bean 'localeCharsetMappingsCustomizer'
DEBUG 24-11-07 19:16:58[restartedMain] [DefaultListableBeanFactory:225] - Creating shared instance of singleton bean 'org.springframework.boot.autoconfigure.web.servlet.HttpEncodingAutoConfiguration'
DEBUG 24-11-07 19:16:58[restartedMain] [DefaultListableBeanFactory:945] - Autowiring by type from bean name 'org.springframework.boot.autoconfigure.web.servlet.HttpEncodingAutoConfiguration' via constructor to bean named 'server-org.springframework.boot.autoconfigure.web.ServerProperties'
DEBUG 24-11-07 19:16:58[restartedMain] [DefaultListableBeanFactory:225] - Creating shared instance of singleton bean 'errorPageCustomizer'
DEBUG 24-11-07 19:16:58[restartedMain] [DefaultListableBeanFactory:225] - Creating shared instance of singleton bean 'org.springframework.boot.autoconfigure.web.servlet.error.ErrorMvcAutoConfiguration'
DEBUG 24-11-07 19:16:58[restartedMain] [DefaultListableBeanFactory:945] - Autowiring by type from bean name 'org.springframework.boot.autoconfigure.web.servlet.error.ErrorMvcAutoConfiguration' via constructor to bean named 'server-org.springframework.boot.autoconfigure.web.ServerProperties'
DEBUG 24-11-07 19:16:58[restartedMain] [DefaultListableBeanFactory:225] - Creating shared instance of singleton bean 'dispatcherServletRegistration'
DEBUG 24-11-07 19:16:58[restartedMain] [DefaultListableBeanFactory:225] - Creating shared instance of singleton bean 'org.springframework.boot.autoconfigure.web.servlet.DispatcherServletAutoConfiguration$DispatcherServletRegistrationConfiguration'
DEBUG 24-11-07 19:16:58[restartedMain] [DefaultListableBeanFactory:225] - Creating shared instance of singleton bean 'dispatcherServlet'
DEBUG 24-11-07 19:16:58[restartedMain] [DefaultListableBeanFactory:225] - Creating shared instance of singleton bean 'org.springframework.boot.autoconfigure.web.servlet.DispatcherServletAutoConfiguration$DispatcherServletConfiguration'
DEBUG 24-11-07 19:16:58[restartedMain] [DefaultListableBeanFactory:225] - Creating shared instance of singleton bean 'spring.mvc-org.springframework.boot.autoconfigure.web.servlet.WebMvcProperties'
DEBUG 24-11-07 19:16:58[restartedMain] [DefaultListableBeanFactory:945] - Autowiring by type from bean name 'dispatcherServlet' via factory method to bean named 'spring.mvc-org.springframework.boot.autoconfigure.web.servlet.WebMvcProperties'
DEBUG 24-11-07 19:16:58[restartedMain] [DefaultListableBeanFactory:945] - Autowiring by type from bean name 'dispatcherServletRegistration' via factory method to bean named 'dispatcherServlet'
DEBUG 24-11-07 19:16:58[restartedMain] [DefaultListableBeanFactory:945] - Autowiring by type from bean name 'dispatcherServletRegistration' via factory method to bean named 'spring.mvc-org.springframework.boot.autoconfigure.web.servlet.WebMvcProperties'
DEBUG 24-11-07 19:16:58[restartedMain] [DefaultListableBeanFactory:225] - Creating shared instance of singleton bean 'multipartConfigElement'
DEBUG 24-11-07 19:16:58[restartedMain] [DefaultListableBeanFactory:225] - Creating shared instance of singleton bean 'org.springframework.boot.autoconfigure.web.servlet.MultipartAutoConfiguration'
DEBUG 24-11-07 19:16:58[restartedMain] [DefaultListableBeanFactory:225] - Creating shared instance of singleton bean 'spring.servlet.multipart-org.springframework.boot.autoconfigure.web.servlet.MultipartProperties'
DEBUG 24-11-07 19:16:58[restartedMain] [DefaultListableBeanFactory:945] - Autowiring by type from bean name 'org.springframework.boot.autoconfigure.web.servlet.MultipartAutoConfiguration' via constructor to bean named 'spring.servlet.multipart-org.springframework.boot.autoconfigure.web.servlet.MultipartProperties'
DEBUG 24-11-07 19:16:58[restartedMain] [DefaultListableBeanFactory:945] - Autowiring by type from bean name 'errorPageCustomizer' via factory method to bean named 'dispatcherServletRegistration'
DEBUG 24-11-07 19:16:58[restartedMain] [TomcatServletWebServerFactory:81] - Code archive: C:\Users\admin\.gradle\caches\modules-2\files-2.1\org.springframework.boot\spring-boot\3.3.2\72a257d5518b2b8b9949a26543cdb3a4e67de5f8\spring-boot-3.3.2.jar
DEBUG 24-11-07 19:16:58[restartedMain] [TomcatServletWebServerFactory:125] - Code archive: C:\Users\admin\.gradle\caches\modules-2\files-2.1\org.springframework.boot\spring-boot\3.3.2\72a257d5518b2b8b9949a26543cdb3a4e67de5f8\spring-boot-3.3.2.jar
DEBUG 24-11-07 19:16:58[restartedMain] [TomcatServletWebServerFactory:149] - None of the document roots [src/main/webapp, public, static] point to a directory and will be ignored.
INFO  24-11-07 19:16:59[restartedMain] [TomcatWebServer:111] - Tomcat initialized with port 8088 (http)
INFO  24-11-07 19:16:59[restartedMain] [Http11NioProtocol:173] - Initializing ProtocolHandler ["http-nio-8088"]
INFO  24-11-07 19:16:59[restartedMain] [StandardService:173] - Starting service [Tomcat]
INFO  24-11-07 19:16:59[restartedMain] [StandardEngine:173] - Starting Servlet engine: [Apache Tomcat/10.1.26]
INFO  24-11-07 19:16:59[restartedMain] [[/]:173] - Initializing Spring embedded WebApplicationContext
DEBUG 24-11-07 19:16:59[restartedMain] [ServletWebServerApplicationContext:290] - Published root WebApplicationContext as ServletContext attribute with name [org.springframework.web.context.WebApplicationContext.ROOT]
INFO  24-11-07 19:16:59[restartedMain] [ServletWebServerApplicationContext:296] - Root WebApplicationContext: initialization completed in 1977 ms
DEBUG 24-11-07 19:16:59[restartedMain] [DefaultListableBeanFactory:225] - Creating shared instance of singleton bean 'securityFilterChainRegistration'
DEBUG 24-11-07 19:16:59[restartedMain] [DefaultListableBeanFactory:225] - Creating shared instance of singleton bean 'org.springframework.boot.autoconfigure.security.servlet.SecurityFilterAutoConfiguration'
DEBUG 24-11-07 19:16:59[restartedMain] [DefaultListableBeanFactory:225] - Creating shared instance of singleton bean 'spring.security-org.springframework.boot.autoconfigure.security.SecurityProperties'
DEBUG 24-11-07 19:16:59[restartedMain] [DefaultListableBeanFactory:945] - Autowiring by type from bean name 'securityFilterChainRegistration' via factory method to bean named 'spring.security-org.springframework.boot.autoconfigure.security.SecurityProperties'
DEBUG 24-11-07 19:16:59[restartedMain] [DefaultListableBeanFactory:225] - Creating shared instance of singleton bean 'requestContextFilter'
DEBUG 24-11-07 19:16:59[restartedMain] [DefaultListableBeanFactory:225] - Creating shared instance of singleton bean 'formContentFilter'
DEBUG 24-11-07 19:16:59[restartedMain] [DefaultListableBeanFactory:225] - Creating shared instance of singleton bean 'org.springframework.boot.autoconfigure.web.servlet.WebMvcAutoConfiguration'
DEBUG 24-11-07 19:16:59[restartedMain] [DefaultListableBeanFactory:225] - Creating shared instance of singleton bean 'characterEncodingFilter'
DEBUG 24-11-07 19:16:59[restartedMain] [ServletContextInitializerBeans:235] - Mapping filters: springSecurityFilterChain urls=[/*] order=-100, characterEncodingFilter urls=[/*] order=-2147483648, formContentFilter urls=[/*] order=-9900, requestContextFilter urls=[/*] order=-105
DEBUG 24-11-07 19:16:59[restartedMain] [ServletContextInitializerBeans:235] - Mapping servlets: dispatcherServlet urls=[/]
DEBUG 24-11-07 19:16:59[restartedMain] [OrderedRequestContextFilter:240] - Filter 'requestContextFilter' configured for use
DEBUG 24-11-07 19:16:59[restartedMain] [OrderedCharacterEncodingFilter:240] - Filter 'characterEncodingFilter' configured for use
DEBUG 24-11-07 19:16:59[restartedMain] [DelegatingFilterProxyRegistrationBean$1:240] - Filter 'springSecurityFilterChain' configured for use
DEBUG 24-11-07 19:16:59[restartedMain] [OrderedFormContentFilter:240] - Filter 'formContentFilter' configured for use
DEBUG 24-11-07 19:16:59[restartedMain] [DefaultListableBeanFactory:225] - Creating shared instance of singleton bean 'mustacheajaxApplication'
DEBUG 24-11-07 19:16:59[restartedMain] [DefaultListableBeanFactory:225] - Creating shared instance of singleton bean 'boardServiceImpl'
DEBUG 24-11-07 19:16:59[restartedMain] [DefaultListableBeanFactory:225] - Creating shared instance of singleton bean 'IBoardMybatisMapper'
DEBUG 24-11-07 19:16:59[restartedMain] [DefaultListableBeanFactory:225] - Creating shared instance of singleton bean 'dataSourceScriptDatabaseInitializer'
DEBUG 24-11-07 19:16:59[restartedMain] [DefaultListableBeanFactory:225] - Creating shared instance of singleton bean 'org.springframework.boot.autoconfigure.sql.init.DataSourceInitializationConfiguration'
DEBUG 24-11-07 19:16:59[restartedMain] [DefaultListableBeanFactory:225] - Creating shared instance of singleton bean 'dataSource'
DEBUG 24-11-07 19:16:59[restartedMain] [DefaultListableBeanFactory:225] - Creating shared instance of singleton bean 'org.springframework.boot.autoconfigure.jdbc.DataSourceConfiguration$Hikari'
DEBUG 24-11-07 19:16:59[restartedMain] [DefaultListableBeanFactory:225] - Creating shared instance of singleton bean 'spring.datasource-org.springframework.boot.autoconfigure.jdbc.DataSourceProperties'
DEBUG 24-11-07 19:16:59[restartedMain] [DefaultListableBeanFactory:225] - Creating shared instance of singleton bean 'jdbcConnectionDetails'
DEBUG 24-11-07 19:16:59[restartedMain] [DefaultListableBeanFactory:225] - Creating shared instance of singleton bean 'org.springframework.boot.autoconfigure.jdbc.DataSourceAutoConfiguration$PooledDataSourceConfiguration'
DEBUG 24-11-07 19:16:59[restartedMain] [DefaultListableBeanFactory:945] - Autowiring by type from bean name 'jdbcConnectionDetails' via factory method to bean named 'spring.datasource-org.springframework.boot.autoconfigure.jdbc.DataSourceProperties'
DEBUG 24-11-07 19:16:59[restartedMain] [DefaultListableBeanFactory:945] - Autowiring by type from bean name 'dataSource' via factory method to bean named 'spring.datasource-org.springframework.boot.autoconfigure.jdbc.DataSourceProperties'
DEBUG 24-11-07 19:16:59[restartedMain] [DefaultListableBeanFactory:945] - Autowiring by type from bean name 'dataSource' via factory method to bean named 'jdbcConnectionDetails'
DEBUG 24-11-07 19:16:59[restartedMain] [HikariConfig:974] - Driver class net.sf.log4jdbc.sql.jdbcapi.DriverSpy found in Thread context class loader org.springframework.boot.devtools.restart.classloader.RestartClassLoader@24e6d55f
DEBUG 24-11-07 19:16:59[restartedMain] [debug:515] - log4jdbc-logj2 properties initialization...
DEBUG 24-11-07 19:16:59[restartedMain] [debug:515] - Using logger: net.sf.log4jdbc.log.slf4j.Slf4jSpyLogDelegator
DEBUG 24-11-07 19:16:59[restartedMain] [debug:515] - x log4jdbc.debug.stack.prefix is not defined
DEBUG 24-11-07 19:16:59[restartedMain] [debug:515] - x log4jdbc.sqltiming.warn.threshold is not defined
DEBUG 24-11-07 19:16:59[restartedMain] [debug:515] - x log4jdbc.sqltiming.error.threshold is not defined
DEBUG 24-11-07 19:16:59[restartedMain] [debug:515] - x log4jdbc.dump.booleanastruefalse is not defined (using default value false)
DEBUG 24-11-07 19:16:59[restartedMain] [debug:515] -   log4jdbc.dump.sql.maxlinelength = 0
DEBUG 24-11-07 19:16:59[restartedMain] [debug:515] - x log4jdbc.dump.fulldebugstacktrace is not defined (using default value false)
DEBUG 24-11-07 19:16:59[restartedMain] [debug:515] - x log4jdbc.statement.warn is not defined (using default value false)
DEBUG 24-11-07 19:16:59[restartedMain] [debug:515] - x log4jdbc.dump.sql.select is not defined (using default value true)
DEBUG 24-11-07 19:16:59[restartedMain] [debug:515] - x log4jdbc.dump.sql.insert is not defined (using default value true)
DEBUG 24-11-07 19:16:59[restartedMain] [debug:515] - x log4jdbc.dump.sql.update is not defined (using default value true)
DEBUG 24-11-07 19:16:59[restartedMain] [debug:515] - x log4jdbc.dump.sql.delete is not defined (using default value true)
DEBUG 24-11-07 19:16:59[restartedMain] [debug:515] - x log4jdbc.dump.sql.create is not defined (using default value true)
DEBUG 24-11-07 19:16:59[restartedMain] [debug:515] - x log4jdbc.dump.sql.addsemicolon is not defined (using default value false)
DEBUG 24-11-07 19:16:59[restartedMain] [debug:515] - x log4jdbc.auto.load.popular.drivers is not defined (using default value true)
DEBUG 24-11-07 19:16:59[restartedMain] [debug:515] - x log4jdbc.drivers is not defined
DEBUG 24-11-07 19:16:59[restartedMain] [debug:515] - x log4jdbc.trim.sql is not defined (using default value true)
DEBUG 24-11-07 19:16:59[restartedMain] [debug:515] - x log4jdbc.trim.sql.extrablanklines is not defined (using default value true)
DEBUG 24-11-07 19:16:59[restartedMain] [debug:515] - x log4jdbc.suppress.generated.keys.exception is not defined (using default value false)
DEBUG 24-11-07 19:16:59[restartedMain] [debug:515] - log4jdbc-logj2 properties initialization done.
DEBUG 24-11-07 19:16:59[restartedMain] [debug:515] - DriverSpy intialization...
DEBUG 24-11-07 19:16:59[restartedMain] [debug:515] -   FOUND DRIVER com.mysql.jdbc.Driver
DEBUG 24-11-07 19:16:59[restartedMain] [debug:515] - DriverSpy intialization done.
DEBUG 24-11-07 19:16:59[restartedMain] [DefaultListableBeanFactory:225] - Creating shared instance of singleton bean 'spring.sql.init-org.springframework.boot.autoconfigure.sql.init.SqlInitializationProperties'
DEBUG 24-11-07 19:16:59[restartedMain] [DefaultListableBeanFactory:945] - Autowiring by type from bean name 'dataSourceScriptDatabaseInitializer' via factory method to bean named 'dataSource'
DEBUG 24-11-07 19:16:59[restartedMain] [DefaultListableBeanFactory:945] - Autowiring by type from bean name 'dataSourceScriptDatabaseInitializer' via factory method to bean named 'spring.sql.init-org.springframework.boot.autoconfigure.sql.init.SqlInitializationProperties'
DEBUG 24-11-07 19:16:59[restartedMain] [DefaultListableBeanFactory:225] - Creating shared instance of singleton bean 'sqlSessionTemplate'
DEBUG 24-11-07 19:16:59[restartedMain] [DefaultListableBeanFactory:225] - Creating shared instance of singleton bean 'org.mybatis.spring.boot.autoconfigure.MybatisAutoConfiguration'
DEBUG 24-11-07 19:16:59[restartedMain] [DefaultListableBeanFactory:225] - Creating shared instance of singleton bean 'mybatis-org.mybatis.spring.boot.autoconfigure.MybatisProperties'
DEBUG 24-11-07 19:16:59[restartedMain] [DefaultListableBeanFactory:945] - Autowiring by type from bean name 'org.mybatis.spring.boot.autoconfigure.MybatisAutoConfiguration' via constructor to bean named 'mybatis-org.mybatis.spring.boot.autoconfigure.MybatisProperties'
DEBUG 24-11-07 19:16:59[restartedMain] [DefaultListableBeanFactory:945] - Autowiring by type from bean name 'org.mybatis.spring.boot.autoconfigure.MybatisAutoConfiguration' via constructor to bean named 'org.springframework.boot.web.servlet.context.AnnotationConfigServletWebServerApplicationContext@30c0e7a3'
DEBUG 24-11-07 19:16:59[restartedMain] [DefaultListableBeanFactory:225] - Creating shared instance of singleton bean 'sqlSessionFactory'
DEBUG 24-11-07 19:16:59[restartedMain] [DefaultListableBeanFactory:945] - Autowiring by type from bean name 'sqlSessionFactory' via factory method to bean named 'dataSource'
DEBUG 24-11-07 19:16:59[restartedMain] [SqlSessionFactoryBean:49] - Parsed mapper file: 'file [D:\GithubWorkspace\sangbong3\sangbong3\mustacheajax\build\resources\main\mapper\board\BoardMybatisMapper.xml]'
DEBUG 24-11-07 19:16:59[restartedMain] [SqlSessionFactoryBean:49] - Parsed mapper file: 'file [D:\GithubWorkspace\sangbong3\sangbong3\mustacheajax\build\resources\main\mapper\board\comment\BoardCommentMybatisMapper.xml]'
DEBUG 24-11-07 19:16:59[restartedMain] [SqlSessionFactoryBean:49] - Parsed mapper file: 'file [D:\GithubWorkspace\sangbong3\sangbong3\mustacheajax\build\resources\main\mapper\category\CategoryMybatisMapper.xml]'
DEBUG 24-11-07 19:16:59[restartedMain] [SqlSessionFactoryBean:49] - Parsed mapper file: 'file [D:\GithubWorkspace\sangbong3\sangbong3\mustacheajax\build\resources\main\mapper\commentlike\CommentLikeMybatisMapper.xml]'
DEBUG 24-11-07 19:16:59[restartedMain] [SqlSessionFactoryBean:49] - Parsed mapper file: 'file [D:\GithubWorkspace\sangbong3\sangbong3\mustacheajax\build\resources\main\mapper\member\MemberMybatisMapper.xml]'
DEBUG 24-11-07 19:16:59[restartedMain] [SqlSessionFactoryBean:49] - Parsed mapper file: 'file [D:\GithubWorkspace\sangbong3\sangbong3\mustacheajax\build\resources\main\mapper\sbfile\SbFileMybatisMapper.xml]'
DEBUG 24-11-07 19:16:59[restartedMain] [SqlSessionFactoryBean:49] - Parsed mapper file: 'file [D:\GithubWorkspace\sangbong3\sangbong3\mustacheajax\build\resources\main\mapper\sblike\SbLikeMybatisMapper.xml]'
DEBUG 24-11-07 19:16:59[restartedMain] [DefaultListableBeanFactory:945] - Autowiring by type from bean name 'sqlSessionTemplate' via factory method to bean named 'sqlSessionFactory'
DEBUG 24-11-07 19:16:59[restartedMain] [DefaultListableBeanFactory:225] - Creating shared instance of singleton bean 'ISbLikeMybatisMapper'
DEBUG 24-11-07 19:16:59[restartedMain] [DefaultListableBeanFactory:225] - Creating shared instance of singleton bean 'ISbFileMybatisMapper'
DEBUG 24-11-07 19:16:59[restartedMain] [DefaultListableBeanFactory:225] - Creating shared instance of singleton bean 'sbFileServiceImpl'
DEBUG 24-11-07 19:16:59[restartedMain] [DefaultListableBeanFactory:225] - Creating shared instance of singleton bean 'fileCtrlService'
DEBUG 24-11-07 19:16:59[restartedMain] [PropertySourcesPropertyResolver:115] - Found key 'spring.servlet.multipart.location' in PropertySource 'environmentProperties' with value of type String
DEBUG 24-11-07 19:16:59[restartedMain] [DefaultListableBeanFactory:225] - Creating shared instance of singleton bean 'boardWebController'
DEBUG 24-11-07 19:16:59[restartedMain] [DefaultListableBeanFactory:225] - Creating shared instance of singleton bean 'boardWebRestController'
DEBUG 24-11-07 19:16:59[restartedMain] [DefaultListableBeanFactory:225] - Creating shared instance of singleton bean 'sbLikeServiceImpl'
DEBUG 24-11-07 19:16:59[restartedMain] [DefaultListableBeanFactory:225] - Creating shared instance of singleton bean 'boardCommentServiceImpl'
DEBUG 24-11-07 19:16:59[restartedMain] [DefaultListableBeanFactory:225] - Creating shared instance of singleton bean 'IBoardCommentMybatisMapper'
DEBUG 24-11-07 19:16:59[restartedMain] [DefaultListableBeanFactory:225] - Creating shared instance of singleton bean 'ICommentLikeMybatisMapper'
DEBUG 24-11-07 19:16:59[restartedMain] [DefaultListableBeanFactory:225] - Creating shared instance of singleton bean 'boardCommentWebRestController'
DEBUG 24-11-07 19:16:59[restartedMain] [DefaultListableBeanFactory:225] - Creating shared instance of singleton bean 'commentLikeServiceImpl'
DEBUG 24-11-07 19:16:59[restartedMain] [DefaultListableBeanFactory:225] - Creating shared instance of singleton bean 'categoryAjxController'
DEBUG 24-11-07 19:16:59[restartedMain] [DefaultListableBeanFactory:225] - Creating shared instance of singleton bean 'categoryServiceImpl'
DEBUG 24-11-07 19:16:59[restartedMain] [DefaultListableBeanFactory:225] - Creating shared instance of singleton bean 'ICategoryMybatisMapper'
DEBUG 24-11-07 19:16:59[restartedMain] [DefaultListableBeanFactory:225] - Creating shared instance of singleton bean 'categoryWebRestController'
DEBUG 24-11-07 19:16:59[restartedMain] [DefaultListableBeanFactory:225] - Creating shared instance of singleton bean 'catWebOldController'
DEBUG 24-11-07 19:16:59[restartedMain] [DefaultListableBeanFactory:225] - Creating shared instance of singleton bean 'memberServiceImpl'
DEBUG 24-11-07 19:16:59[restartedMain] [DefaultListableBeanFactory:225] - Creating shared instance of singleton bean 'IMemberMybatisMapper'
DEBUG 24-11-07 19:16:59[restartedMain] [DefaultListableBeanFactory:225] - Creating shared instance of singleton bean 'encoder'
DEBUG 24-11-07 19:16:59[restartedMain] [DefaultListableBeanFactory:225] - Creating shared instance of singleton bean 'sbPasswordEncoder'
DEBUG 24-11-07 19:16:59[restartedMain] [DefaultListableBeanFactory:225] - Creating shared instance of singleton bean 'memberWebController'
DEBUG 24-11-07 19:16:59[restartedMain] [DefaultListableBeanFactory:225] - Creating shared instance of singleton bean 'memberWebRestController'
DEBUG 24-11-07 19:16:59[restartedMain] [DefaultListableBeanFactory:225] - Creating shared instance of singleton bean 'sbFileWebRestController'
DEBUG 24-11-07 19:16:59[restartedMain] [DefaultListableBeanFactory:225] - Creating shared instance of singleton bean 'securityConfig'
DEBUG 24-11-07 19:16:59[restartedMain] [DefaultListableBeanFactory:225] - Creating shared instance of singleton bean 'adminController'
DEBUG 24-11-07 19:16:59[restartedMain] [DefaultListableBeanFactory:225] - Creating shared instance of singleton bean 'allControllerAdvice'
DEBUG 24-11-07 19:16:59[restartedMain] [DefaultListableBeanFactory:225] - Creating shared instance of singleton bean 'indexController'
DEBUG 24-11-07 19:16:59[restartedMain] [DefaultListableBeanFactory:225] - Creating shared instance of singleton bean 'loginCookieController'
DEBUG 24-11-07 19:16:59[restartedMain] [DefaultListableBeanFactory:225] - Creating shared instance of singleton bean 'loginSessionController'
DEBUG 24-11-07 19:16:59[restartedMain] [DefaultListableBeanFactory:225] - Creating shared instance of singleton bean 'userController'
DEBUG 24-11-07 19:16:59[restartedMain] [DefaultListableBeanFactory:225] - Creating shared instance of singleton bean 'stompChatController'
DEBUG 24-11-07 19:16:59[restartedMain] [DefaultListableBeanFactory:225] - Creating shared instance of singleton bean 'brokerMessagingTemplate'
DEBUG 24-11-07 19:16:59[restartedMain] [DefaultListableBeanFactory:225] - Creating shared instance of singleton bean 'org.springframework.web.socket.config.annotation.DelegatingWebSocketMessageBrokerConfiguration'
DEBUG 24-11-07 19:16:59[restartedMain] [DefaultListableBeanFactory:225] - Creating shared instance of singleton bean 'stompConfiguration'
DEBUG 24-11-07 19:16:59[restartedMain] [DefaultListableBeanFactory:225] - Creating shared instance of singleton bean 'org.springframework.boot.autoconfigure.websocket.servlet.WebSocketMessagingAutoConfiguration$WebSocketMessageConverterConfiguration'
DEBUG 24-11-07 19:16:59[restartedMain] [DefaultListableBeanFactory:225] - Creating shared instance of singleton bean 'jacksonObjectMapper'
DEBUG 24-11-07 19:16:59[restartedMain] [DefaultListableBeanFactory:225] - Creating shared instance of singleton bean 'org.springframework.boot.autoconfigure.jackson.JacksonAutoConfiguration$JacksonObjectMapperConfiguration'
DEBUG 24-11-07 19:16:59[restartedMain] [DefaultListableBeanFactory:225] - Creating shared instance of singleton bean 'org.springframework.boot.autoconfigure.jackson.JacksonAutoConfiguration$JacksonObjectMapperBuilderConfiguration'
DEBUG 24-11-07 19:16:59[restartedMain] [DefaultListableBeanFactory:225] - Creating shared instance of singleton bean 'standardJacksonObjectMapperBuilderCustomizer'
DEBUG 24-11-07 19:16:59[restartedMain] [DefaultListableBeanFactory:225] - Creating shared instance of singleton bean 'org.springframework.boot.autoconfigure.jackson.JacksonAutoConfiguration$Jackson2ObjectMapperBuilderCustomizerConfiguration'
DEBUG 24-11-07 19:16:59[restartedMain] [DefaultListableBeanFactory:225] - Creating shared instance of singleton bean 'spring.jackson-org.springframework.boot.autoconfigure.jackson.JacksonProperties'
DEBUG 24-11-07 19:16:59[restartedMain] [DefaultListableBeanFactory:945] - Autowiring by type from bean name 'standardJacksonObjectMapperBuilderCustomizer' via factory method to bean named 'spring.jackson-org.springframework.boot.autoconfigure.jackson.JacksonProperties'
DEBUG 24-11-07 19:16:59[restartedMain] [DefaultListableBeanFactory:225] - Creating shared instance of singleton bean 'parameterNamesModule'
DEBUG 24-11-07 19:16:59[restartedMain] [DefaultListableBeanFactory:225] - Creating shared instance of singleton bean 'org.springframework.boot.autoconfigure.jackson.JacksonAutoConfiguration$ParameterNamesModuleConfiguration'
DEBUG 24-11-07 19:16:59[restartedMain] [DefaultListableBeanFactory:225] - Creating shared instance of singleton bean 'jsonMixinModule'
DEBUG 24-11-07 19:16:59[restartedMain] [DefaultListableBeanFactory:225] - Creating shared instance of singleton bean 'org.springframework.boot.autoconfigure.jackson.JacksonAutoConfiguration$JacksonMixinConfiguration'
DEBUG 24-11-07 19:16:59[restartedMain] [DefaultListableBeanFactory:225] - Creating shared instance of singleton bean 'jsonMixinModuleEntries'
DEBUG 24-11-07 19:16:59[restartedMain] [DefaultListableBeanFactory:945] - Autowiring by type from bean name 'jsonMixinModuleEntries' via factory method to bean named 'org.springframework.boot.web.servlet.context.AnnotationConfigServletWebServerApplicationContext@30c0e7a3'
DEBUG 24-11-07 19:16:59[restartedMain] [DefaultListableBeanFactory:945] - Autowiring by type from bean name 'jsonMixinModule' via factory method to bean named 'org.springframework.boot.web.servlet.context.AnnotationConfigServletWebServerApplicationContext@30c0e7a3'
DEBUG 24-11-07 19:16:59[restartedMain] [DefaultListableBeanFactory:945] - Autowiring by type from bean name 'jsonMixinModule' via factory method to bean named 'jsonMixinModuleEntries'
DEBUG 24-11-07 19:16:59[restartedMain] [DefaultListableBeanFactory:225] - Creating shared instance of singleton bean 'jsonComponentModule'
DEBUG 24-11-07 19:16:59[restartedMain] [DefaultListableBeanFactory:225] - Creating shared instance of singleton bean 'org.springframework.boot.autoconfigure.jackson.JacksonAutoConfiguration'
DEBUG 24-11-07 19:16:59[restartedMain] [DefaultListableBeanFactory:945] - Autowiring by type from bean name 'jacksonObjectMapperBuilder' via factory method to bean named 'org.springframework.boot.web.servlet.context.AnnotationConfigServletWebServerApplicationContext@30c0e7a3'
DEBUG 24-11-07 19:16:59[restartedMain] [DefaultListableBeanFactory:945] - Autowiring by type from bean name 'jacksonObjectMapperBuilder' via factory method to bean named 'standardJacksonObjectMapperBuilderCustomizer'
DEBUG 24-11-07 19:16:59[restartedMain] [DefaultListableBeanFactory:945] - Autowiring by type from bean name 'jacksonObjectMapper' via factory method to bean named 'jacksonObjectMapperBuilder'
DEBUG 24-11-07 19:16:59[restartedMain] [DefaultListableBeanFactory:945] - Autowiring by type from bean name 'org.springframework.boot.autoconfigure.websocket.servlet.WebSocketMessagingAutoConfiguration$WebSocketMessageConverterConfiguration' via constructor to bean named 'jacksonObjectMapper'
DEBUG 24-11-07 19:16:59[restartedMain] [DefaultListableBeanFactory:225] - Creating shared instance of singleton bean 'brokerChannel'
DEBUG 24-11-07 19:16:59[restartedMain] [DefaultListableBeanFactory:225] - Creating shared instance of singleton bean 'clientInboundChannel'
DEBUG 24-11-07 19:16:59[restartedMain] [DefaultListableBeanFactory:225] - Creating shared instance of singleton bean 'clientInboundChannelExecutor'
DEBUG 24-11-07 19:16:59[restartedMain] [ThreadPoolTaskExecutor:264] - Initializing ExecutorService 'clientInboundChannelExecutor'
DEBUG 24-11-07 19:16:59[restartedMain] [DefaultListableBeanFactory:945] - Autowiring by type from bean name 'clientInboundChannel' via factory method to bean named 'clientInboundChannelExecutor'
DEBUG 24-11-07 19:16:59[restartedMain] [DefaultListableBeanFactory:225] - Creating shared instance of singleton bean 'clientOutboundChannel'
DEBUG 24-11-07 19:16:59[restartedMain] [DefaultListableBeanFactory:225] - Creating shared instance of singleton bean 'clientOutboundChannelExecutor'
DEBUG 24-11-07 19:16:59[restartedMain] [ThreadPoolTaskExecutor:264] - Initializing ExecutorService 'clientOutboundChannelExecutor'
DEBUG 24-11-07 19:16:59[restartedMain] [DefaultListableBeanFactory:945] - Autowiring by type from bean name 'clientOutboundChannel' via factory method to bean named 'clientOutboundChannelExecutor'
DEBUG 24-11-07 19:16:59[restartedMain] [DefaultListableBeanFactory:225] - Creating shared instance of singleton bean 'brokerChannelExecutor'
DEBUG 24-11-07 19:16:59[restartedMain] [DefaultListableBeanFactory:945] - Autowiring by type from bean name 'brokerChannelExecutor' via factory method to bean named 'clientInboundChannel'
DEBUG 24-11-07 19:16:59[restartedMain] [DefaultListableBeanFactory:945] - Autowiring by type from bean name 'brokerChannelExecutor' via factory method to bean named 'clientOutboundChannel'
DEBUG 24-11-07 19:16:59[restartedMain] [ThreadPoolTaskExecutor:264] - Initializing ExecutorService 'brokerChannelExecutor'
DEBUG 24-11-07 19:16:59[restartedMain] [DefaultListableBeanFactory:945] - Autowiring by type from bean name 'brokerChannel' via factory method to bean named 'clientInboundChannel'
DEBUG 24-11-07 19:16:59[restartedMain] [DefaultListableBeanFactory:945] - Autowiring by type from bean name 'brokerChannel' via factory method to bean named 'clientOutboundChannel'
DEBUG 24-11-07 19:16:59[restartedMain] [DefaultListableBeanFactory:945] - Autowiring by type from bean name 'brokerChannel' via factory method to bean named 'brokerChannelExecutor'
DEBUG 24-11-07 19:16:59[restartedMain] [DefaultListableBeanFactory:225] - Creating shared instance of singleton bean 'brokerMessageConverter'
DEBUG 24-11-07 19:16:59[restartedMain] [DefaultListableBeanFactory:945] - Autowiring by type from bean name 'brokerMessagingTemplate' via factory method to bean named 'brokerChannel'
DEBUG 24-11-07 19:16:59[restartedMain] [DefaultListableBeanFactory:945] - Autowiring by type from bean name 'brokerMessagingTemplate' via factory method to bean named 'clientInboundChannel'
DEBUG 24-11-07 19:16:59[restartedMain] [DefaultListableBeanFactory:945] - Autowiring by type from bean name 'brokerMessagingTemplate' via factory method to bean named 'clientOutboundChannel'
DEBUG 24-11-07 19:16:59[restartedMain] [DefaultListableBeanFactory:945] - Autowiring by type from bean name 'brokerMessagingTemplate' via factory method to bean named 'brokerMessageConverter'
DEBUG 24-11-07 19:16:59[restartedMain] [DefaultListableBeanFactory:225] - Creating shared instance of singleton bean 'stompRoomService'
DEBUG 24-11-07 19:16:59[restartedMain] [DefaultListableBeanFactory:225] - Creating shared instance of singleton bean 'stompRoomController'
DEBUG 24-11-07 19:16:59[restartedMain] [DefaultListableBeanFactory:225] - Creating shared instance of singleton bean 'org.springframework.security.config.annotation.configuration.ObjectPostProcessorConfiguration'
DEBUG 24-11-07 19:16:59[restartedMain] [DefaultListableBeanFactory:225] - Creating shared instance of singleton bean 'objectPostProcessor'
DEBUG 24-11-07 19:16:59[restartedMain] [DefaultListableBeanFactory:945] - Autowiring by type from bean name 'objectPostProcessor' via factory method to bean named 'org.springframework.beans.factory.support.DefaultListableBeanFactory@5fcc91a'
DEBUG 24-11-07 19:16:59[restartedMain] [DefaultListableBeanFactory:225] - Creating shared instance of singleton bean 'org.springframework.security.config.annotation.authentication.configuration.AuthenticationConfiguration'
DEBUG 24-11-07 19:16:59[restartedMain] [DefaultListableBeanFactory:225] - Creating shared instance of singleton bean 'enableGlobalAuthenticationAutowiredConfigurer'
DEBUG 24-11-07 19:16:59[restartedMain] [DefaultListableBeanFactory:945] - Autowiring by type from bean name 'enableGlobalAuthenticationAutowiredConfigurer' via factory method to bean named 'org.springframework.boot.web.servlet.context.AnnotationConfigServletWebServerApplicationContext@30c0e7a3'
DEBUG 24-11-07 19:16:59[restartedMain] [DefaultListableBeanFactory:225] - Creating shared instance of singleton bean 'initializeUserDetailsBeanManagerConfigurer'
DEBUG 24-11-07 19:16:59[restartedMain] [DefaultListableBeanFactory:945] - Autowiring by type from bean name 'initializeUserDetailsBeanManagerConfigurer' via factory method to bean named 'org.springframework.boot.web.servlet.context.AnnotationConfigServletWebServerApplicationContext@30c0e7a3'
DEBUG 24-11-07 19:16:59[restartedMain] [DefaultListableBeanFactory:225] - Creating shared instance of singleton bean 'initializeAuthenticationProviderBeanManagerConfigurer'
DEBUG 24-11-07 19:16:59[restartedMain] [DefaultListableBeanFactory:945] - Autowiring by type from bean name 'initializeAuthenticationProviderBeanManagerConfigurer' via factory method to bean named 'org.springframework.boot.web.servlet.context.AnnotationConfigServletWebServerApplicationContext@30c0e7a3'
DEBUG 24-11-07 19:16:59[restartedMain] [DefaultListableBeanFactory:225] - Creating shared instance of singleton bean 'authenticationManagerBuilder'
DEBUG 24-11-07 19:16:59[restartedMain] [DefaultListableBeanFactory:945] - Autowiring by type from bean name 'authenticationManagerBuilder' via factory method to bean named 'objectPostProcessor'
DEBUG 24-11-07 19:16:59[restartedMain] [DefaultListableBeanFactory:945] - Autowiring by type from bean name 'authenticationManagerBuilder' via factory method to bean named 'org.springframework.boot.web.servlet.context.AnnotationConfigServletWebServerApplicationContext@30c0e7a3'
DEBUG 24-11-07 19:16:59[restartedMain] [DefaultListableBeanFactory:225] - Creating shared instance of singleton bean 'authenticationEventPublisher'
DEBUG 24-11-07 19:16:59[restartedMain] [DefaultListableBeanFactory:225] - Creating shared instance of singleton bean 'org.springframework.boot.autoconfigure.security.servlet.SecurityAutoConfiguration'
DEBUG 24-11-07 19:16:59[restartedMain] [DefaultListableBeanFactory:945] - Autowiring by type from bean name 'authenticationEventPublisher' via factory method to bean named 'org.springframework.boot.web.servlet.context.AnnotationConfigServletWebServerApplicationContext@30c0e7a3'
DEBUG 24-11-07 19:16:59[restartedMain] [DefaultListableBeanFactory:225] - Creating shared instance of singleton bean 'org.springframework.security.config.annotation.web.configuration.WebSecurityConfiguration'
DEBUG 24-11-07 19:16:59[restartedMain] [DefaultListableBeanFactory:225] - Creating shared instance of singleton bean 'org.springframework.security.config.annotation.web.configuration.HttpSecurityConfiguration'
DEBUG 24-11-07 19:16:59[restartedMain] [DefaultListableBeanFactory:225] - Creating shared instance of singleton bean 'mvcContentNegotiationManager'
DEBUG 24-11-07 19:16:59[restartedMain] [DefaultListableBeanFactory:225] - Creating shared instance of singleton bean 'org.springframework.boot.autoconfigure.web.servlet.WebMvcAutoConfiguration$EnableWebMvcConfiguration'
DEBUG 24-11-07 19:16:59[restartedMain] [DefaultListableBeanFactory:225] - Creating shared instance of singleton bean 'spring.web-org.springframework.boot.autoconfigure.web.WebProperties'
DEBUG 24-11-07 19:16:59[restartedMain] [DefaultListableBeanFactory:945] - Autowiring by type from bean name 'org.springframework.boot.autoconfigure.web.servlet.WebMvcAutoConfiguration$EnableWebMvcConfiguration' via constructor to bean named 'spring.mvc-org.springframework.boot.autoconfigure.web.servlet.WebMvcProperties'
DEBUG 24-11-07 19:16:59[restartedMain] [DefaultListableBeanFactory:945] - Autowiring by type from bean name 'org.springframework.boot.autoconfigure.web.servlet.WebMvcAutoConfiguration$EnableWebMvcConfiguration' via constructor to bean named 'spring.web-org.springframework.boot.autoconfigure.web.WebProperties'
DEBUG 24-11-07 19:16:59[restartedMain] [DefaultListableBeanFactory:945] - Autowiring by type from bean name 'org.springframework.boot.autoconfigure.web.servlet.WebMvcAutoConfiguration$EnableWebMvcConfiguration' via constructor to bean named 'org.springframework.beans.factory.support.DefaultListableBeanFactory@5fcc91a'
DEBUG 24-11-07 19:16:59[restartedMain] [DefaultListableBeanFactory:225] - Creating shared instance of singleton bean 'org.springframework.security.config.annotation.web.configuration.WebMvcSecurityConfiguration'
DEBUG 24-11-07 19:16:59[restartedMain] [DefaultListableBeanFactory:225] - Creating shared instance of singleton bean 'org.springframework.boot.autoconfigure.web.servlet.WebMvcAutoConfiguration$WebMvcAutoConfigurationAdapter'
DEBUG 24-11-07 19:16:59[restartedMain] [DefaultListableBeanFactory:945] - Autowiring by type from bean name 'org.springframework.boot.autoconfigure.web.servlet.WebMvcAutoConfiguration$WebMvcAutoConfigurationAdapter' via constructor to bean named 'spring.web-org.springframework.boot.autoconfigure.web.WebProperties'
DEBUG 24-11-07 19:16:59[restartedMain] [DefaultListableBeanFactory:945] - Autowiring by type from bean name 'org.springframework.boot.autoconfigure.web.servlet.WebMvcAutoConfiguration$WebMvcAutoConfigurationAdapter' via constructor to bean named 'spring.mvc-org.springframework.boot.autoconfigure.web.servlet.WebMvcProperties'
DEBUG 24-11-07 19:16:59[restartedMain] [DefaultListableBeanFactory:945] - Autowiring by type from bean name 'org.springframework.boot.autoconfigure.web.servlet.WebMvcAutoConfiguration$WebMvcAutoConfigurationAdapter' via constructor to bean named 'org.springframework.beans.factory.support.DefaultListableBeanFactory@5fcc91a'
DEBUG 24-11-07 19:16:59[restartedMain] [DefaultListableBeanFactory:225] - Creating shared instance of singleton bean 'inMemoryUserDetailsManager'
DEBUG 24-11-07 19:16:59[restartedMain] [DefaultListableBeanFactory:225] - Creating shared instance of singleton bean 'org.springframework.boot.autoconfigure.security.servlet.UserDetailsServiceAutoConfiguration'
DEBUG 24-11-07 19:16:59[restartedMain] [DefaultListableBeanFactory:945] - Autowiring by type from bean name 'inMemoryUserDetailsManager' via factory method to bean named 'spring.security-org.springframework.boot.autoconfigure.security.SecurityProperties'
WARN  24-11-07 19:16:59[restartedMain] [UserDetailsServiceAutoConfiguration:86] - 

Using generated security password: a6873376-e681-46ec-965f-7d7e685333fb

This generated password is for development use only. Your security configuration must be updated before running your application in production.

INFO  24-11-07 19:16:59[restartedMain] [InitializeUserDetailsBeanManagerConfigurer$InitializeUserDetailsManagerConfigurer:113] - Global AuthenticationManager configured with UserDetailsService bean with name inMemoryUserDetailsManager
DEBUG 24-11-07 19:16:59[restartedMain] [DefaultListableBeanFactory:225] - Creating shared instance of singleton bean 'mvcHandlerMappingIntrospectorRequestTransformer'
DEBUG 24-11-07 19:16:59[restartedMain] [DefaultListableBeanFactory:225] - Creating shared instance of singleton bean 'mvcHandlerMappingIntrospector'
DEBUG 24-11-07 19:16:59[restartedMain] [DefaultListableBeanFactory:225] - Creating shared instance of singleton bean 'stompWebSocketHandlerMapping'
DEBUG 24-11-07 19:16:59[restartedMain] [DefaultListableBeanFactory:225] - Creating shared instance of singleton bean 'subProtocolWebSocketHandler'
DEBUG 24-11-07 19:16:59[restartedMain] [DefaultListableBeanFactory:945] - Autowiring by type from bean name 'subProtocolWebSocketHandler' via factory method to bean named 'clientInboundChannel'
DEBUG 24-11-07 19:16:59[restartedMain] [DefaultListableBeanFactory:945] - Autowiring by type from bean name 'subProtocolWebSocketHandler' via factory method to bean named 'clientOutboundChannel'
DEBUG 24-11-07 19:17:00[restartedMain] [DefaultListableBeanFactory:225] - Creating shared instance of singleton bean 'messageBrokerTaskScheduler'
DEBUG 24-11-07 19:17:00[restartedMain] [ThreadPoolTaskScheduler:264] - Initializing ExecutorService 'messageBrokerTaskScheduler'
DEBUG 24-11-07 19:17:00[restartedMain] [DefaultListableBeanFactory:945] - Autowiring by type from bean name 'stompWebSocketHandlerMapping' via factory method to bean named 'subProtocolWebSocketHandler'
DEBUG 24-11-07 19:17:00[restartedMain] [DefaultListableBeanFactory:945] - Autowiring by type from bean name 'stompWebSocketHandlerMapping' via factory method to bean named 'messageBrokerTaskScheduler'
DEBUG 24-11-07 19:17:00[restartedMain] [DefaultListableBeanFactory:945] - Autowiring by type from bean name 'stompWebSocketHandlerMapping' via factory method to bean named 'clientInboundChannel'
DEBUG 24-11-07 19:17:00[restartedMain] [Mappings:176] - 'stompWebSocketHandlerMapping' {/stompend/**=org.springframework.web.socket.sockjs.support.SockJsHttpRequestHandler@666fdfdb}
DEBUG 24-11-07 19:17:00[restartedMain] [DefaultListableBeanFactory:225] - Creating shared instance of singleton bean 'welcomePageHandlerMapping'
DEBUG 24-11-07 19:17:00[restartedMain] [DefaultListableBeanFactory:225] - Creating shared instance of singleton bean 'mvcConversionService'
DEBUG 24-11-07 19:17:00[restartedMain] [DefaultListableBeanFactory:225] - Creating shared instance of singleton bean 'mvcResourceUrlProvider'
DEBUG 24-11-07 19:17:00[restartedMain] [DefaultListableBeanFactory:945] - Autowiring by type from bean name 'welcomePageHandlerMapping' via factory method to bean named 'org.springframework.boot.web.servlet.context.AnnotationConfigServletWebServerApplicationContext@30c0e7a3'
DEBUG 24-11-07 19:17:00[restartedMain] [DefaultListableBeanFactory:945] - Autowiring by type from bean name 'welcomePageHandlerMapping' via factory method to bean named 'mvcConversionService'
DEBUG 24-11-07 19:17:00[restartedMain] [DefaultListableBeanFactory:945] - Autowiring by type from bean name 'welcomePageHandlerMapping' via factory method to bean named 'mvcResourceUrlProvider'
INFO  24-11-07 19:17:00[restartedMain] [WelcomePageHandlerMapping:59] - Adding welcome page template: index
DEBUG 24-11-07 19:17:00[restartedMain] [DefaultListableBeanFactory:225] - Creating shared instance of singleton bean 'welcomePageNotAcceptableHandlerMapping'
DEBUG 24-11-07 19:17:00[restartedMain] [DefaultListableBeanFactory:945] - Autowiring by type from bean name 'welcomePageNotAcceptableHandlerMapping' via factory method to bean named 'org.springframework.boot.web.servlet.context.AnnotationConfigServletWebServerApplicationContext@30c0e7a3'
DEBUG 24-11-07 19:17:00[restartedMain] [DefaultListableBeanFactory:945] - Autowiring by type from bean name 'welcomePageNotAcceptableHandlerMapping' via factory method to bean named 'mvcConversionService'
DEBUG 24-11-07 19:17:00[restartedMain] [DefaultListableBeanFactory:945] - Autowiring by type from bean name 'welcomePageNotAcceptableHandlerMapping' via factory method to bean named 'mvcResourceUrlProvider'
DEBUG 24-11-07 19:17:00[restartedMain] [DefaultListableBeanFactory:225] - Creating shared instance of singleton bean 'requestMappingHandlerMapping'
DEBUG 24-11-07 19:17:00[restartedMain] [DefaultListableBeanFactory:945] - Autowiring by type from bean name 'requestMappingHandlerMapping' via factory method to bean named 'mvcContentNegotiationManager'
DEBUG 24-11-07 19:17:00[restartedMain] [DefaultListableBeanFactory:945] - Autowiring by type from bean name 'requestMappingHandlerMapping' via factory method to bean named 'mvcConversionService'
DEBUG 24-11-07 19:17:00[restartedMain] [DefaultListableBeanFactory:945] - Autowiring by type from bean name 'requestMappingHandlerMapping' via factory method to bean named 'mvcResourceUrlProvider'
DEBUG 24-11-07 19:17:00[restartedMain] [Mappings:294] - 
	c.s.m.b.BoardWebController:
	{GET [/board/board_ajx_list]}: boardAjxList(Model,HttpServletRequest,HttpServletResponse,HttpSession)
DEBUG 24-11-07 19:17:00[restartedMain] [Mappings:294] - 
	c.s.m.b.BoardWebRestController:
	{PATCH [/api/v1/board/{id}]}: update(Model,Long,BoardDto,List,List)
	{POST [/api/v1/board]}: insert(Model,BoardDto,List)
	{GET [/api/v1/board/like/{id}]}: addLikeQty(Model,Long)
	{DELETE [/api/v1/board/deleteFlag/{id}]}: updateDeleteFlag(Model,Long,BoardDto)
	{GET [/api/v1/board/unlike/{id}]}: subLikeQty(Model,Long)
	{DELETE [/api/v1/board/{id}]}: deleteById(Model,Long)
	{GET [/api/v1/board/{id}]}: findById(Model,Long)
	{POST [/api/v1/board/searchName]}: findAllByNameContains(Model,SearchAjaxDto)
	{POST [/api/v1/board/countName]}: countAllByNameContains(Model,SearchAjaxDto)
DEBUG 24-11-07 19:17:00[restartedMain] [Mappings:294] - 
	c.s.m.b.c.BoardCommentWebRestController:
	{PATCH [/api/v1/boardcomment/{id}]}: update(Model,Long,BoardCommentDto)
	{POST [/api/v1/boardcomment]}: insert(Model,BoardCommentDto)
	{GET [/api/v1/boardcomment/like/{id}]}: addLikeQty(Model,Long)
	{DELETE [/api/v1/boardcomment/deleteFlag/{id}]}: updateDeleteFlag(Model,Long,BoardCommentDto)
	{GET [/api/v1/boardcomment/unlike/{id}]}: subLikeQty(Model,Long)
	{DELETE [/api/v1/boardcomment/{id}]}: deleteById(Model,Long)
	{GET [/api/v1/boardcomment/{id}]}: findById(Model,Long)
	{POST [/api/v1/boardcomment/findbyboardid]}: findByBoardId(Model,SearchBoardCommentDto)
DEBUG 24-11-07 19:17:00[restartedMain] [Mappings:294] - 
	c.s.m.c.CategoryAjxController:
	{GET [/catajx/category_ajx_list]}: category_ajx_list(Model)
DEBUG 24-11-07 19:17:00[restartedMain] [Mappings:294] - 
	c.s.m.c.CategoryWebRestController:
	{PATCH [/api/vi/cat/{id}]}: update(Long,CategoryDto)
	{POST [/api/vi/cat]}: insert(CategoryDto)
	{DELETE [/api/vi/cat/{id}]}: delete(Long)
	{GET [/api/vi/cat]}: getAll()
	{GET [/api/vi/cat/{id}]}: findById(Long)
	{POST [/api/vi/cat/searchName]}: findAllByNameContains(Model,SearchAjaxDto)
	{POST [/api/vi/cat/countName]}: countAllByNameContains(Model,SearchAjaxDto)
DEBUG 24-11-07 19:17:00[restartedMain] [Mappings:294] - 
	c.s.m.c.CatWebOldController:
	{GET [/catweb/category_list]}: categoryList(Model,int,String)
	{GET [/catweb/category_add]}: categoryAdd(Model)
	{GET [/catweb/category_view]}: categoryView(Model,Long)
	{POST [/catweb/category_insert]}: categoryInsert(CategoryDto)
	{POST [/catweb/category_update]}: categoryUpdate(CategoryDto)
	{GET [/catweb/category_delete]}: categoryDelete(Long)
DEBUG 24-11-07 19:17:00[restartedMain] [Mappings:294] - 
	c.s.m.m.MemberWebController:
	{GET [/member/member_ajx_list]}: member_ajx_list(Model)
DEBUG 24-11-07 19:17:00[restartedMain] [Mappings:294] - 
	c.s.m.m.MemberWebRestController:
	{PATCH [/api/v1/member/{id}]}: update(Model,Long,MemberDto)
	{POST [/api/v1/member]}: insert(Model,MemberDto)
	{DELETE [/api/v1/member/deleteFlag/{id}]}: updateDeleteFlag(Model,Long,MemberDto)
	{DELETE [/api/v1/member/{id}]}: deleteById(Model,Long)
	{GET [/api/v1/member/{id}]}: findById(Model,Long)
	{POST [/api/v1/member/searchName]}: findAllByNameContains(Model,SearchAjaxDto)
	{POST [/api/v1/member/countName]}: countAllByNameContains(Model,SearchAjaxDto)
DEBUG 24-11-07 19:17:00[restartedMain] [Mappings:294] - 
	c.s.m.s.SbFileWebRestController:
	{POST [/api/v1/sbfile/findbyboardid]}: findByBoardId(Model,SbFileDto)
	{GET [/api/v1/sbfile/downloadfile/{tbl}/{name}/{uniqName}/{fileType}]}: downloadFile(Model,String,String,String,String)
	{GET [/api/v1/sbfile/downloadfileid/{id}]}: downloadFile(Model,Long)
DEBUG 24-11-07 19:17:00[restartedMain] [Mappings:294] - 
	c.s.m.s.c.AdminController:
	{GET [/admin/infoCookie]}: showInfoCookie(Model,String)
	{GET [/admin/infoSession]}: showInfoSession(Model)
DEBUG 24-11-07 19:17:00[restartedMain] [Mappings:294] - 
	c.s.m.s.c.IndexController:
	{GET [/]}: index(Model,String)
	{GET [/signout]}: signout(HttpServletResponse,HttpSession)
DEBUG 24-11-07 19:17:00[restartedMain] [Mappings:294] - 
	c.s.m.s.c.LoginCookieController:
	{GET [/cologin/logout]}: logout(HttpServletResponse)
	{GET [/cologin/signup]}: viewSignUp()
	{POST [/cologin/signin]}: signin(Model,LoginRequest,HttpServletResponse)
	{GET [/cologin/login]}: viewLogin()
	{POST [/cologin/signup]}: signUp(Model,SignUpRequest,BindingResult)
DEBUG 24-11-07 19:17:00[restartedMain] [Mappings:294] - 
	c.s.m.s.c.LoginSessionController:
	{GET [/selogin/logout]}: logout(HttpServletResponse)
	{GET [/selogin/signup]}: viewSignUp()
	{POST [/selogin/signin]}: signin(Model,LoginRequest,HttpServletRequest)
	{GET [/selogin/login]}: viewLogin()
	{POST [/selogin/signup]}: signUp(Model,SignUpRequest,BindingResult)
DEBUG 24-11-07 19:17:00[restartedMain] [Mappings:294] - 
	c.s.m.s.c.UserController:
	{GET [/user/infoCookie]}: showInfoCookie(Model,String)
	{GET [/user/infoSession]}: showInfoSession(Model)
DEBUG 24-11-07 19:17:00[restartedMain] [Mappings:294] - 
	c.s.m.s.StompChatController:
	
DEBUG 24-11-07 19:17:00[restartedMain] [Mappings:294] - 
	c.s.m.s.StompRoomController:
	{GET [/stomp/enter]}: enterStompRoom(Model,HttpServletRequest,String,String)
	{POST [/stomp/create]}: createStompRoom(Model,String,String)
	{GET [/stomp/list]}: stompRoomList(Model)
DEBUG 24-11-07 19:17:00[restartedMain] [Mappings:294] - 
	o.s.b.a.w.s.e.BasicErrorController:
	{ [/error]}: error(HttpServletRequest)
	{ [/error], produces [text/html]}: errorHtml(HttpServletRequest,HttpServletResponse)
DEBUG 24-11-07 19:17:00[restartedMain] [RequestMappingHandlerMapping:366] - 64 mappings in 'requestMappingHandlerMapping'
DEBUG 24-11-07 19:17:00[restartedMain] [DefaultListableBeanFactory:225] - Creating shared instance of singleton bean 'viewControllerHandlerMapping'
DEBUG 24-11-07 19:17:00[restartedMain] [DefaultListableBeanFactory:945] - Autowiring by type from bean name 'viewControllerHandlerMapping' via factory method to bean named 'mvcConversionService'
DEBUG 24-11-07 19:17:00[restartedMain] [DefaultListableBeanFactory:945] - Autowiring by type from bean name 'viewControllerHandlerMapping' via factory method to bean named 'mvcResourceUrlProvider'
DEBUG 24-11-07 19:17:00[restartedMain] [DefaultListableBeanFactory:225] - Creating shared instance of singleton bean 'beanNameHandlerMapping'
DEBUG 24-11-07 19:17:00[restartedMain] [DefaultListableBeanFactory:945] - Autowiring by type from bean name 'beanNameHandlerMapping' via factory method to bean named 'mvcConversionService'
DEBUG 24-11-07 19:17:00[restartedMain] [DefaultListableBeanFactory:945] - Autowiring by type from bean name 'beanNameHandlerMapping' via factory method to bean named 'mvcResourceUrlProvider'
DEBUG 24-11-07 19:17:00[restartedMain] [Mappings:86] - 'beanNameHandlerMapping' {}
DEBUG 24-11-07 19:17:00[restartedMain] [DefaultListableBeanFactory:225] - Creating shared instance of singleton bean 'routerFunctionMapping'
DEBUG 24-11-07 19:17:00[restartedMain] [DefaultListableBeanFactory:945] - Autowiring by type from bean name 'routerFunctionMapping' via factory method to bean named 'mvcConversionService'
DEBUG 24-11-07 19:17:00[restartedMain] [DefaultListableBeanFactory:945] - Autowiring by type from bean name 'routerFunctionMapping' via factory method to bean named 'mvcResourceUrlProvider'
DEBUG 24-11-07 19:17:00[restartedMain] [DefaultListableBeanFactory:225] - Creating shared instance of singleton bean 'messageConverters'
DEBUG 24-11-07 19:17:00[restartedMain] [DefaultListableBeanFactory:225] - Creating shared instance of singleton bean 'org.springframework.boot.autoconfigure.http.HttpMessageConvertersAutoConfiguration'
DEBUG 24-11-07 19:17:00[restartedMain] [DefaultListableBeanFactory:225] - Creating shared instance of singleton bean 'stringHttpMessageConverter'
DEBUG 24-11-07 19:17:00[restartedMain] [DefaultListableBeanFactory:225] - Creating shared instance of singleton bean 'org.springframework.boot.autoconfigure.http.HttpMessageConvertersAutoConfiguration$StringHttpMessageConverterConfiguration'
DEBUG 24-11-07 19:17:00[restartedMain] [DefaultListableBeanFactory:945] - Autowiring by type from bean name 'stringHttpMessageConverter' via factory method to bean named 'environment'
DEBUG 24-11-07 19:17:00[restartedMain] [DefaultListableBeanFactory:225] - Creating shared instance of singleton bean 'mappingJackson2HttpMessageConverter'
DEBUG 24-11-07 19:17:00[restartedMain] [DefaultListableBeanFactory:225] - Creating shared instance of singleton bean 'org.springframework.boot.autoconfigure.http.JacksonHttpMessageConvertersConfiguration$MappingJackson2HttpMessageConverterConfiguration'
DEBUG 24-11-07 19:17:00[restartedMain] [DefaultListableBeanFactory:945] - Autowiring by type from bean name 'mappingJackson2HttpMessageConverter' via factory method to bean named 'jacksonObjectMapper'
DEBUG 24-11-07 19:17:00[restartedMain] [DefaultListableBeanFactory:225] - Creating shared instance of singleton bean 'resourceHandlerMapping'
DEBUG 24-11-07 19:17:00[restartedMain] [DefaultListableBeanFactory:945] - Autowiring by type from bean name 'resourceHandlerMapping' via factory method to bean named 'mvcContentNegotiationManager'
DEBUG 24-11-07 19:17:00[restartedMain] [DefaultListableBeanFactory:945] - Autowiring by type from bean name 'resourceHandlerMapping' via factory method to bean named 'mvcConversionService'
DEBUG 24-11-07 19:17:00[restartedMain] [DefaultListableBeanFactory:945] - Autowiring by type from bean name 'resourceHandlerMapping' via factory method to bean named 'mvcResourceUrlProvider'
DEBUG 24-11-07 19:17:00[restartedMain] [Mappings:176] - 'resourceHandlerMapping' {/webjars/**=ResourceHttpRequestHandler [classpath [META-INF/resources/webjars/]], /**=ResourceHttpRequestHandler [classpath [META-INF/resources/], classpath [resources/], classpath [static/], classpath [public/], ServletContext [/]]}
DEBUG 24-11-07 19:17:00[restartedMain] [DefaultListableBeanFactory:225] - Creating shared instance of singleton bean 'defaultServletHandlerMapping'
DEBUG 24-11-07 19:17:00[restartedMain] [DefaultListableBeanFactory:225] - Creating shared instance of singleton bean 'filterChain'
DEBUG 24-11-07 19:17:00[restartedMain] [DefaultListableBeanFactory:945] - Autowiring by type from bean name 'filterChain' via factory method to bean named 'org.springframework.security.config.annotation.web.configuration.HttpSecurityConfiguration.httpSecurity'
DEBUG 24-11-07 19:17:00[restartedMain] [DefaultSecurityFilterChain:61] - Will secure any request with filters: DisableEncodeUrlFilter, WebAsyncManagerIntegrationFilter, SecurityContextHolderFilter, HeaderWriterFilter, CorsFilter, LogoutFilter, RequestCacheAwareFilter, SecurityContextHolderAwareRequestFilter, AnonymousAuthenticationFilter, ExceptionTranslationFilter, AuthorizationFilter
DEBUG 24-11-07 19:17:00[restartedMain] [DefaultListableBeanFactory:225] - Creating shared instance of singleton bean 'webSecurityCustomizer'
DEBUG 24-11-07 19:17:00[restartedMain] [DefaultListableBeanFactory:225] - Creating shared instance of singleton bean 'delegatingApplicationListener'
DEBUG 24-11-07 19:17:00[restartedMain] [DefaultListableBeanFactory:225] - Creating shared instance of singleton bean 'springSecurityFilterChain'
WARN  24-11-07 19:17:00[restartedMain] [WebSecurity:292] - You are asking Spring Security to ignore org.springframework.boot.autoconfigure.security.servlet.StaticResourceRequest$StaticResourceRequestMatcher@6830a08d. This is not recommended -- please use permitAll via HttpSecurity#authorizeHttpRequests instead.
DEBUG 24-11-07 19:17:00[restartedMain] [DefaultSecurityFilterChain:53] - Will not secure org.springframework.boot.autoconfigure.security.servlet.StaticResourceRequest$StaticResourceRequestMatcher@6830a08d
DEBUG 24-11-07 19:17:00[restartedMain] [DefaultListableBeanFactory:225] - Creating shared instance of singleton bean 'webSecurityExpressionHandler'
DEBUG 24-11-07 19:17:00[restartedMain] [DefaultListableBeanFactory:225] - Creating shared instance of singleton bean 'privilegeEvaluator'
DEBUG 24-11-07 19:17:00[restartedMain] [DefaultListableBeanFactory:225] - Creating shared instance of singleton bean 'requestDataValueProcessor'
DEBUG 24-11-07 19:17:00[restartedMain] [DefaultListableBeanFactory:225] - Creating shared instance of singleton bean 'webSocketMessageBrokerStats'
DEBUG 24-11-07 19:17:00[restartedMain] [DefaultListableBeanFactory:225] - Creating shared instance of singleton bean 'stompBrokerRelayMessageHandler'
DEBUG 24-11-07 19:17:00[restartedMain] [DefaultListableBeanFactory:225] - Creating shared instance of singleton bean 'userDestinationMessageHandler'
DEBUG 24-11-07 19:17:00[restartedMain] [DefaultListableBeanFactory:225] - Creating shared instance of singleton bean 'userDestinationResolver'
DEBUG 24-11-07 19:17:00[restartedMain] [DefaultListableBeanFactory:225] - Creating shared instance of singleton bean 'userRegistry'
DEBUG 24-11-07 19:17:00[restartedMain] [DefaultListableBeanFactory:945] - Autowiring by type from bean name 'userRegistry' via factory method to bean named 'clientInboundChannel'
DEBUG 24-11-07 19:17:00[restartedMain] [DefaultListableBeanFactory:945] - Autowiring by type from bean name 'userRegistry' via factory method to bean named 'clientOutboundChannel'
DEBUG 24-11-07 19:17:00[restartedMain] [DefaultListableBeanFactory:945] - Autowiring by type from bean name 'userDestinationResolver' via factory method to bean named 'userRegistry'
DEBUG 24-11-07 19:17:00[restartedMain] [DefaultListableBeanFactory:945] - Autowiring by type from bean name 'userDestinationResolver' via factory method to bean named 'clientInboundChannel'
DEBUG 24-11-07 19:17:00[restartedMain] [DefaultListableBeanFactory:945] - Autowiring by type from bean name 'userDestinationResolver' via factory method to bean named 'clientOutboundChannel'
DEBUG 24-11-07 19:17:00[restartedMain] [DefaultListableBeanFactory:945] - Autowiring by type from bean name 'userDestinationMessageHandler' via factory method to bean named 'clientInboundChannel'
DEBUG 24-11-07 19:17:00[restartedMain] [DefaultListableBeanFactory:945] - Autowiring by type from bean name 'userDestinationMessageHandler' via factory method to bean named 'clientOutboundChannel'
DEBUG 24-11-07 19:17:00[restartedMain] [DefaultListableBeanFactory:945] - Autowiring by type from bean name 'userDestinationMessageHandler' via factory method to bean named 'brokerChannel'
DEBUG 24-11-07 19:17:00[restartedMain] [DefaultListableBeanFactory:945] - Autowiring by type from bean name 'userDestinationMessageHandler' via factory method to bean named 'userDestinationResolver'
DEBUG 24-11-07 19:17:00[restartedMain] [DefaultListableBeanFactory:225] - Creating shared instance of singleton bean 'userRegistryMessageHandler'
DEBUG 24-11-07 19:17:00[restartedMain] [DefaultListableBeanFactory:945] - Autowiring by type from bean name 'userRegistryMessageHandler' via factory method to bean named 'clientInboundChannel'
DEBUG 24-11-07 19:17:00[restartedMain] [DefaultListableBeanFactory:945] - Autowiring by type from bean name 'userRegistryMessageHandler' via factory method to bean named 'clientOutboundChannel'
DEBUG 24-11-07 19:17:00[restartedMain] [DefaultListableBeanFactory:945] - Autowiring by type from bean name 'userRegistryMessageHandler' via factory method to bean named 'userRegistry'
DEBUG 24-11-07 19:17:00[restartedMain] [DefaultListableBeanFactory:945] - Autowiring by type from bean name 'userRegistryMessageHandler' via factory method to bean named 'brokerMessagingTemplate'
DEBUG 24-11-07 19:17:00[restartedMain] [DefaultListableBeanFactory:945] - Autowiring by type from bean name 'userRegistryMessageHandler' via factory method to bean named 'messageBrokerTaskScheduler'
DEBUG 24-11-07 19:17:00[restartedMain] [DefaultListableBeanFactory:945] - Autowiring by type from bean name 'stompBrokerRelayMessageHandler' via factory method to bean named 'clientInboundChannel'
DEBUG 24-11-07 19:17:00[restartedMain] [DefaultListableBeanFactory:945] - Autowiring by type from bean name 'stompBrokerRelayMessageHandler' via factory method to bean named 'clientOutboundChannel'
DEBUG 24-11-07 19:17:00[restartedMain] [DefaultListableBeanFactory:945] - Autowiring by type from bean name 'stompBrokerRelayMessageHandler' via factory method to bean named 'brokerChannel'
DEBUG 24-11-07 19:17:00[restartedMain] [DefaultListableBeanFactory:945] - Autowiring by type from bean name 'stompBrokerRelayMessageHandler' via factory method to bean named 'userDestinationMessageHandler'
DEBUG 24-11-07 19:17:00[restartedMain] [DefaultListableBeanFactory:945] - Autowiring by type from bean name 'stompBrokerRelayMessageHandler' via factory method to bean named 'userRegistryMessageHandler'
DEBUG 24-11-07 19:17:00[restartedMain] [DefaultListableBeanFactory:945] - Autowiring by type from bean name 'stompBrokerRelayMessageHandler' via factory method to bean named 'userDestinationResolver'
DEBUG 24-11-07 19:17:00[restartedMain] [DefaultListableBeanFactory:945] - Autowiring by type from bean name 'webSocketMessageBrokerStats' via factory method to bean named 'stompBrokerRelayMessageHandler'
DEBUG 24-11-07 19:17:00[restartedMain] [DefaultListableBeanFactory:945] - Autowiring by type from bean name 'webSocketMessageBrokerStats' via factory method to bean named 'subProtocolWebSocketHandler'
DEBUG 24-11-07 19:17:00[restartedMain] [DefaultListableBeanFactory:945] - Autowiring by type from bean name 'webSocketMessageBrokerStats' via factory method to bean named 'clientInboundChannelExecutor'
DEBUG 24-11-07 19:17:00[restartedMain] [DefaultListableBeanFactory:945] - Autowiring by type from bean name 'webSocketMessageBrokerStats' via factory method to bean named 'clientOutboundChannelExecutor'
DEBUG 24-11-07 19:17:00[restartedMain] [DefaultListableBeanFactory:945] - Autowiring by type from bean name 'webSocketMessageBrokerStats' via factory method to bean named 'messageBrokerTaskScheduler'
DEBUG 24-11-07 19:17:00[restartedMain] [DefaultListableBeanFactory:225] - Creating shared instance of singleton bean 'simpAnnotationMethodMessageHandler'
DEBUG 24-11-07 19:17:00[restartedMain] [DefaultListableBeanFactory:945] - Autowiring by type from bean name 'simpAnnotationMethodMessageHandler' via factory method to bean named 'clientInboundChannel'
DEBUG 24-11-07 19:17:00[restartedMain] [DefaultListableBeanFactory:945] - Autowiring by type from bean name 'simpAnnotationMethodMessageHandler' via factory method to bean named 'clientOutboundChannel'
DEBUG 24-11-07 19:17:00[restartedMain] [DefaultListableBeanFactory:945] - Autowiring by type from bean name 'simpAnnotationMethodMessageHandler' via factory method to bean named 'brokerMessagingTemplate'
DEBUG 24-11-07 19:17:00[restartedMain] [DefaultListableBeanFactory:945] - Autowiring by type from bean name 'simpAnnotationMethodMessageHandler' via factory method to bean named 'brokerMessageConverter'
DEBUG 24-11-07 19:17:00[restartedMain] [DefaultListableBeanFactory:225] - Creating shared instance of singleton bean 'mvcValidator'
DEBUG 24-11-07 19:17:00[restartedMain] [DefaultListableBeanFactory:225] - Creating shared instance of singleton bean 'defaultValidator'
DEBUG 24-11-07 19:17:00[restartedMain] [DefaultListableBeanFactory:945] - Autowiring by type from bean name 'defaultValidator' via factory method to bean named 'org.springframework.boot.web.servlet.context.AnnotationConfigServletWebServerApplicationContext@30c0e7a3'
DEBUG 24-11-07 19:17:00[restartedMain] [ResourceBundleMessageInterpolator:175] - Loaded expression factory via original TCCL
DEBUG 24-11-07 19:17:00[restartedMain] [AbstractConfigurationImpl:176] - Setting custom MessageInterpolator of type org.springframework.validation.beanvalidation.LocaleContextMessageInterpolator
DEBUG 24-11-07 19:17:00[restartedMain] [AbstractConfigurationImpl:208] - Setting custom ConstraintValidatorFactory of type org.springframework.validation.beanvalidation.SpringConstraintValidatorFactory
DEBUG 24-11-07 19:17:00[restartedMain] [ValidationXmlParser:122] - Trying to load META-INF/validation.xml for XML based Validator configuration.
DEBUG 24-11-07 19:17:00[restartedMain] [ResourceLoaderHelper:54] - Trying to load META-INF/validation.xml via user class loader
DEBUG 24-11-07 19:17:00[restartedMain] [ResourceLoaderHelper:61] - Trying to load META-INF/validation.xml via TCCL
DEBUG 24-11-07 19:17:00[restartedMain] [ResourceLoaderHelper:67] - Trying to load META-INF/validation.xml via Hibernate Validator's class loader
DEBUG 24-11-07 19:17:00[restartedMain] [ValidationXmlParser:129] - No META-INF/validation.xml found. Using annotation based configuration only.
DEBUG 24-11-07 19:17:00[restartedMain] [TraversableResolvers:61] - Cannot find jakarta.persistence.Persistence on classpath. Assuming non JPA 2 environment. All properties will per default be traversable.
DEBUG 24-11-07 19:17:00[restartedMain] [ValidatorFactoryConfigurationHelper:355] - HV000252: Using org.hibernate.validator.internal.engine.DefaultPropertyNodeNameProvider as property node name provider.
DEBUG 24-11-07 19:17:00[restartedMain] [ValidatorFactoryConfigurationHelper:447] - HV000234: Using org.springframework.validation.beanvalidation.LocaleContextMessageInterpolator as ValidatorFactory-scoped message interpolator.
DEBUG 24-11-07 19:17:00[restartedMain] [ValidatorFactoryConfigurationHelper:448] - HV000234: Using org.hibernate.validator.internal.engine.resolver.TraverseAllTraversableResolver as ValidatorFactory-scoped traversable resolver.
DEBUG 24-11-07 19:17:00[restartedMain] [ValidatorFactoryConfigurationHelper:449] - HV000234: Using org.hibernate.validator.internal.util.ExecutableParameterNameProvider as ValidatorFactory-scoped parameter name provider.
DEBUG 24-11-07 19:17:00[restartedMain] [ValidatorFactoryConfigurationHelper:450] - HV000234: Using org.hibernate.validator.internal.engine.DefaultClockProvider as ValidatorFactory-scoped clock provider.
DEBUG 24-11-07 19:17:00[restartedMain] [ValidatorFactoryConfigurationHelper:451] - HV000234: Using org.hibernate.validator.internal.engine.scripting.DefaultScriptEvaluatorFactory as ValidatorFactory-scoped script evaluator factory.
DEBUG 24-11-07 19:17:00[restartedMain] [WebSocketAnnotationMethodMessageHandler:316] - 
	c.s.m.b.BoardWebController:
	
DEBUG 24-11-07 19:17:00[restartedMain] [WebSocketAnnotationMethodMessageHandler:316] - 
	c.s.m.b.BoardWebRestController:
	
DEBUG 24-11-07 19:17:00[restartedMain] [WebSocketAnnotationMethodMessageHandler:316] - 
	c.s.m.b.c.BoardCommentWebRestController:
	
DEBUG 24-11-07 19:17:00[restartedMain] [WebSocketAnnotationMethodMessageHandler:316] - 
	c.s.m.c.CategoryAjxController:
	
DEBUG 24-11-07 19:17:00[restartedMain] [WebSocketAnnotationMethodMessageHandler:316] - 
	c.s.m.c.CategoryWebRestController:
	
DEBUG 24-11-07 19:17:00[restartedMain] [WebSocketAnnotationMethodMessageHandler:316] - 
	c.s.m.c.CatWebOldController:
	
DEBUG 24-11-07 19:17:00[restartedMain] [WebSocketAnnotationMethodMessageHandler:316] - 
	c.s.m.m.MemberWebController:
	
DEBUG 24-11-07 19:17:00[restartedMain] [WebSocketAnnotationMethodMessageHandler:316] - 
	c.s.m.m.MemberWebRestController:
	
DEBUG 24-11-07 19:17:00[restartedMain] [WebSocketAnnotationMethodMessageHandler:316] - 
	c.s.m.s.SbFileWebRestController:
	
DEBUG 24-11-07 19:17:00[restartedMain] [WebSocketAnnotationMethodMessageHandler:316] - 
	c.s.m.s.c.AdminController:
	
DEBUG 24-11-07 19:17:00[restartedMain] [WebSocketAnnotationMethodMessageHandler:316] - 
	c.s.m.s.c.IndexController:
	
DEBUG 24-11-07 19:17:00[restartedMain] [WebSocketAnnotationMethodMessageHandler:316] - 
	c.s.m.s.c.LoginCookieController:
	
DEBUG 24-11-07 19:17:00[restartedMain] [WebSocketAnnotationMethodMessageHandler:316] - 
	c.s.m.s.c.LoginSessionController:
	
DEBUG 24-11-07 19:17:00[restartedMain] [WebSocketAnnotationMethodMessageHandler:316] - 
	c.s.m.s.c.UserController:
	
DEBUG 24-11-07 19:17:00[restartedMain] [WebSocketAnnotationMethodMessageHandler:316] - 
	c.s.m.s.StompChatController:
	{[MESSAGE],[/stomp/message]}: message(StompMessageDto)
DEBUG 24-11-07 19:17:00[restartedMain] [WebSocketAnnotationMethodMessageHandler:316] - 
	c.s.m.s.StompRoomController:
	
DEBUG 24-11-07 19:17:00[restartedMain] [WebSocketAnnotationMethodMessageHandler:316] - 
	o.s.b.a.w.s.e.BasicErrorController:
	
DEBUG 24-11-07 19:17:00[restartedMain] [DefaultListableBeanFactory:225] - Creating shared instance of singleton bean 'simpleBrokerMessageHandler'
DEBUG 24-11-07 19:17:00[restartedMain] [DefaultListableBeanFactory:945] - Autowiring by type from bean name 'simpleBrokerMessageHandler' via factory method to bean named 'clientInboundChannel'
DEBUG 24-11-07 19:17:00[restartedMain] [DefaultListableBeanFactory:945] - Autowiring by type from bean name 'simpleBrokerMessageHandler' via factory method to bean named 'clientOutboundChannel'
DEBUG 24-11-07 19:17:00[restartedMain] [DefaultListableBeanFactory:945] - Autowiring by type from bean name 'simpleBrokerMessageHandler' via factory method to bean named 'brokerChannel'
DEBUG 24-11-07 19:17:00[restartedMain] [DefaultListableBeanFactory:945] - Autowiring by type from bean name 'simpleBrokerMessageHandler' via factory method to bean named 'userDestinationResolver'
DEBUG 24-11-07 19:17:00[restartedMain] [DefaultListableBeanFactory:225] - Creating shared instance of singleton bean 'org.springframework.boot.autoconfigure.context.PropertyPlaceholderAutoConfiguration'
DEBUG 24-11-07 19:17:00[restartedMain] [DefaultListableBeanFactory:225] - Creating shared instance of singleton bean 'org.springframework.boot.autoconfigure.websocket.servlet.WebSocketServletAutoConfiguration'
DEBUG 24-11-07 19:17:00[restartedMain] [DefaultListableBeanFactory:225] - Creating shared instance of singleton bean 'org.springframework.boot.autoconfigure.web.servlet.DispatcherServletAutoConfiguration'
DEBUG 24-11-07 19:17:00[restartedMain] [DefaultListableBeanFactory:225] - Creating shared instance of singleton bean 'org.springframework.boot.autoconfigure.task.TaskExecutorConfigurations$ThreadPoolTaskExecutorBuilderConfiguration'
DEBUG 24-11-07 19:17:00[restartedMain] [DefaultListableBeanFactory:225] - Creating shared instance of singleton bean 'threadPoolTaskExecutorBuilder'
DEBUG 24-11-07 19:17:00[restartedMain] [DefaultListableBeanFactory:225] - Creating shared instance of singleton bean 'spring.task.execution-org.springframework.boot.autoconfigure.task.TaskExecutionProperties'
DEBUG 24-11-07 19:17:00[restartedMain] [DefaultListableBeanFactory:945] - Autowiring by type from bean name 'threadPoolTaskExecutorBuilder' via factory method to bean named 'spring.task.execution-org.springframework.boot.autoconfigure.task.TaskExecutionProperties'
DEBUG 24-11-07 19:17:00[restartedMain] [DefaultListableBeanFactory:225] - Creating shared instance of singleton bean 'org.springframework.boot.autoconfigure.task.TaskExecutorConfigurations$TaskExecutorBuilderConfiguration'
DEBUG 24-11-07 19:17:00[restartedMain] [DefaultListableBeanFactory:225] - Creating shared instance of singleton bean 'taskExecutorBuilder'
DEBUG 24-11-07 19:17:00[restartedMain] [DefaultListableBeanFactory:945] - Autowiring by type from bean name 'taskExecutorBuilder' via factory method to bean named 'spring.task.execution-org.springframework.boot.autoconfigure.task.TaskExecutionProperties'
DEBUG 24-11-07 19:17:00[restartedMain] [DefaultListableBeanFactory:225] - Creating shared instance of singleton bean 'org.springframework.boot.autoconfigure.task.TaskExecutorConfigurations$SimpleAsyncTaskExecutorBuilderConfiguration'
DEBUG 24-11-07 19:17:00[restartedMain] [DefaultListableBeanFactory:945] - Autowiring by type from bean name 'org.springframework.boot.autoconfigure.task.TaskExecutorConfigurations$SimpleAsyncTaskExecutorBuilderConfiguration' via constructor to bean named 'spring.task.execution-org.springframework.boot.autoconfigure.task.TaskExecutionProperties'
DEBUG 24-11-07 19:17:00[restartedMain] [DefaultListableBeanFactory:225] - Creating shared instance of singleton bean 'simpleAsyncTaskExecutorBuilder'
DEBUG 24-11-07 19:17:00[restartedMain] [DefaultListableBeanFactory:225] - Creating shared instance of singleton bean 'org.springframework.boot.autoconfigure.task.TaskExecutionAutoConfiguration'
DEBUG 24-11-07 19:17:00[restartedMain] [DefaultListableBeanFactory:225] - Creating shared instance of singleton bean 'org.springframework.boot.autoconfigure.validation.ValidationAutoConfiguration'
DEBUG 24-11-07 19:17:00[restartedMain] [DefaultListableBeanFactory:225] - Creating shared instance of singleton bean 'org.springframework.boot.autoconfigure.web.servlet.error.ErrorMvcAutoConfiguration$WhitelabelErrorViewConfiguration'
DEBUG 24-11-07 19:17:00[restartedMain] [DefaultListableBeanFactory:225] - Creating shared instance of singleton bean 'error'
DEBUG 24-11-07 19:17:00[restartedMain] [DefaultListableBeanFactory:225] - Creating shared instance of singleton bean 'beanNameViewResolver'
DEBUG 24-11-07 19:17:00[restartedMain] [DefaultListableBeanFactory:225] - Creating shared instance of singleton bean 'org.springframework.boot.autoconfigure.web.servlet.error.ErrorMvcAutoConfiguration$DefaultErrorViewResolverConfiguration'
DEBUG 24-11-07 19:17:00[restartedMain] [DefaultListableBeanFactory:945] - Autowiring by type from bean name 'org.springframework.boot.autoconfigure.web.servlet.error.ErrorMvcAutoConfiguration$DefaultErrorViewResolverConfiguration' via constructor to bean named 'org.springframework.boot.web.servlet.context.AnnotationConfigServletWebServerApplicationContext@30c0e7a3'
DEBUG 24-11-07 19:17:00[restartedMain] [DefaultListableBeanFactory:945] - Autowiring by type from bean name 'org.springframework.boot.autoconfigure.web.servlet.error.ErrorMvcAutoConfiguration$DefaultErrorViewResolverConfiguration' via constructor to bean named 'spring.web-org.springframework.boot.autoconfigure.web.WebProperties'
DEBUG 24-11-07 19:17:00[restartedMain] [DefaultListableBeanFactory:225] - Creating shared instance of singleton bean 'conventionErrorViewResolver'
DEBUG 24-11-07 19:17:00[restartedMain] [DefaultListableBeanFactory:225] - Creating shared instance of singleton bean 'errorAttributes'
DEBUG 24-11-07 19:17:00[restartedMain] [DefaultListableBeanFactory:225] - Creating shared instance of singleton bean 'basicErrorController'
DEBUG 24-11-07 19:17:00[restartedMain] [DefaultListableBeanFactory:945] - Autowiring by type from bean name 'basicErrorController' via factory method to bean named 'errorAttributes'
DEBUG 24-11-07 19:17:00[restartedMain] [DefaultListableBeanFactory:225] - Creating shared instance of singleton bean 'localeResolver'
DEBUG 24-11-07 19:17:00[restartedMain] [DefaultListableBeanFactory:225] - Creating shared instance of singleton bean 'themeResolver'
DEBUG 24-11-07 19:17:00[restartedMain] [DefaultListableBeanFactory:225] - Creating shared instance of singleton bean 'flashMapManager'
DEBUG 24-11-07 19:17:00[restartedMain] [DefaultListableBeanFactory:225] - Creating shared instance of singleton bean 'mvcPatternParser'
DEBUG 24-11-07 19:17:00[restartedMain] [DefaultListableBeanFactory:225] - Creating shared instance of singleton bean 'mvcUrlPathHelper'
DEBUG 24-11-07 19:17:00[restartedMain] [DefaultListableBeanFactory:225] - Creating shared instance of singleton bean 'mvcPathMatcher'
DEBUG 24-11-07 19:17:00[restartedMain] [DefaultListableBeanFactory:225] - Creating shared instance of singleton bean 'requestMappingHandlerAdapter'
DEBUG 24-11-07 19:17:00[restartedMain] [DefaultListableBeanFactory:945] - Autowiring by type from bean name 'requestMappingHandlerAdapter' via factory method to bean named 'mvcContentNegotiationManager'
DEBUG 24-11-07 19:17:00[restartedMain] [DefaultListableBeanFactory:945] - Autowiring by type from bean name 'requestMappingHandlerAdapter' via factory method to bean named 'mvcConversionService'
DEBUG 24-11-07 19:17:00[restartedMain] [DefaultListableBeanFactory:945] - Autowiring by type from bean name 'requestMappingHandlerAdapter' via factory method to bean named 'mvcValidator'
DEBUG 24-11-07 19:17:00[restartedMain] [RequestMappingHandlerAdapter:634] - ControllerAdvice beans: 1 @ModelAttribute, 0 @InitBinder, 1 RequestBodyAdvice, 1 ResponseBodyAdvice
DEBUG 24-11-07 19:17:00[restartedMain] [DefaultListableBeanFactory:225] - Creating shared instance of singleton bean 'handlerFunctionAdapter'
DEBUG 24-11-07 19:17:00[restartedMain] [DefaultListableBeanFactory:225] - Creating shared instance of singleton bean 'mvcUriComponentsContributor'
DEBUG 24-11-07 19:17:00[restartedMain] [DefaultListableBeanFactory:945] - Autowiring by type from bean name 'mvcUriComponentsContributor' via factory method to bean named 'mvcConversionService'
DEBUG 24-11-07 19:17:00[restartedMain] [DefaultListableBeanFactory:945] - Autowiring by type from bean name 'mvcUriComponentsContributor' via factory method to bean named 'requestMappingHandlerAdapter'
DEBUG 24-11-07 19:17:00[restartedMain] [DefaultListableBeanFactory:225] - Creating shared instance of singleton bean 'httpRequestHandlerAdapter'
DEBUG 24-11-07 19:17:00[restartedMain] [DefaultListableBeanFactory:225] - Creating shared instance of singleton bean 'simpleControllerHandlerAdapter'
DEBUG 24-11-07 19:17:00[restartedMain] [DefaultListableBeanFactory:225] - Creating shared instance of singleton bean 'handlerExceptionResolver'
DEBUG 24-11-07 19:17:00[restartedMain] [DefaultListableBeanFactory:945] - Autowiring by type from bean name 'handlerExceptionResolver' via factory method to bean named 'mvcContentNegotiationManager'
DEBUG 24-11-07 19:17:00[restartedMain] [ExceptionHandlerExceptionResolver:305] - ControllerAdvice beans: 0 @ExceptionHandler, 1 ResponseBodyAdvice
DEBUG 24-11-07 19:17:00[restartedMain] [DefaultListableBeanFactory:225] - Creating shared instance of singleton bean 'mvcViewResolver'
DEBUG 24-11-07 19:17:00[restartedMain] [DefaultListableBeanFactory:945] - Autowiring by type from bean name 'mvcViewResolver' via factory method to bean named 'mvcContentNegotiationManager'
DEBUG 24-11-07 19:17:00[restartedMain] [DefaultListableBeanFactory:225] - Creating shared instance of singleton bean 'viewNameTranslator'
DEBUG 24-11-07 19:17:00[restartedMain] [DefaultListableBeanFactory:225] - Creating shared instance of singleton bean 'defaultViewResolver'
DEBUG 24-11-07 19:17:00[restartedMain] [DefaultListableBeanFactory:225] - Creating shared instance of singleton bean 'viewResolver'
DEBUG 24-11-07 19:17:00[restartedMain] [DefaultListableBeanFactory:945] - Autowiring by type from bean name 'viewResolver' via factory method to bean named 'org.springframework.beans.factory.support.DefaultListableBeanFactory@5fcc91a'
DEBUG 24-11-07 19:17:00[restartedMain] [DefaultListableBeanFactory:225] - Creating shared instance of singleton bean 'viewResolver'
DEBUG 24-11-07 19:17:00[restartedMain] [DefaultListableBeanFactory:225] - Creating shared instance of singleton bean 'mustacheViewResolver'
DEBUG 24-11-07 19:17:00[restartedMain] [DefaultListableBeanFactory:225] - Creating shared instance of singleton bean 'org.springframework.boot.autoconfigure.mustache.MustacheServletWebConfiguration'
DEBUG 24-11-07 19:17:00[restartedMain] [DefaultListableBeanFactory:225] - Creating shared instance of singleton bean 'mustacheCompiler'
DEBUG 24-11-07 19:17:00[restartedMain] [DefaultListableBeanFactory:225] - Creating shared instance of singleton bean 'org.springframework.boot.autoconfigure.mustache.MustacheAutoConfiguration'
DEBUG 24-11-07 19:17:00[restartedMain] [DefaultListableBeanFactory:225] - Creating shared instance of singleton bean 'spring.mustache-org.springframework.boot.autoconfigure.mustache.MustacheProperties'
DEBUG 24-11-07 19:17:00[restartedMain] [DefaultListableBeanFactory:945] - Autowiring by type from bean name 'org.springframework.boot.autoconfigure.mustache.MustacheAutoConfiguration' via constructor to bean named 'spring.mustache-org.springframework.boot.autoconfigure.mustache.MustacheProperties'
DEBUG 24-11-07 19:17:00[restartedMain] [DefaultListableBeanFactory:945] - Autowiring by type from bean name 'org.springframework.boot.autoconfigure.mustache.MustacheAutoConfiguration' via constructor to bean named 'org.springframework.boot.web.servlet.context.AnnotationConfigServletWebServerApplicationContext@30c0e7a3'
DEBUG 24-11-07 19:17:00[restartedMain] [DefaultListableBeanFactory:225] - Creating shared instance of singleton bean 'mustacheTemplateLoader'
DEBUG 24-11-07 19:17:00[restartedMain] [DefaultListableBeanFactory:945] - Autowiring by type from bean name 'mustacheCompiler' via factory method to bean named 'mustacheTemplateLoader'
DEBUG 24-11-07 19:17:00[restartedMain] [DefaultListableBeanFactory:945] - Autowiring by type from bean name 'mustacheViewResolver' via factory method to bean named 'mustacheCompiler'
DEBUG 24-11-07 19:17:00[restartedMain] [DefaultListableBeanFactory:945] - Autowiring by type from bean name 'mustacheViewResolver' via factory method to bean named 'spring.mustache-org.springframework.boot.autoconfigure.mustache.MustacheProperties'
DEBUG 24-11-07 19:17:00[restartedMain] [DefaultListableBeanFactory:225] - Creating shared instance of singleton bean 'org.mybatis.spring.boot.autoconfigure.MybatisLanguageDriverAutoConfiguration'
DEBUG 24-11-07 19:17:00[restartedMain] [DefaultListableBeanFactory:225] - Creating shared instance of singleton bean 'org.springframework.boot.autoconfigure.jdbc.DataSourceJmxConfiguration$Hikari'
DEBUG 24-11-07 19:17:00[restartedMain] [DefaultListableBeanFactory:945] - Autowiring by type from bean name 'org.springframework.boot.autoconfigure.jdbc.DataSourceJmxConfiguration$Hikari' via constructor to bean named 'dataSource'
DEBUG 24-11-07 19:17:00[restartedMain] [DefaultListableBeanFactory:225] - Creating shared instance of singleton bean 'org.springframework.boot.autoconfigure.jdbc.DataSourceJmxConfiguration'
DEBUG 24-11-07 19:17:00[restartedMain] [DefaultListableBeanFactory:225] - Creating shared instance of singleton bean 'org.springframework.boot.autoconfigure.jdbc.metadata.DataSourcePoolMetadataProvidersConfiguration$HikariPoolDataSourceMetadataProviderConfiguration'
DEBUG 24-11-07 19:17:00[restartedMain] [DefaultListableBeanFactory:225] - Creating shared instance of singleton bean 'hikariPoolDataSourceMetadataProvider'
DEBUG 24-11-07 19:17:00[restartedMain] [DefaultListableBeanFactory:225] - Creating shared instance of singleton bean 'org.springframework.boot.autoconfigure.jdbc.metadata.DataSourcePoolMetadataProvidersConfiguration'
DEBUG 24-11-07 19:17:00[restartedMain] [DefaultListableBeanFactory:225] - Creating shared instance of singleton bean 'org.springframework.boot.autoconfigure.jdbc.DataSourceAutoConfiguration'
DEBUG 24-11-07 19:17:00[restartedMain] [DefaultListableBeanFactory:225] - Creating shared instance of singleton bean 'org.mybatis.spring.boot.autoconfigure.MybatisAutoConfiguration$MapperScannerRegistrarNotFoundConfiguration'
DEBUG 24-11-07 19:17:00[restartedMain] [MybatisAutoConfiguration:319] - Not found configuration for registering mapper bean using @MapperScan, MapperFactoryBean and MapperScannerConfigurer.
DEBUG 24-11-07 19:17:00[restartedMain] [DefaultListableBeanFactory:225] - Creating shared instance of singleton bean 'org.springframework.boot.autoconfigure.jmx.JmxAutoConfiguration'
DEBUG 24-11-07 19:17:00[restartedMain] [DefaultListableBeanFactory:225] - Creating shared instance of singleton bean 'spring.jmx-org.springframework.boot.autoconfigure.jmx.JmxProperties'
DEBUG 24-11-07 19:17:00[restartedMain] [DefaultListableBeanFactory:945] - Autowiring by type from bean name 'org.springframework.boot.autoconfigure.jmx.JmxAutoConfiguration' via constructor to bean named 'spring.jmx-org.springframework.boot.autoconfigure.jmx.JmxProperties'
DEBUG 24-11-07 19:17:00[restartedMain] [DefaultListableBeanFactory:225] - Creating shared instance of singleton bean 'mbeanExporter'
DEBUG 24-11-07 19:17:00[restartedMain] [DefaultListableBeanFactory:225] - Creating shared instance of singleton bean 'objectNamingStrategy'
DEBUG 24-11-07 19:17:00[restartedMain] [DefaultListableBeanFactory:945] - Autowiring by type from bean name 'mbeanExporter' via factory method to bean named 'objectNamingStrategy'
DEBUG 24-11-07 19:17:00[restartedMain] [DefaultListableBeanFactory:945] - Autowiring by type from bean name 'mbeanExporter' via factory method to bean named 'org.springframework.beans.factory.support.DefaultListableBeanFactory@5fcc91a'
DEBUG 24-11-07 19:17:00[restartedMain] [DefaultListableBeanFactory:225] - Creating shared instance of singleton bean 'mbeanServer'
DEBUG 24-11-07 19:17:00[restartedMain] [JmxUtils:127] - Found MBeanServer: com.sun.jmx.mbeanserver.JmxMBeanServer@12f40c25
DEBUG 24-11-07 19:17:00[restartedMain] [DefaultListableBeanFactory:225] - Creating shared instance of singleton bean 'org.springframework.boot.autoconfigure.admin.SpringApplicationAdminJmxAutoConfiguration'
DEBUG 24-11-07 19:17:00[restartedMain] [DefaultListableBeanFactory:225] - Creating shared instance of singleton bean 'springApplicationAdminRegistrar'
DEBUG 24-11-07 19:17:00[restartedMain] [DefaultListableBeanFactory:945] - Autowiring by type from bean name 'springApplicationAdminRegistrar' via factory method to bean named 'environment'
DEBUG 24-11-07 19:17:00[restartedMain] [SpringApplicationAdminMXBeanRegistrar$SpringApplicationAdmin:131] - Application Admin MBean registered with name 'org.springframework.boot:type=Admin,name=SpringApplication'
DEBUG 24-11-07 19:17:00[restartedMain] [DefaultListableBeanFactory:225] - Creating shared instance of singleton bean 'org.springframework.boot.autoconfigure.aop.AopAutoConfiguration$ClassProxyingConfiguration'
DEBUG 24-11-07 19:17:00[restartedMain] [DefaultListableBeanFactory:225] - Creating shared instance of singleton bean 'org.springframework.boot.autoconfigure.aop.AopAutoConfiguration'
DEBUG 24-11-07 19:17:00[restartedMain] [DefaultListableBeanFactory:225] - Creating shared instance of singleton bean 'org.springframework.boot.autoconfigure.availability.ApplicationAvailabilityAutoConfiguration'
DEBUG 24-11-07 19:17:00[restartedMain] [DefaultListableBeanFactory:225] - Creating shared instance of singleton bean 'applicationAvailability'
DEBUG 24-11-07 19:17:00[restartedMain] [DefaultListableBeanFactory:225] - Creating shared instance of singleton bean 'org.springframework.boot.autoconfigure.transaction.TransactionManagerCustomizationAutoConfiguration'
DEBUG 24-11-07 19:17:00[restartedMain] [DefaultListableBeanFactory:225] - Creating shared instance of singleton bean 'platformTransactionManagerCustomizers'
DEBUG 24-11-07 19:17:00[restartedMain] [DefaultListableBeanFactory:225] - Creating shared instance of singleton bean 'transactionExecutionListeners'
DEBUG 24-11-07 19:17:00[restartedMain] [DefaultListableBeanFactory:225] - Creating shared instance of singleton bean 'spring.transaction-org.springframework.boot.autoconfigure.transaction.TransactionProperties'
DEBUG 24-11-07 19:17:00[restartedMain] [DefaultListableBeanFactory:225] - Creating shared instance of singleton bean 'org.springframework.boot.autoconfigure.context.ConfigurationPropertiesAutoConfiguration'
DEBUG 24-11-07 19:17:00[restartedMain] [DefaultListableBeanFactory:225] - Creating shared instance of singleton bean 'org.springframework.boot.autoconfigure.context.LifecycleAutoConfiguration'
DEBUG 24-11-07 19:17:00[restartedMain] [DefaultListableBeanFactory:225] - Creating shared instance of singleton bean 'lifecycleProcessor'
DEBUG 24-11-07 19:17:00[restartedMain] [DefaultListableBeanFactory:225] - Creating shared instance of singleton bean 'spring.lifecycle-org.springframework.boot.autoconfigure.context.LifecycleProperties'
DEBUG 24-11-07 19:17:00[restartedMain] [DefaultListableBeanFactory:945] - Autowiring by type from bean name 'lifecycleProcessor' via factory method to bean named 'spring.lifecycle-org.springframework.boot.autoconfigure.context.LifecycleProperties'
DEBUG 24-11-07 19:17:00[restartedMain] [DefaultListableBeanFactory:225] - Creating shared instance of singleton bean 'org.springframework.boot.autoconfigure.dao.PersistenceExceptionTranslationAutoConfiguration'
DEBUG 24-11-07 19:17:00[restartedMain] [DefaultListableBeanFactory:225] - Creating shared instance of singleton bean 'org.springframework.boot.autoconfigure.http.JacksonHttpMessageConvertersConfiguration'
DEBUG 24-11-07 19:17:00[restartedMain] [DefaultListableBeanFactory:225] - Creating shared instance of singleton bean 'org.springframework.boot.autoconfigure.info.ProjectInfoAutoConfiguration'
DEBUG 24-11-07 19:17:00[restartedMain] [DefaultListableBeanFactory:225] - Creating shared instance of singleton bean 'spring.info-org.springframework.boot.autoconfigure.info.ProjectInfoProperties'
DEBUG 24-11-07 19:17:00[restartedMain] [DefaultListableBeanFactory:945] - Autowiring by type from bean name 'org.springframework.boot.autoconfigure.info.ProjectInfoAutoConfiguration' via constructor to bean named 'spring.info-org.springframework.boot.autoconfigure.info.ProjectInfoProperties'
DEBUG 24-11-07 19:17:00[restartedMain] [DefaultListableBeanFactory:225] - Creating shared instance of singleton bean 'org.springframework.boot.autoconfigure.jdbc.JdbcTemplateConfiguration'
DEBUG 24-11-07 19:17:00[restartedMain] [DefaultListableBeanFactory:225] - Creating shared instance of singleton bean 'jdbcTemplate'
DEBUG 24-11-07 19:17:00[restartedMain] [DefaultListableBeanFactory:225] - Creating shared instance of singleton bean 'spring.jdbc-org.springframework.boot.autoconfigure.jdbc.JdbcProperties'
DEBUG 24-11-07 19:17:00[restartedMain] [DefaultListableBeanFactory:945] - Autowiring by type from bean name 'jdbcTemplate' via factory method to bean named 'dataSource'
DEBUG 24-11-07 19:17:00[restartedMain] [DefaultListableBeanFactory:945] - Autowiring by type from bean name 'jdbcTemplate' via factory method to bean named 'spring.jdbc-org.springframework.boot.autoconfigure.jdbc.JdbcProperties'
DEBUG 24-11-07 19:17:00[restartedMain] [DefaultListableBeanFactory:225] - Creating shared instance of singleton bean 'org.springframework.boot.autoconfigure.jdbc.NamedParameterJdbcTemplateConfiguration'
DEBUG 24-11-07 19:17:00[restartedMain] [DefaultListableBeanFactory:225] - Creating shared instance of singleton bean 'namedParameterJdbcTemplate'
DEBUG 24-11-07 19:17:00[restartedMain] [DefaultListableBeanFactory:945] - Autowiring by type from bean name 'namedParameterJdbcTemplate' via factory method to bean named 'jdbcTemplate'
DEBUG 24-11-07 19:17:00[restartedMain] [DefaultListableBeanFactory:225] - Creating shared instance of singleton bean 'org.springframework.boot.autoconfigure.jdbc.JdbcTemplateAutoConfiguration'
DEBUG 24-11-07 19:17:00[restartedMain] [DefaultListableBeanFactory:225] - Creating shared instance of singleton bean 'org.springframework.boot.autoconfigure.jdbc.JdbcClientAutoConfiguration'
DEBUG 24-11-07 19:17:00[restartedMain] [DefaultListableBeanFactory:225] - Creating shared instance of singleton bean 'jdbcClient'
DEBUG 24-11-07 19:17:00[restartedMain] [DefaultListableBeanFactory:945] - Autowiring by type from bean name 'jdbcClient' via factory method to bean named 'namedParameterJdbcTemplate'
DEBUG 24-11-07 19:17:00[restartedMain] [DefaultListableBeanFactory:225] - Creating shared instance of singleton bean 'org.springframework.boot.autoconfigure.security.servlet.SpringBootWebSecurityConfiguration'
DEBUG 24-11-07 19:17:00[restartedMain] [DefaultListableBeanFactory:225] - Creating shared instance of singleton bean 'org.springframework.boot.autoconfigure.sql.init.SqlInitializationAutoConfiguration'
DEBUG 24-11-07 19:17:00[restartedMain] [DefaultListableBeanFactory:225] - Creating shared instance of singleton bean 'org.springframework.boot.autoconfigure.task.TaskSchedulingConfigurations$ThreadPoolTaskSchedulerBuilderConfiguration'
DEBUG 24-11-07 19:17:00[restartedMain] [DefaultListableBeanFactory:225] - Creating shared instance of singleton bean 'threadPoolTaskSchedulerBuilder'
DEBUG 24-11-07 19:17:00[restartedMain] [DefaultListableBeanFactory:225] - Creating shared instance of singleton bean 'spring.task.scheduling-org.springframework.boot.autoconfigure.task.TaskSchedulingProperties'
DEBUG 24-11-07 19:17:00[restartedMain] [DefaultListableBeanFactory:945] - Autowiring by type from bean name 'threadPoolTaskSchedulerBuilder' via factory method to bean named 'spring.task.scheduling-org.springframework.boot.autoconfigure.task.TaskSchedulingProperties'
DEBUG 24-11-07 19:17:00[restartedMain] [DefaultListableBeanFactory:225] - Creating shared instance of singleton bean 'org.springframework.boot.autoconfigure.task.TaskSchedulingConfigurations$TaskSchedulerBuilderConfiguration'
DEBUG 24-11-07 19:17:00[restartedMain] [DefaultListableBeanFactory:225] - Creating shared instance of singleton bean 'taskSchedulerBuilder'
DEBUG 24-11-07 19:17:00[restartedMain] [DefaultListableBeanFactory:945] - Autowiring by type from bean name 'taskSchedulerBuilder' via factory method to bean named 'spring.task.scheduling-org.springframework.boot.autoconfigure.task.TaskSchedulingProperties'
DEBUG 24-11-07 19:17:00[restartedMain] [DefaultListableBeanFactory:225] - Creating shared instance of singleton bean 'org.springframework.boot.autoconfigure.task.TaskSchedulingConfigurations$SimpleAsyncTaskSchedulerBuilderConfiguration'
DEBUG 24-11-07 19:17:00[restartedMain] [DefaultListableBeanFactory:945] - Autowiring by type from bean name 'org.springframework.boot.autoconfigure.task.TaskSchedulingConfigurations$SimpleAsyncTaskSchedulerBuilderConfiguration' via constructor to bean named 'spring.task.scheduling-org.springframework.boot.autoconfigure.task.TaskSchedulingProperties'
DEBUG 24-11-07 19:17:00[restartedMain] [DefaultListableBeanFactory:225] - Creating shared instance of singleton bean 'simpleAsyncTaskSchedulerBuilder'
DEBUG 24-11-07 19:17:00[restartedMain] [DefaultListableBeanFactory:225] - Creating shared instance of singleton bean 'org.springframework.boot.autoconfigure.task.TaskSchedulingAutoConfiguration'
DEBUG 24-11-07 19:17:00[restartedMain] [DefaultListableBeanFactory:225] - Creating shared instance of singleton bean 'org.springframework.boot.autoconfigure.jdbc.DataSourceTransactionManagerAutoConfiguration$JdbcTransactionManagerConfiguration'
DEBUG 24-11-07 19:17:00[restartedMain] [DefaultListableBeanFactory:225] - Creating shared instance of singleton bean 'transactionManager'
DEBUG 24-11-07 19:17:00[restartedMain] [DefaultListableBeanFactory:945] - Autowiring by type from bean name 'transactionManager' via factory method to bean named 'environment'
DEBUG 24-11-07 19:17:00[restartedMain] [DefaultListableBeanFactory:945] - Autowiring by type from bean name 'transactionManager' via factory method to bean named 'dataSource'
DEBUG 24-11-07 19:17:00[restartedMain] [DefaultListableBeanFactory:225] - Creating shared instance of singleton bean 'org.springframework.boot.autoconfigure.jdbc.DataSourceTransactionManagerAutoConfiguration'
DEBUG 24-11-07 19:17:00[restartedMain] [DefaultListableBeanFactory:225] - Creating shared instance of singleton bean 'org.springframework.boot.autoconfigure.transaction.TransactionAutoConfiguration$EnableTransactionManagementConfiguration$CglibAutoProxyConfiguration'
DEBUG 24-11-07 19:17:00[restartedMain] [DefaultListableBeanFactory:225] - Creating shared instance of singleton bean 'org.springframework.boot.autoconfigure.transaction.TransactionAutoConfiguration$EnableTransactionManagementConfiguration'
DEBUG 24-11-07 19:17:00[restartedMain] [DefaultListableBeanFactory:225] - Creating shared instance of singleton bean 'org.springframework.boot.autoconfigure.transaction.TransactionAutoConfiguration$TransactionTemplateConfiguration'
DEBUG 24-11-07 19:17:00[restartedMain] [DefaultListableBeanFactory:225] - Creating shared instance of singleton bean 'transactionTemplate'
DEBUG 24-11-07 19:17:00[restartedMain] [DefaultListableBeanFactory:945] - Autowiring by type from bean name 'transactionTemplate' via factory method to bean named 'transactionManager'
DEBUG 24-11-07 19:17:00[restartedMain] [DefaultListableBeanFactory:225] - Creating shared instance of singleton bean 'org.springframework.boot.autoconfigure.transaction.TransactionAutoConfiguration'
DEBUG 24-11-07 19:17:00[restartedMain] [DefaultListableBeanFactory:225] - Creating shared instance of singleton bean 'org.springframework.boot.autoconfigure.web.client.RestClientAutoConfiguration'
DEBUG 24-11-07 19:17:00[restartedMain] [DefaultListableBeanFactory:225] - Creating shared instance of singleton bean 'httpMessageConvertersRestClientCustomizer'
DEBUG 24-11-07 19:17:00[restartedMain] [DefaultListableBeanFactory:225] - Creating shared instance of singleton bean 'restClientSsl'
DEBUG 24-11-07 19:17:00[restartedMain] [DefaultListableBeanFactory:945] - Autowiring by type from bean name 'restClientSsl' via factory method to bean named 'sslBundleRegistry'
DEBUG 24-11-07 19:17:00[restartedMain] [DefaultListableBeanFactory:225] - Creating shared instance of singleton bean 'restClientBuilderConfigurer'
DEBUG 24-11-07 19:17:00[restartedMain] [DefaultListableBeanFactory:225] - Creating shared instance of singleton bean 'org.springframework.boot.autoconfigure.web.client.RestTemplateAutoConfiguration'
DEBUG 24-11-07 19:17:00[restartedMain] [DefaultListableBeanFactory:225] - Creating shared instance of singleton bean 'org.springframework.boot.autoconfigure.web.embedded.EmbeddedWebServerFactoryCustomizerAutoConfiguration'
DEBUG 24-11-07 19:17:00[restartedMain] [DefaultListableBeanFactory:225] - Creating shared instance of singleton bean 'multipartResolver'
DEBUG 24-11-07 19:17:00[restartedMain] [DefaultListableBeanFactory:225] - Creating shared instance of singleton bean 'eagerStompWebSocketHandlerMapping'
DEBUG 24-11-07 19:17:00[restartedMain] [DefaultListableBeanFactory:225] - Creating shared instance of singleton bean 'org.springframework.boot.autoconfigure.websocket.servlet.WebSocketMessagingAutoConfiguration'
DEBUG 24-11-07 19:17:00[restartedMain] [DefaultListableBeanFactory:225] - Creating shared instance of singleton bean 'org.springframework.boot.devtools.autoconfigure.DevToolsDataSourceAutoConfiguration'
DEBUG 24-11-07 19:17:00[restartedMain] [DefaultListableBeanFactory:225] - Creating shared instance of singleton bean 'inMemoryDatabaseShutdownExecutor'
DEBUG 24-11-07 19:17:00[restartedMain] [DefaultListableBeanFactory:945] - Autowiring by type from bean name 'inMemoryDatabaseShutdownExecutor' via factory method to bean named 'dataSource'
DEBUG 24-11-07 19:17:00[restartedMain] [DefaultListableBeanFactory:945] - Autowiring by type from bean name 'inMemoryDatabaseShutdownExecutor' via factory method to bean named 'spring.datasource-org.springframework.boot.autoconfigure.jdbc.DataSourceProperties'
DEBUG 24-11-07 19:17:00[restartedMain] [DefaultListableBeanFactory:225] - Creating shared instance of singleton bean 'org.springframework.boot.devtools.autoconfigure.LocalDevToolsAutoConfiguration$RestartConfiguration'
DEBUG 24-11-07 19:17:00[restartedMain] [DefaultListableBeanFactory:225] - Creating shared instance of singleton bean 'spring.devtools-org.springframework.boot.devtools.autoconfigure.DevToolsProperties'
DEBUG 24-11-07 19:17:00[restartedMain] [DefaultListableBeanFactory:945] - Autowiring by type from bean name 'org.springframework.boot.devtools.autoconfigure.LocalDevToolsAutoConfiguration$RestartConfiguration' via constructor to bean named 'spring.devtools-org.springframework.boot.devtools.autoconfigure.DevToolsProperties'
DEBUG 24-11-07 19:17:00[restartedMain] [DefaultListableBeanFactory:225] - Creating shared instance of singleton bean 'restartingClassPathChangedEventListener'
DEBUG 24-11-07 19:17:00[restartedMain] [DefaultListableBeanFactory:225] - Creating shared instance of singleton bean 'fileSystemWatcherFactory'
DEBUG 24-11-07 19:17:00[restartedMain] [DefaultListableBeanFactory:945] - Autowiring by type from bean name 'restartingClassPathChangedEventListener' via factory method to bean named 'fileSystemWatcherFactory'
DEBUG 24-11-07 19:17:00[restartedMain] [DefaultListableBeanFactory:225] - Creating shared instance of singleton bean 'classPathFileSystemWatcher'
DEBUG 24-11-07 19:17:00[restartedMain] [DefaultListableBeanFactory:225] - Creating shared instance of singleton bean 'classPathRestartStrategy'
DEBUG 24-11-07 19:17:00[restartedMain] [DefaultListableBeanFactory:945] - Autowiring by type from bean name 'classPathFileSystemWatcher' via factory method to bean named 'fileSystemWatcherFactory'
DEBUG 24-11-07 19:17:00[restartedMain] [DefaultListableBeanFactory:945] - Autowiring by type from bean name 'classPathFileSystemWatcher' via factory method to bean named 'classPathRestartStrategy'
DEBUG 24-11-07 19:17:00[restartedMain] [DefaultListableBeanFactory:225] - Creating shared instance of singleton bean 'conditionEvaluationDeltaLoggingListener'
DEBUG 24-11-07 19:17:00[restartedMain] [DefaultListableBeanFactory:225] - Creating shared instance of singleton bean 'org.springframework.boot.devtools.autoconfigure.LocalDevToolsAutoConfiguration$LiveReloadConfiguration'
DEBUG 24-11-07 19:17:00[restartedMain] [DefaultListableBeanFactory:225] - Creating shared instance of singleton bean 'optionalLiveReloadServer'
DEBUG 24-11-07 19:17:00[restartedMain] [DefaultListableBeanFactory:945] - Autowiring by type from bean name 'liveReloadServer' via factory method to bean named 'spring.devtools-org.springframework.boot.devtools.autoconfigure.DevToolsProperties'
DEBUG 24-11-07 19:17:00[restartedMain] [DefaultListableBeanFactory:945] - Autowiring by type from bean name 'optionalLiveReloadServer' via factory method to bean named 'liveReloadServer'
DEBUG 24-11-07 19:17:00[restartedMain] [LiveReloadServer:113] - Starting live reload server on port 35729
INFO  24-11-07 19:17:00[restartedMain] [OptionalLiveReloadServer:59] - LiveReload server is running on port 35729
DEBUG 24-11-07 19:17:00[restartedMain] [DefaultListableBeanFactory:225] - Creating shared instance of singleton bean 'liveReloadServerEventListener'
DEBUG 24-11-07 19:17:00[restartedMain] [DefaultListableBeanFactory:945] - Autowiring by type from bean name 'liveReloadServerEventListener' via factory method to bean named 'optionalLiveReloadServer'
DEBUG 24-11-07 19:17:00[restartedMain] [DefaultListableBeanFactory:225] - Creating shared instance of singleton bean 'org.springframework.boot.devtools.autoconfigure.LocalDevToolsAutoConfiguration'
DEBUG 24-11-07 19:17:00[restartedMain] [AnnotationMBeanExporter:450] - Registering beans for JMX exposure on startup
DEBUG 24-11-07 19:17:00[restartedMain] [AnnotationMBeanExporter:557] - Auto-detecting user-defined JMX MBeans
DEBUG 24-11-07 19:17:00[restartedMain] [AnnotationMBeanExporter:911] - Bean with name 'dataSource' has been autodetected for JMX exposure
DEBUG 24-11-07 19:17:00[restartedMain] [AnnotationMBeanExporter:684] - Located MBean 'dataSource': registering with JMX server as MBean [com.zaxxer.hikari:name=dataSource,type=HikariDataSource]
DEBUG 24-11-07 19:17:00[restartedMain] [DefaultLifecycleProcessor:466] - Starting beans in phase -2147483647
DEBUG 24-11-07 19:17:00[restartedMain] [DefaultLifecycleProcessor:291] - Successfully started bean 'springBootLoggingLifecycle'
DEBUG 24-11-07 19:17:00[restartedMain] [DefaultLifecycleProcessor:466] - Starting beans in phase 2147481599
INFO  24-11-07 19:17:00[restartedMain] [Http11NioProtocol:173] - Starting ProtocolHandler ["http-nio-8088"]
INFO  24-11-07 19:17:00[restartedMain] [TomcatWebServer:243] - Tomcat started on port 8088 (http) with context path '/'
DEBUG 24-11-07 19:17:00[restartedMain] [DefaultLifecycleProcessor:291] - Successfully started bean 'webServerStartStop'
DEBUG 24-11-07 19:17:00[restartedMain] [DefaultLifecycleProcessor:466] - Starting beans in phase 2147482623
DEBUG 24-11-07 19:17:00[restartedMain] [DefaultLifecycleProcessor:291] - Successfully started bean 'webServerGracefulShutdown'
DEBUG 24-11-07 19:17:00[restartedMain] [DefaultLifecycleProcessor:466] - Starting beans in phase 2147483647
DEBUG 24-11-07 19:17:00[restartedMain] [ExecutorSubscribableChannel:127] - clientOutboundChannel added SubProtocolWebSocketHandler[StompSubProtocolHandler[v10.stomp, v11.stomp, v12.stomp]]
DEBUG 24-11-07 19:17:00[restartedMain] [DefaultLifecycleProcessor:291] - Successfully started bean 'subProtocolWebSocketHandler'
DEBUG 24-11-07 19:17:00[restartedMain] [DefaultLifecycleProcessor:291] - Successfully started bean 'stompWebSocketHandlerMapping'
DEBUG 24-11-07 19:17:00[restartedMain] [ExecutorSubscribableChannel:127] - clientInboundChannel added WebSocketAnnotationMethodMessageHandler[prefixes=[/pub/]]
DEBUG 24-11-07 19:17:00[restartedMain] [DefaultLifecycleProcessor:291] - Successfully started bean 'simpAnnotationMethodMessageHandler'
INFO  24-11-07 19:17:00[restartedMain] [SimpleBrokerMessageHandler:117] - Starting...
DEBUG 24-11-07 19:17:00[restartedMain] [ExecutorSubscribableChannel:127] - clientInboundChannel added SimpleBrokerMessageHandler [org.springframework.messaging.simp.broker.DefaultSubscriptionRegistry@6538221b]
DEBUG 24-11-07 19:17:00[restartedMain] [ExecutorSubscribableChannel:127] - brokerChannel added SimpleBrokerMessageHandler [org.springframework.messaging.simp.broker.DefaultSubscriptionRegistry@6538221b]
INFO  24-11-07 19:17:00[restartedMain] [SimpleBrokerMessageHandler:117] - BrokerAvailabilityEvent[available=true, SimpleBrokerMessageHandler [org.springframework.messaging.simp.broker.DefaultSubscriptionRegistry@6538221b]]
INFO  24-11-07 19:17:00[restartedMain] [SimpleBrokerMessageHandler:117] - Started.
DEBUG 24-11-07 19:17:00[restartedMain] [DefaultLifecycleProcessor:291] - Successfully started bean 'simpleBrokerMessageHandler'
DEBUG 24-11-07 19:17:00[restartedMain] [ExecutorSubscribableChannel:127] - clientInboundChannel added UserDestinationMessageHandler[DefaultUserDestinationResolver[prefix=/user/]]
DEBUG 24-11-07 19:17:00[restartedMain] [ExecutorSubscribableChannel:127] - brokerChannel added UserDestinationMessageHandler[DefaultUserDestinationResolver[prefix=/user/]]
DEBUG 24-11-07 19:17:00[restartedMain] [DefaultLifecycleProcessor:291] - Successfully started bean 'userDestinationMessageHandler'
DEBUG 24-11-07 19:17:00[restartedMain] [ConditionEvaluationReportLogger:72] - 


============================
CONDITIONS EVALUATION REPORT
============================


Positive matches:
-----------------

   AopAutoConfiguration matched:
      - @ConditionalOnProperty (spring.aop.auto=true) matched (OnPropertyCondition)

   AopAutoConfiguration.ClassProxyingConfiguration matched:
      - @ConditionalOnMissingClass did not find unwanted class 'org.aspectj.weaver.Advice' (OnClassCondition)
      - @ConditionalOnProperty (spring.aop.proxy-target-class=true) matched (OnPropertyCondition)

   ApplicationAvailabilityAutoConfiguration#applicationAvailability matched:
      - @ConditionalOnMissingBean (types: org.springframework.boot.availability.ApplicationAvailability; SearchStrategy: all) did not find any beans (OnBeanCondition)

   DataSourceAutoConfiguration matched:
      - @ConditionalOnClass found required classes 'javax.sql.DataSource', 'org.springframework.jdbc.datasource.embedded.EmbeddedDatabaseType' (OnClassCondition)
      - @ConditionalOnMissingBean (types: io.r2dbc.spi.ConnectionFactory; SearchStrategy: all) did not find any beans (OnBeanCondition)

   DataSourceAutoConfiguration.PooledDataSourceConfiguration matched:
      - AnyNestedCondition 1 matched 1 did not; NestedCondition on DataSourceAutoConfiguration.PooledDataSourceCondition.PooledDataSourceAvailable PooledDataSource found supported DataSource; NestedCondition on DataSourceAutoConfiguration.PooledDataSourceCondition.ExplicitType @ConditionalOnProperty (spring.datasource.type) did not find property 'type' (DataSourceAutoConfiguration.PooledDataSourceCondition)
      - @ConditionalOnMissingBean (types: javax.sql.DataSource,javax.sql.XADataSource; SearchStrategy: all) did not find any beans (OnBeanCondition)

   DataSourceAutoConfiguration.PooledDataSourceConfiguration#jdbcConnectionDetails matched:
      - @ConditionalOnMissingBean (types: org.springframework.boot.autoconfigure.jdbc.JdbcConnectionDetails; SearchStrategy: all) did not find any beans (OnBeanCondition)

   DataSourceConfiguration.Hikari matched:
      - @ConditionalOnClass found required class 'com.zaxxer.hikari.HikariDataSource' (OnClassCondition)
      - @ConditionalOnProperty (spring.datasource.type=com.zaxxer.hikari.HikariDataSource) matched (OnPropertyCondition)
      - @ConditionalOnMissingBean (types: javax.sql.DataSource; SearchStrategy: all) did not find any beans (OnBeanCondition)

   DataSourceInitializationConfiguration matched:
      - @ConditionalOnClass found required class 'org.springframework.jdbc.datasource.init.DatabasePopulator' (OnClassCondition)
      - @ConditionalOnSingleCandidate (types: javax.sql.DataSource; SearchStrategy: all) found a single bean 'dataSource'; @ConditionalOnMissingBean (types: org.springframework.boot.autoconfigure.sql.init.SqlDataSourceScriptDatabaseInitializer,org.springframework.boot.autoconfigure.sql.init.SqlR2dbcScriptDatabaseInitializer; SearchStrategy: all) did not find any beans (OnBeanCondition)

   DataSourceJmxConfiguration matched:
      - @ConditionalOnProperty (spring.jmx.enabled=true) matched (OnPropertyCondition)

   DataSourceJmxConfiguration.Hikari matched:
      - @ConditionalOnClass found required class 'com.zaxxer.hikari.HikariDataSource' (OnClassCondition)
      - @ConditionalOnSingleCandidate (types: javax.sql.DataSource; SearchStrategy: all) found a single bean 'dataSource' (OnBeanCondition)

   DataSourcePoolMetadataProvidersConfiguration.HikariPoolDataSourceMetadataProviderConfiguration matched:
      - @ConditionalOnClass found required class 'com.zaxxer.hikari.HikariDataSource' (OnClassCondition)

   DataSourceTransactionManagerAutoConfiguration matched:
      - @ConditionalOnClass found required classes 'javax.sql.DataSource', 'org.springframework.jdbc.core.JdbcTemplate', 'org.springframework.transaction.TransactionManager' (OnClassCondition)

   DataSourceTransactionManagerAutoConfiguration.JdbcTransactionManagerConfiguration matched:
      - @ConditionalOnSingleCandidate (types: javax.sql.DataSource; SearchStrategy: all) found a single bean 'dataSource' (OnBeanCondition)

   DataSourceTransactionManagerAutoConfiguration.JdbcTransactionManagerConfiguration#transactionManager matched:
      - @ConditionalOnMissingBean (types: org.springframework.transaction.TransactionManager; SearchStrategy: all) did not find any beans (OnBeanCondition)

   DevToolsDataSourceAutoConfiguration matched:
      - @ConditionalOnClass found required class 'javax.sql.DataSource' (OnClassCondition)
      - Devtools devtools enabled. (OnEnabledDevToolsCondition)
      - DevTools DataSource Condition found auto-configured DataSource (DevToolsDataSourceAutoConfiguration.DevToolsDataSourceCondition)

   DispatcherServletAutoConfiguration matched:
      - @ConditionalOnClass found required class 'org.springframework.web.servlet.DispatcherServlet' (OnClassCondition)
      - found 'session' scope (OnWebApplicationCondition)

   DispatcherServletAutoConfiguration.DispatcherServletConfiguration matched:
      - @ConditionalOnClass found required class 'jakarta.servlet.ServletRegistration' (OnClassCondition)
      - Default DispatcherServlet did not find dispatcher servlet beans (DispatcherServletAutoConfiguration.DefaultDispatcherServletCondition)

   DispatcherServletAutoConfiguration.DispatcherServletRegistrationConfiguration matched:
      - @ConditionalOnClass found required class 'jakarta.servlet.ServletRegistration' (OnClassCondition)
      - DispatcherServlet Registration did not find servlet registration bean (DispatcherServletAutoConfiguration.DispatcherServletRegistrationCondition)

   DispatcherServletAutoConfiguration.DispatcherServletRegistrationConfiguration#dispatcherServletRegistration matched:
      - @ConditionalOnBean (names: dispatcherServlet types: org.springframework.web.servlet.DispatcherServlet; SearchStrategy: all) found bean 'dispatcherServlet' (OnBeanCondition)

   EmbeddedWebServerFactoryCustomizerAutoConfiguration matched:
      - @ConditionalOnWebApplication (required) found 'session' scope (OnWebApplicationCondition)
      - @ConditionalOnWarDeployment the application is not deployed as a WAR file. (OnWarDeploymentCondition)

   EmbeddedWebServerFactoryCustomizerAutoConfiguration.TomcatWebServerFactoryCustomizerConfiguration matched:
      - @ConditionalOnClass found required classes 'org.apache.catalina.startup.Tomcat', 'org.apache.coyote.UpgradeProtocol' (OnClassCondition)

   ErrorMvcAutoConfiguration matched:
      - @ConditionalOnClass found required classes 'jakarta.servlet.Servlet', 'org.springframework.web.servlet.DispatcherServlet' (OnClassCondition)
      - found 'session' scope (OnWebApplicationCondition)

   ErrorMvcAutoConfiguration#basicErrorController matched:
      - @ConditionalOnMissingBean (types: org.springframework.boot.web.servlet.error.ErrorController; SearchStrategy: current) did not find any beans (OnBeanCondition)

   ErrorMvcAutoConfiguration#errorAttributes matched:
      - @ConditionalOnMissingBean (types: org.springframework.boot.web.servlet.error.ErrorAttributes; SearchStrategy: current) did not find any beans (OnBeanCondition)

   ErrorMvcAutoConfiguration.DefaultErrorViewResolverConfiguration#conventionErrorViewResolver matched:
      - @ConditionalOnBean (types: org.springframework.web.servlet.DispatcherServlet; SearchStrategy: all) found bean 'dispatcherServlet'; @ConditionalOnMissingBean (types: org.springframework.boot.autoconfigure.web.servlet.error.ErrorViewResolver; SearchStrategy: all) did not find any beans (OnBeanCondition)

   ErrorMvcAutoConfiguration.WhitelabelErrorViewConfiguration matched:
      - @ConditionalOnProperty (server.error.whitelabel.enabled) matched (OnPropertyCondition)
      - ErrorTemplate Missing did not find error template view (ErrorMvcAutoConfiguration.ErrorTemplateMissingCondition)

   ErrorMvcAutoConfiguration.WhitelabelErrorViewConfiguration#beanNameViewResolver matched:
      - @ConditionalOnMissingBean (types: org.springframework.web.servlet.view.BeanNameViewResolver; SearchStrategy: all) did not find any beans (OnBeanCondition)

   ErrorMvcAutoConfiguration.WhitelabelErrorViewConfiguration#defaultErrorView matched:
      - @ConditionalOnMissingBean (names: error; SearchStrategy: all) did not find any beans (OnBeanCondition)

   GenericCacheConfiguration matched:
      - Cache org.springframework.boot.autoconfigure.cache.GenericCacheConfiguration automatic cache type (CacheCondition)

   HttpEncodingAutoConfiguration matched:
      - @ConditionalOnClass found required class 'org.springframework.web.filter.CharacterEncodingFilter' (OnClassCondition)
      - found 'session' scope (OnWebApplicationCondition)
      - @ConditionalOnProperty (server.servlet.encoding.enabled) matched (OnPropertyCondition)

   HttpEncodingAutoConfiguration#characterEncodingFilter matched:
      - @ConditionalOnMissingBean (types: org.springframework.web.filter.CharacterEncodingFilter; SearchStrategy: all) did not find any beans (OnBeanCondition)

   HttpMessageConvertersAutoConfiguration matched:
      - @ConditionalOnClass found required class 'org.springframework.http.converter.HttpMessageConverter' (OnClassCondition)
      - NoneNestedConditions 0 matched 1 did not; NestedCondition on HttpMessageConvertersAutoConfiguration.NotReactiveWebApplicationCondition.ReactiveWebApplication did not find reactive web application classes (HttpMessageConvertersAutoConfiguration.NotReactiveWebApplicationCondition)

   HttpMessageConvertersAutoConfiguration#messageConverters matched:
      - @ConditionalOnMissingBean (types: org.springframework.boot.autoconfigure.http.HttpMessageConverters; SearchStrategy: all) did not find any beans (OnBeanCondition)

   HttpMessageConvertersAutoConfiguration.StringHttpMessageConverterConfiguration matched:
      - @ConditionalOnClass found required class 'org.springframework.http.converter.StringHttpMessageConverter' (OnClassCondition)

   HttpMessageConvertersAutoConfiguration.StringHttpMessageConverterConfiguration#stringHttpMessageConverter matched:
      - @ConditionalOnMissingBean (types: org.springframework.http.converter.StringHttpMessageConverter; SearchStrategy: all) did not find any beans (OnBeanCondition)

   JacksonAutoConfiguration matched:
      - @ConditionalOnClass found required class 'com.fasterxml.jackson.databind.ObjectMapper' (OnClassCondition)

   JacksonAutoConfiguration.Jackson2ObjectMapperBuilderCustomizerConfiguration matched:
      - @ConditionalOnClass found required class 'org.springframework.http.converter.json.Jackson2ObjectMapperBuilder' (OnClassCondition)

   JacksonAutoConfiguration.JacksonObjectMapperBuilderConfiguration matched:
      - @ConditionalOnClass found required class 'org.springframework.http.converter.json.Jackson2ObjectMapperBuilder' (OnClassCondition)

   JacksonAutoConfiguration.JacksonObjectMapperBuilderConfiguration#jacksonObjectMapperBuilder matched:
      - @ConditionalOnMissingBean (types: org.springframework.http.converter.json.Jackson2ObjectMapperBuilder; SearchStrategy: all) did not find any beans (OnBeanCondition)

   JacksonAutoConfiguration.JacksonObjectMapperConfiguration matched:
      - @ConditionalOnClass found required class 'org.springframework.http.converter.json.Jackson2ObjectMapperBuilder' (OnClassCondition)

   JacksonAutoConfiguration.JacksonObjectMapperConfiguration#jacksonObjectMapper matched:
      - @ConditionalOnMissingBean (types: com.fasterxml.jackson.databind.ObjectMapper; SearchStrategy: all) did not find any beans (OnBeanCondition)

   JacksonAutoConfiguration.ParameterNamesModuleConfiguration matched:
      - @ConditionalOnClass found required class 'com.fasterxml.jackson.module.paramnames.ParameterNamesModule' (OnClassCondition)

   JacksonAutoConfiguration.ParameterNamesModuleConfiguration#parameterNamesModule matched:
      - @ConditionalOnMissingBean (types: com.fasterxml.jackson.module.paramnames.ParameterNamesModule; SearchStrategy: all) did not find any beans (OnBeanCondition)

   JacksonHttpMessageConvertersConfiguration.MappingJackson2HttpMessageConverterConfiguration matched:
      - @ConditionalOnClass found required class 'com.fasterxml.jackson.databind.ObjectMapper' (OnClassCondition)
      - @ConditionalOnProperty (spring.mvc.converters.preferred-json-mapper=jackson) matched (OnPropertyCondition)
      - @ConditionalOnBean (types: com.fasterxml.jackson.databind.ObjectMapper; SearchStrategy: all) found bean 'jacksonObjectMapper' (OnBeanCondition)

   JacksonHttpMessageConvertersConfiguration.MappingJackson2HttpMessageConverterConfiguration#mappingJackson2HttpMessageConverter matched:
      - @ConditionalOnMissingBean (types: org.springframework.http.converter.json.MappingJackson2HttpMessageConverter ignored: org.springframework.hateoas.server.mvc.TypeConstrainedMappingJackson2HttpMessageConverter,org.springframework.data.rest.webmvc.alps.AlpsJsonHttpMessageConverter; SearchStrategy: all) did not find any beans (OnBeanCondition)

   JdbcClientAutoConfiguration matched:
      - @ConditionalOnSingleCandidate (types: org.springframework.jdbc.core.namedparam.NamedParameterJdbcTemplate; SearchStrategy: all) found a single bean 'namedParameterJdbcTemplate'; @ConditionalOnMissingBean (types: org.springframework.jdbc.core.simple.JdbcClient; SearchStrategy: all) did not find any beans (OnBeanCondition)

   JdbcTemplateAutoConfiguration matched:
      - @ConditionalOnClass found required classes 'javax.sql.DataSource', 'org.springframework.jdbc.core.JdbcTemplate' (OnClassCondition)
      - @ConditionalOnSingleCandidate (types: javax.sql.DataSource; SearchStrategy: all) found a single bean 'dataSource' (OnBeanCondition)

   JdbcTemplateConfiguration matched:
      - @ConditionalOnMissingBean (types: org.springframework.jdbc.core.JdbcOperations; SearchStrategy: all) did not find any beans (OnBeanCondition)

   JmxAutoConfiguration matched:
      - @ConditionalOnClass found required class 'org.springframework.jmx.export.MBeanExporter' (OnClassCondition)
      - @ConditionalOnProperty (spring.jmx.enabled=true) matched (OnPropertyCondition)

   JmxAutoConfiguration#mbeanExporter matched:
      - @ConditionalOnMissingBean (types: org.springframework.jmx.export.MBeanExporter; SearchStrategy: current) did not find any beans (OnBeanCondition)

   JmxAutoConfiguration#mbeanServer matched:
      - @ConditionalOnMissingBean (types: javax.management.MBeanServer; SearchStrategy: all) did not find any beans (OnBeanCondition)

   JmxAutoConfiguration#objectNamingStrategy matched:
      - @ConditionalOnMissingBean (types: org.springframework.jmx.export.naming.ObjectNamingStrategy; SearchStrategy: current) did not find any beans (OnBeanCondition)

   LifecycleAutoConfiguration#defaultLifecycleProcessor matched:
      - @ConditionalOnMissingBean (names: lifecycleProcessor; SearchStrategy: current) did not find any beans (OnBeanCondition)

   LocalDevToolsAutoConfiguration matched:
      - Initialized Restarter Condition available and initialized (OnInitializedRestarterCondition)

   LocalDevToolsAutoConfiguration.LiveReloadConfiguration matched:
      - @ConditionalOnProperty (spring.devtools.livereload.enabled) matched (OnPropertyCondition)

   LocalDevToolsAutoConfiguration.LiveReloadConfiguration#liveReloadServer matched:
      - @ConditionalOnMissingBean (types: org.springframework.boot.devtools.livereload.LiveReloadServer; SearchStrategy: all) did not find any beans (OnBeanCondition)

   LocalDevToolsAutoConfiguration.RestartConfiguration matched:
      - @ConditionalOnProperty (spring.devtools.restart.enabled) matched (OnPropertyCondition)

   LocalDevToolsAutoConfiguration.RestartConfiguration#classPathFileSystemWatcher matched:
      - @ConditionalOnMissingBean (types: org.springframework.boot.devtools.classpath.ClassPathFileSystemWatcher; SearchStrategy: all) did not find any beans (OnBeanCondition)

   LocalDevToolsAutoConfiguration.RestartConfiguration#classPathRestartStrategy matched:
      - @ConditionalOnMissingBean (types: org.springframework.boot.devtools.classpath.ClassPathRestartStrategy; SearchStrategy: all) did not find any beans (OnBeanCondition)

   LocalDevToolsAutoConfiguration.RestartConfiguration#conditionEvaluationDeltaLoggingListener matched:
      - @ConditionalOnProperty (spring.devtools.restart.log-condition-evaluation-delta) matched (OnPropertyCondition)

   MultipartAutoConfiguration matched:
      - @ConditionalOnClass found required classes 'jakarta.servlet.Servlet', 'org.springframework.web.multipart.support.StandardServletMultipartResolver', 'jakarta.servlet.MultipartConfigElement' (OnClassCondition)
      - found 'session' scope (OnWebApplicationCondition)
      - @ConditionalOnProperty (spring.servlet.multipart.enabled) matched (OnPropertyCondition)

   MultipartAutoConfiguration#multipartConfigElement matched:
      - @ConditionalOnMissingBean (types: jakarta.servlet.MultipartConfigElement; SearchStrategy: all) did not find any beans (OnBeanCondition)

   MultipartAutoConfiguration#multipartResolver matched:
      - @ConditionalOnMissingBean (types: org.springframework.web.multipart.MultipartResolver; SearchStrategy: all) did not find any beans (OnBeanCondition)

   MustacheAutoConfiguration matched:
      - @ConditionalOnClass found required class 'com.samskivert.mustache.Mustache' (OnClassCondition)

   MustacheAutoConfiguration#mustacheCompiler matched:
      - @ConditionalOnMissingBean (types: com.samskivert.mustache.Mustache$Compiler; SearchStrategy: all) did not find any beans (OnBeanCondition)

   MustacheAutoConfiguration#mustacheTemplateLoader matched:
      - @ConditionalOnMissingBean (types: com.samskivert.mustache.Mustache$TemplateLoader; SearchStrategy: all) did not find any beans (OnBeanCondition)

   MustacheServletWebConfiguration matched:
      - @ConditionalOnClass found required class 'org.springframework.boot.web.servlet.view.MustacheViewResolver' (OnClassCondition)
      - found 'session' scope (OnWebApplicationCondition)

   MustacheServletWebConfiguration#mustacheViewResolver matched:
      - @ConditionalOnProperty (spring.mustache.enabled) matched (OnPropertyCondition)
      - @ConditionalOnMissingBean (types: org.springframework.boot.web.servlet.view.MustacheViewResolver; SearchStrategy: all) did not find any beans (OnBeanCondition)

   MybatisAutoConfiguration matched:
      - @ConditionalOnClass found required classes 'org.apache.ibatis.session.SqlSessionFactory', 'org.mybatis.spring.SqlSessionFactoryBean' (OnClassCondition)
      - @ConditionalOnSingleCandidate (types: javax.sql.DataSource; SearchStrategy: all) found a single bean 'dataSource' (OnBeanCondition)

   MybatisAutoConfiguration#sqlSessionFactory matched:
      - @ConditionalOnMissingBean (types: org.apache.ibatis.session.SqlSessionFactory; SearchStrategy: all) did not find any beans (OnBeanCondition)

   MybatisAutoConfiguration#sqlSessionTemplate matched:
      - @ConditionalOnMissingBean (types: org.mybatis.spring.SqlSessionTemplate; SearchStrategy: all) did not find any beans (OnBeanCondition)

   MybatisAutoConfiguration.MapperScannerRegistrarNotFoundConfiguration matched:
      - @ConditionalOnMissingBean (types: org.mybatis.spring.mapper.MapperFactoryBean,org.mybatis.spring.mapper.MapperScannerConfigurer; SearchStrategy: all) did not find any beans (OnBeanCondition)

   MybatisLanguageDriverAutoConfiguration matched:
      - @ConditionalOnClass found required class 'org.apache.ibatis.scripting.LanguageDriver' (OnClassCondition)

   NamedParameterJdbcTemplateConfiguration matched:
      - @ConditionalOnSingleCandidate (types: org.springframework.jdbc.core.JdbcTemplate; SearchStrategy: all) found a single bean 'jdbcTemplate'; @ConditionalOnMissingBean (types: org.springframework.jdbc.core.namedparam.NamedParameterJdbcOperations; SearchStrategy: all) did not find any beans (OnBeanCondition)

   NoOpCacheConfiguration matched:
      - Cache org.springframework.boot.autoconfigure.cache.NoOpCacheConfiguration automatic cache type (CacheCondition)

   PersistenceExceptionTranslationAutoConfiguration matched:
      - @ConditionalOnClass found required class 'org.springframework.dao.annotation.PersistenceExceptionTranslationPostProcessor' (OnClassCondition)

   PersistenceExceptionTranslationAutoConfiguration#persistenceExceptionTranslationPostProcessor matched:
      - @ConditionalOnProperty (spring.dao.exceptiontranslation.enabled) matched (OnPropertyCondition)
      - @ConditionalOnMissingBean (types: org.springframework.dao.annotation.PersistenceExceptionTranslationPostProcessor; SearchStrategy: all) did not find any beans (OnBeanCondition)

   PropertyPlaceholderAutoConfiguration#propertySourcesPlaceholderConfigurer matched:
      - @ConditionalOnMissingBean (types: org.springframework.context.support.PropertySourcesPlaceholderConfigurer; SearchStrategy: current) did not find any beans (OnBeanCondition)

   RestClientAutoConfiguration matched:
      - @ConditionalOnClass found required class 'org.springframework.web.client.RestClient' (OnClassCondition)
      - NoneNestedConditions 0 matched 1 did not; NestedCondition on NotReactiveWebApplicationCondition.ReactiveWebApplication did not find reactive web application classes (NotReactiveWebApplicationCondition)

   RestClientAutoConfiguration#httpMessageConvertersRestClientCustomizer matched:
      - @ConditionalOnMissingBean (types: org.springframework.boot.autoconfigure.web.client.HttpMessageConvertersRestClientCustomizer; SearchStrategy: all) did not find any beans (OnBeanCondition)

   RestClientAutoConfiguration#restClientBuilder matched:
      - @ConditionalOnMissingBean (types: org.springframework.web.client.RestClient$Builder; SearchStrategy: all) did not find any beans (OnBeanCondition)

   RestClientAutoConfiguration#restClientBuilderConfigurer matched:
      - @ConditionalOnMissingBean (types: org.springframework.boot.autoconfigure.web.client.RestClientBuilderConfigurer; SearchStrategy: all) did not find any beans (OnBeanCondition)

   RestClientAutoConfiguration#restClientSsl matched:
      - @ConditionalOnBean (types: org.springframework.boot.ssl.SslBundles; SearchStrategy: all) found bean 'sslBundleRegistry'; @ConditionalOnMissingBean (types: org.springframework.boot.autoconfigure.web.client.RestClientSsl; SearchStrategy: all) did not find any beans (OnBeanCondition)

   RestTemplateAutoConfiguration matched:
      - @ConditionalOnClass found required class 'org.springframework.web.client.RestTemplate' (OnClassCondition)
      - NoneNestedConditions 0 matched 1 did not; NestedCondition on NotReactiveWebApplicationCondition.ReactiveWebApplication did not find reactive web application classes (NotReactiveWebApplicationCondition)

   RestTemplateAutoConfiguration#restTemplateBuilder matched:
      - @ConditionalOnMissingBean (types: org.springframework.boot.web.client.RestTemplateBuilder; SearchStrategy: all) did not find any beans (OnBeanCondition)

   SecurityAutoConfiguration matched:
      - @ConditionalOnClass found required class 'org.springframework.security.authentication.DefaultAuthenticationEventPublisher' (OnClassCondition)

   SecurityAutoConfiguration#authenticationEventPublisher matched:
      - @ConditionalOnMissingBean (types: org.springframework.security.authentication.AuthenticationEventPublisher; SearchStrategy: all) did not find any beans (OnBeanCondition)

   SecurityFilterAutoConfiguration matched:
      - @ConditionalOnClass found required classes 'org.springframework.security.web.context.AbstractSecurityWebApplicationInitializer', 'org.springframework.security.config.http.SessionCreationPolicy' (OnClassCondition)
      - found 'session' scope (OnWebApplicationCondition)

   SecurityFilterAutoConfiguration#securityFilterChainRegistration matched:
      - @ConditionalOnBean (names: springSecurityFilterChain; SearchStrategy: all) found bean 'springSecurityFilterChain' (OnBeanCondition)

   ServletWebServerFactoryAutoConfiguration matched:
      - @ConditionalOnClass found required class 'jakarta.servlet.ServletRequest' (OnClassCondition)
      - found 'session' scope (OnWebApplicationCondition)

   ServletWebServerFactoryAutoConfiguration#tomcatServletWebServerFactoryCustomizer matched:
      - @ConditionalOnClass found required class 'org.apache.catalina.startup.Tomcat' (OnClassCondition)

   ServletWebServerFactoryConfiguration.EmbeddedTomcat matched:
      - @ConditionalOnClass found required classes 'jakarta.servlet.Servlet', 'org.apache.catalina.startup.Tomcat', 'org.apache.coyote.UpgradeProtocol' (OnClassCondition)
      - @ConditionalOnMissingBean (types: org.springframework.boot.web.servlet.server.ServletWebServerFactory; SearchStrategy: current) did not find any beans (OnBeanCondition)

   SimpleCacheConfiguration matched:
      - Cache org.springframework.boot.autoconfigure.cache.SimpleCacheConfiguration automatic cache type (CacheCondition)

   SpringApplicationAdminJmxAutoConfiguration matched:
      - @ConditionalOnProperty (spring.application.admin.enabled=true) matched (OnPropertyCondition)

   SpringApplicationAdminJmxAutoConfiguration#springApplicationAdminRegistrar matched:
      - @ConditionalOnMissingBean (types: org.springframework.boot.admin.SpringApplicationAdminMXBeanRegistrar; SearchStrategy: all) did not find any beans (OnBeanCondition)

   SpringBootWebSecurityConfiguration matched:
      - found 'session' scope (OnWebApplicationCondition)

   SqlInitializationAutoConfiguration matched:
      - @ConditionalOnProperty (spring.sql.init.enabled) matched (OnPropertyCondition)
      - NoneNestedConditions 0 matched 1 did not; NestedCondition on SqlInitializationAutoConfiguration.SqlInitializationModeCondition.ModeIsNever @ConditionalOnProperty (spring.sql.init.mode=never) did not find property 'mode' (SqlInitializationAutoConfiguration.SqlInitializationModeCondition)

   SslAutoConfiguration#sslBundleRegistry matched:
      - @ConditionalOnMissingBean (types: org.springframework.boot.ssl.SslBundleRegistry,org.springframework.boot.ssl.SslBundles; SearchStrategy: all) did not find any beans (OnBeanCondition)

   TaskExecutionAutoConfiguration matched:
      - @ConditionalOnClass found required class 'org.springframework.scheduling.concurrent.ThreadPoolTaskExecutor' (OnClassCondition)

   TaskExecutorConfigurations.SimpleAsyncTaskExecutorBuilderConfiguration#simpleAsyncTaskExecutorBuilder matched:
      - @ConditionalOnMissingBean (types: org.springframework.boot.task.SimpleAsyncTaskExecutorBuilder; SearchStrategy: all) did not find any beans (OnBeanCondition)
      - @ConditionalOnThreading found PLATFORM (OnThreadingCondition)

   TaskExecutorConfigurations.TaskExecutorBuilderConfiguration#taskExecutorBuilder matched:
      - @ConditionalOnMissingBean (types: org.springframework.boot.task.TaskExecutorBuilder; SearchStrategy: all) did not find any beans (OnBeanCondition)

   TaskExecutorConfigurations.ThreadPoolTaskExecutorBuilderConfiguration#threadPoolTaskExecutorBuilder matched:
      - @ConditionalOnMissingBean (types: org.springframework.boot.task.TaskExecutorBuilder,org.springframework.boot.task.ThreadPoolTaskExecutorBuilder; SearchStrategy: all) did not find any beans (OnBeanCondition)

   TaskSchedulingAutoConfiguration matched:
      - @ConditionalOnClass found required class 'org.springframework.scheduling.concurrent.ThreadPoolTaskScheduler' (OnClassCondition)

   TaskSchedulingConfigurations.SimpleAsyncTaskSchedulerBuilderConfiguration#simpleAsyncTaskSchedulerBuilder matched:
      - @ConditionalOnMissingBean (types: org.springframework.boot.task.SimpleAsyncTaskSchedulerBuilder; SearchStrategy: all) did not find any beans (OnBeanCondition)
      - @ConditionalOnThreading found PLATFORM (OnThreadingCondition)

   TaskSchedulingConfigurations.TaskSchedulerBuilderConfiguration#taskSchedulerBuilder matched:
      - @ConditionalOnMissingBean (types: org.springframework.boot.task.TaskSchedulerBuilder; SearchStrategy: all) did not find any beans (OnBeanCondition)

   TaskSchedulingConfigurations.ThreadPoolTaskSchedulerBuilderConfiguration#threadPoolTaskSchedulerBuilder matched:
      - @ConditionalOnMissingBean (types: org.springframework.boot.task.TaskSchedulerBuilder,org.springframework.boot.task.ThreadPoolTaskSchedulerBuilder; SearchStrategy: all) did not find any beans (OnBeanCondition)

   TransactionAutoConfiguration matched:
      - @ConditionalOnClass found required class 'org.springframework.transaction.PlatformTransactionManager' (OnClassCondition)

   TransactionAutoConfiguration.EnableTransactionManagementConfiguration matched:
      - @ConditionalOnBean (types: org.springframework.transaction.TransactionManager; SearchStrategy: all) found bean 'transactionManager'; @ConditionalOnMissingBean (types: org.springframework.transaction.annotation.AbstractTransactionManagementConfiguration; SearchStrategy: all) did not find any beans (OnBeanCondition)

   TransactionAutoConfiguration.EnableTransactionManagementConfiguration.CglibAutoProxyConfiguration matched:
      - @ConditionalOnProperty (spring.aop.proxy-target-class=true) matched (OnPropertyCondition)

   TransactionAutoConfiguration.TransactionTemplateConfiguration matched:
      - @ConditionalOnSingleCandidate (types: org.springframework.transaction.PlatformTransactionManager; SearchStrategy: all) found a single bean 'transactionManager' (OnBeanCondition)

   TransactionAutoConfiguration.TransactionTemplateConfiguration#transactionTemplate matched:
      - @ConditionalOnMissingBean (types: org.springframework.transaction.support.TransactionOperations; SearchStrategy: all) did not find any beans (OnBeanCondition)

   TransactionManagerCustomizationAutoConfiguration matched:
      - @ConditionalOnClass found required class 'org.springframework.transaction.PlatformTransactionManager' (OnClassCondition)

   TransactionManagerCustomizationAutoConfiguration#platformTransactionManagerCustomizers matched:
      - @ConditionalOnMissingBean (types: org.springframework.boot.autoconfigure.transaction.TransactionManagerCustomizers; SearchStrategy: all) did not find any beans (OnBeanCondition)

   UserDetailsServiceAutoConfiguration matched:
      - @ConditionalOnClass found required class 'org.springframework.security.authentication.AuthenticationManager' (OnClassCondition)
      - AnyNestedCondition 1 matched 2 did not; NestedCondition on UserDetailsServiceAutoConfiguration.MissingAlternativeOrUserPropertiesConfigured.PasswordConfigured @ConditionalOnProperty (spring.security.user.password) did not find property 'password'; NestedCondition on UserDetailsServiceAutoConfiguration.MissingAlternativeOrUserPropertiesConfigured.NameConfigured @ConditionalOnProperty (spring.security.user.name) did not find property 'name'; NestedCondition on UserDetailsServiceAutoConfiguration.MissingAlternativeOrUserPropertiesConfigured.MissingAlternative @ConditionalOnMissingClass did not find unwanted classes 'org.springframework.security.oauth2.client.registration.ClientRegistrationRepository', 'org.springframework.security.oauth2.server.resource.introspection.OpaqueTokenIntrospector', 'org.springframework.security.saml2.provider.service.registration.RelyingPartyRegistrationRepository' (UserDetailsServiceAutoConfiguration.MissingAlternativeOrUserPropertiesConfigured)
      - @ConditionalOnBean (types: org.springframework.security.config.annotation.ObjectPostProcessor; SearchStrategy: all) found bean 'objectPostProcessor'; @ConditionalOnMissingBean (types: org.springframework.security.authentication.AuthenticationManager,org.springframework.security.authentication.AuthenticationProvider,org.springframework.security.core.userdetails.UserDetailsService,org.springframework.security.authentication.AuthenticationManagerResolver,org.springframework.security.oauth2.jwt.JwtDecoder; SearchStrategy: all) did not find any beans (OnBeanCondition)

   ValidationAutoConfiguration matched:
      - @ConditionalOnClass found required class 'jakarta.validation.executable.ExecutableValidator' (OnClassCondition)
      - @ConditionalOnResource found location classpath:META-INF/services/jakarta.validation.spi.ValidationProvider (OnResourceCondition)

   ValidationAutoConfiguration#defaultValidator matched:
      - @ConditionalOnMissingBean (types: jakarta.validation.Validator; SearchStrategy: all) did not find any beans (OnBeanCondition)

   ValidationAutoConfiguration#methodValidationPostProcessor matched:
      - @ConditionalOnMissingBean (types: org.springframework.validation.beanvalidation.MethodValidationPostProcessor; SearchStrategy: current) did not find any beans (OnBeanCondition)

   WebMvcAutoConfiguration matched:
      - @ConditionalOnClass found required classes 'jakarta.servlet.Servlet', 'org.springframework.web.servlet.DispatcherServlet', 'org.springframework.web.servlet.config.annotation.WebMvcConfigurer' (OnClassCondition)
      - found 'session' scope (OnWebApplicationCondition)
      - @ConditionalOnMissingBean (types: org.springframework.web.servlet.config.annotation.WebMvcConfigurationSupport; SearchStrategy: all) did not find any beans (OnBeanCondition)

   WebMvcAutoConfiguration#formContentFilter matched:
      - @ConditionalOnProperty (spring.mvc.formcontent.filter.enabled) matched (OnPropertyCondition)
      - @ConditionalOnMissingBean (types: org.springframework.web.filter.FormContentFilter; SearchStrategy: all) did not find any beans (OnBeanCondition)

   WebMvcAutoConfiguration.EnableWebMvcConfiguration#flashMapManager matched:
      - @ConditionalOnMissingBean (names: flashMapManager; SearchStrategy: all) did not find any beans (OnBeanCondition)

   WebMvcAutoConfiguration.EnableWebMvcConfiguration#localeResolver matched:
      - @ConditionalOnMissingBean (names: localeResolver; SearchStrategy: all) did not find any beans (OnBeanCondition)

   WebMvcAutoConfiguration.EnableWebMvcConfiguration#themeResolver matched:
      - @ConditionalOnMissingBean (names: themeResolver; SearchStrategy: all) did not find any beans (OnBeanCondition)

   WebMvcAutoConfiguration.WebMvcAutoConfigurationAdapter#defaultViewResolver matched:
      - @ConditionalOnMissingBean (types: org.springframework.web.servlet.view.InternalResourceViewResolver; SearchStrategy: all) did not find any beans (OnBeanCondition)

   WebMvcAutoConfiguration.WebMvcAutoConfigurationAdapter#requestContextFilter matched:
      - @ConditionalOnMissingBean (types: org.springframework.web.context.request.RequestContextListener,org.springframework.web.filter.RequestContextFilter; SearchStrategy: all) did not find any beans (OnBeanCondition)

   WebMvcAutoConfiguration.WebMvcAutoConfigurationAdapter#viewResolver matched:
      - @ConditionalOnBean (types: org.springframework.web.servlet.ViewResolver; SearchStrategy: all) found beans 'defaultViewResolver', 'beanNameViewResolver', 'mvcViewResolver'; @ConditionalOnMissingBean (names: viewResolver types: org.springframework.web.servlet.view.ContentNegotiatingViewResolver; SearchStrategy: all) did not find any beans (OnBeanCondition)

   WebSocketMessagingAutoConfiguration matched:
      - @ConditionalOnClass found required class 'org.springframework.web.socket.config.annotation.WebSocketMessageBrokerConfigurer' (OnClassCondition)
      - found 'session' scope (OnWebApplicationCondition)

   WebSocketMessagingAutoConfiguration.WebSocketMessageConverterConfiguration matched:
      - @ConditionalOnClass found required classes 'com.fasterxml.jackson.databind.ObjectMapper', 'org.springframework.messaging.simp.config.AbstractMessageBrokerConfiguration' (OnClassCondition)
      - @ConditionalOnBean (types: org.springframework.web.socket.config.annotation.DelegatingWebSocketMessageBrokerConfiguration,com.fasterxml.jackson.databind.ObjectMapper; SearchStrategy: all) found beans 'jacksonObjectMapper', 'org.springframework.web.socket.config.annotation.DelegatingWebSocketMessageBrokerConfiguration' (OnBeanCondition)

   WebSocketServletAutoConfiguration matched:
      - @ConditionalOnClass found required classes 'jakarta.servlet.Servlet', 'jakarta.websocket.server.ServerContainer' (OnClassCondition)
      - found 'session' scope (OnWebApplicationCondition)

   WebSocketServletAutoConfiguration.TomcatWebSocketConfiguration matched:
      - @ConditionalOnClass found required classes 'org.apache.catalina.startup.Tomcat', 'org.apache.tomcat.websocket.server.WsSci' (OnClassCondition)

   WebSocketServletAutoConfiguration.TomcatWebSocketConfiguration#websocketServletWebServerCustomizer matched:
      - @ConditionalOnMissingBean (names: websocketServletWebServerCustomizer; SearchStrategy: all) did not find any beans (OnBeanCondition)


Negative matches:
-----------------

   ActiveMQAutoConfiguration:
      Did not match:
         - @ConditionalOnClass did not find required class 'jakarta.jms.ConnectionFactory' (OnClassCondition)

   AopAutoConfiguration.AspectJAutoProxyingConfiguration:
      Did not match:
         - @ConditionalOnClass did not find required class 'org.aspectj.weaver.Advice' (OnClassCondition)

   ArtemisAutoConfiguration:
      Did not match:
         - @ConditionalOnClass did not find required class 'jakarta.jms.ConnectionFactory' (OnClassCondition)

   BatchAutoConfiguration:
      Did not match:
         - @ConditionalOnClass did not find required class 'org.springframework.batch.core.launch.JobLauncher' (OnClassCondition)

   Cache2kCacheConfiguration:
      Did not match:
         - @ConditionalOnClass did not find required class 'org.cache2k.Cache2kBuilder' (OnClassCondition)

   CacheAutoConfiguration:
      Did not match:
         - @ConditionalOnBean (types: org.springframework.cache.interceptor.CacheAspectSupport; SearchStrategy: all) did not find any beans of type org.springframework.cache.interceptor.CacheAspectSupport (OnBeanCondition)
      Matched:
         - @ConditionalOnClass found required class 'org.springframework.cache.CacheManager' (OnClassCondition)

   CacheAutoConfiguration.CacheManagerEntityManagerFactoryDependsOnPostProcessor:
      Did not match:
         - @ConditionalOnClass did not find required class 'org.springframework.orm.jpa.LocalContainerEntityManagerFactoryBean' (OnClassCondition)
         - Ancestor org.springframework.boot.autoconfigure.cache.CacheAutoConfiguration did not match (ConditionEvaluationReport.AncestorsMatchedCondition)

   CaffeineCacheConfiguration:
      Did not match:
         - @ConditionalOnClass did not find required class 'com.github.benmanes.caffeine.cache.Caffeine' (OnClassCondition)

   CassandraAutoConfiguration:
      Did not match:
         - @ConditionalOnClass did not find required class 'com.datastax.oss.driver.api.core.CqlSession' (OnClassCondition)

   CassandraDataAutoConfiguration:
      Did not match:
         - @ConditionalOnClass did not find required class 'com.datastax.oss.driver.api.core.CqlSession' (OnClassCondition)

   CassandraReactiveDataAutoConfiguration:
      Did not match:
         - @ConditionalOnClass did not find required class 'com.datastax.oss.driver.api.core.CqlSession' (OnClassCondition)

   CassandraReactiveRepositoriesAutoConfiguration:
      Did not match:
         - @ConditionalOnClass did not find required class 'org.springframework.data.cassandra.ReactiveSession' (OnClassCondition)

   CassandraRepositoriesAutoConfiguration:
      Did not match:
         - @ConditionalOnClass did not find required class 'com.datastax.oss.driver.api.core.CqlSession' (OnClassCondition)

   ClientHttpConnectorAutoConfiguration:
      Did not match:
         - @ConditionalOnClass did not find required class 'org.springframework.web.reactive.function.client.WebClient' (OnClassCondition)

   CodecsAutoConfiguration:
      Did not match:
         - @ConditionalOnClass did not find required class 'org.springframework.web.reactive.function.client.WebClient' (OnClassCondition)

   CouchbaseAutoConfiguration:
      Did not match:
         - @ConditionalOnClass did not find required class 'com.couchbase.client.java.Cluster' (OnClassCondition)

   CouchbaseCacheConfiguration:
      Did not match:
         - @ConditionalOnClass did not find required class 'com.couchbase.client.java.Cluster' (OnClassCondition)

   CouchbaseDataAutoConfiguration:
      Did not match:
         - @ConditionalOnClass did not find required class 'com.couchbase.client.java.Bucket' (OnClassCondition)

   CouchbaseReactiveDataAutoConfiguration:
      Did not match:
         - @ConditionalOnClass did not find required class 'com.couchbase.client.java.Cluster' (OnClassCondition)

   CouchbaseReactiveRepositoriesAutoConfiguration:
      Did not match:
         - @ConditionalOnClass did not find required class 'com.couchbase.client.java.Cluster' (OnClassCondition)

   CouchbaseRepositoriesAutoConfiguration:
      Did not match:
         - @ConditionalOnClass did not find required class 'com.couchbase.client.java.Bucket' (OnClassCondition)

   DataSourceAutoConfiguration.EmbeddedDatabaseConfiguration:
      Did not match:
         - EmbeddedDataSource spring.datasource.url is set (DataSourceAutoConfiguration.EmbeddedDatabaseCondition)

   DataSourceCheckpointRestoreConfiguration:
      Did not match:
         - @ConditionalOnClass did not find required class 'org.crac.Resource' (OnClassCondition)

   DataSourceConfiguration.Dbcp2:
      Did not match:
         - @ConditionalOnClass did not find required class 'org.apache.commons.dbcp2.BasicDataSource' (OnClassCondition)

   DataSourceConfiguration.Generic:
      Did not match:
         - @ConditionalOnProperty (spring.datasource.type) did not find property 'spring.datasource.type' (OnPropertyCondition)

   DataSourceConfiguration.OracleUcp:
      Did not match:
         - @ConditionalOnClass did not find required classes 'oracle.ucp.jdbc.PoolDataSourceImpl', 'oracle.jdbc.OracleConnection' (OnClassCondition)

   DataSourceConfiguration.Tomcat:
      Did not match:
         - @ConditionalOnClass did not find required class 'org.apache.tomcat.jdbc.pool.DataSource' (OnClassCondition)

   DataSourceJmxConfiguration.TomcatDataSourceJmxConfiguration:
      Did not match:
         - @ConditionalOnClass did not find required class 'org.apache.tomcat.jdbc.pool.DataSourceProxy' (OnClassCondition)

   DataSourcePoolMetadataProvidersConfiguration.CommonsDbcp2PoolDataSourceMetadataProviderConfiguration:
      Did not match:
         - @ConditionalOnClass did not find required class 'org.apache.commons.dbcp2.BasicDataSource' (OnClassCondition)

   DataSourcePoolMetadataProvidersConfiguration.OracleUcpPoolDataSourceMetadataProviderConfiguration:
      Did not match:
         - @ConditionalOnClass did not find required classes 'oracle.ucp.jdbc.PoolDataSource', 'oracle.jdbc.OracleConnection' (OnClassCondition)

   DataSourcePoolMetadataProvidersConfiguration.TomcatDataSourcePoolMetadataProviderConfiguration:
      Did not match:
         - @ConditionalOnClass did not find required class 'org.apache.tomcat.jdbc.pool.DataSource' (OnClassCondition)

   DevToolsDataSourceAutoConfiguration.DatabaseShutdownExecutorEntityManagerFactoryDependsOnPostProcessor:
      Did not match:
         - @ConditionalOnClass did not find required class 'org.springframework.orm.jpa.LocalContainerEntityManagerFactoryBean' (OnClassCondition)

   DevToolsR2dbcAutoConfiguration:
      Did not match:
         - @ConditionalOnClass did not find required class 'io.r2dbc.spi.ConnectionFactory' (OnClassCondition)

   DispatcherServletAutoConfiguration.DispatcherServletConfiguration#multipartResolver:
      Did not match:
         - @ConditionalOnBean (types: org.springframework.web.multipart.MultipartResolver; SearchStrategy: all) did not find any beans of type org.springframework.web.multipart.MultipartResolver (OnBeanCondition)

   ElasticsearchClientAutoConfiguration:
      Did not match:
         - @ConditionalOnClass did not find required class 'co.elastic.clients.elasticsearch.ElasticsearchClient' (OnClassCondition)

   ElasticsearchDataAutoConfiguration:
      Did not match:
         - @ConditionalOnClass did not find required class 'org.springframework.data.elasticsearch.client.elc.ElasticsearchTemplate' (OnClassCondition)

   ElasticsearchRepositoriesAutoConfiguration:
      Did not match:
         - @ConditionalOnClass did not find required class 'org.springframework.data.elasticsearch.repository.ElasticsearchRepository' (OnClassCondition)

   ElasticsearchRestClientAutoConfiguration:
      Did not match:
         - @ConditionalOnClass did not find required class 'org.elasticsearch.client.RestClientBuilder' (OnClassCondition)

   EmbeddedLdapAutoConfiguration:
      Did not match:
         - @ConditionalOnClass did not find required class 'com.unboundid.ldap.listener.InMemoryDirectoryServer' (OnClassCondition)

   EmbeddedWebServerFactoryCustomizerAutoConfiguration.JettyWebServerFactoryCustomizerConfiguration:
      Did not match:
         - @ConditionalOnClass did not find required classes 'org.eclipse.jetty.server.Server', 'org.eclipse.jetty.util.Loader', 'org.eclipse.jetty.ee10.webapp.WebAppContext' (OnClassCondition)

   EmbeddedWebServerFactoryCustomizerAutoConfiguration.NettyWebServerFactoryCustomizerConfiguration:
      Did not match:
         - @ConditionalOnClass did not find required class 'reactor.netty.http.server.HttpServer' (OnClassCondition)

   EmbeddedWebServerFactoryCustomizerAutoConfiguration.TomcatWebServerFactoryCustomizerConfiguration#tomcatVirtualThreadsProtocolHandlerCustomizer:
      Did not match:
         - @ConditionalOnThreading did not find VIRTUAL (OnThreadingCondition)

   EmbeddedWebServerFactoryCustomizerAutoConfiguration.UndertowWebServerFactoryCustomizerConfiguration:
      Did not match:
         - @ConditionalOnClass did not find required classes 'io.undertow.Undertow', 'org.xnio.SslClientAuthMode' (OnClassCondition)

   ErrorWebFluxAutoConfiguration:
      Did not match:
         - @ConditionalOnClass did not find required class 'org.springframework.web.reactive.config.WebFluxConfigurer' (OnClassCondition)

   FlywayAutoConfiguration:
      Did not match:
         - @ConditionalOnClass did not find required class 'org.flywaydb.core.Flyway' (OnClassCondition)

   FreeMarkerAutoConfiguration:
      Did not match:
         - @ConditionalOnClass did not find required class 'freemarker.template.Configuration' (OnClassCondition)

   GraphQlAutoConfiguration:
      Did not match:
         - @ConditionalOnClass did not find required class 'graphql.GraphQL' (OnClassCondition)

   GraphQlQueryByExampleAutoConfiguration:
      Did not match:
         - @ConditionalOnClass did not find required class 'graphql.GraphQL' (OnClassCondition)

   GraphQlQuerydslAutoConfiguration:
      Did not match:
         - @ConditionalOnClass did not find required class 'com.querydsl.core.Query' (OnClassCondition)

   GraphQlRSocketAutoConfiguration:
      Did not match:
         - @ConditionalOnClass did not find required class 'graphql.GraphQL' (OnClassCondition)

   GraphQlReactiveQueryByExampleAutoConfiguration:
      Did not match:
         - @ConditionalOnClass did not find required class 'graphql.GraphQL' (OnClassCondition)

   GraphQlReactiveQuerydslAutoConfiguration:
      Did not match:
         - @ConditionalOnClass did not find required class 'com.querydsl.core.Query' (OnClassCondition)

   GraphQlWebFluxAutoConfiguration:
      Did not match:
         - @ConditionalOnClass did not find required class 'graphql.GraphQL' (OnClassCondition)

   GraphQlWebFluxSecurityAutoConfiguration:
      Did not match:
         - @ConditionalOnClass did not find required class 'graphql.GraphQL' (OnClassCondition)

   GraphQlWebMvcAutoConfiguration:
      Did not match:
         - @ConditionalOnClass did not find required class 'graphql.GraphQL' (OnClassCondition)

   GraphQlWebMvcSecurityAutoConfiguration:
      Did not match:
         - @ConditionalOnClass did not find required class 'graphql.GraphQL' (OnClassCondition)

   GroovyTemplateAutoConfiguration:
      Did not match:
         - @ConditionalOnClass did not find required class 'groovy.text.markup.MarkupTemplateEngine' (OnClassCondition)

   GsonAutoConfiguration:
      Did not match:
         - @ConditionalOnClass did not find required class 'com.google.gson.Gson' (OnClassCondition)

   GsonHttpMessageConvertersConfiguration:
      Did not match:
         - @ConditionalOnClass did not find required class 'com.google.gson.Gson' (OnClassCondition)

   H2ConsoleAutoConfiguration:
      Did not match:
         - @ConditionalOnClass did not find required class 'org.h2.server.web.JakartaWebServlet' (OnClassCondition)

   HazelcastAutoConfiguration:
      Did not match:
         - @ConditionalOnClass did not find required class 'com.hazelcast.core.HazelcastInstance' (OnClassCondition)

   HazelcastCacheConfiguration:
      Did not match:
         - @ConditionalOnClass did not find required class 'com.hazelcast.core.HazelcastInstance' (OnClassCondition)

   HazelcastJpaDependencyAutoConfiguration:
      Did not match:
         - @ConditionalOnClass did not find required class 'com.hazelcast.core.HazelcastInstance' (OnClassCondition)

   HibernateJpaAutoConfiguration:
      Did not match:
         - @ConditionalOnClass did not find required class 'jakarta.persistence.EntityManager' (OnClassCondition)

   HttpHandlerAutoConfiguration:
      Did not match:
         - @ConditionalOnClass did not find required class 'org.springframework.web.reactive.DispatcherHandler' (OnClassCondition)

   HypermediaAutoConfiguration:
      Did not match:
         - @ConditionalOnClass did not find required class 'org.springframework.hateoas.EntityModel' (OnClassCondition)

   InfinispanCacheConfiguration:
      Did not match:
         - @ConditionalOnClass did not find required class 'org.infinispan.spring.embedded.provider.SpringEmbeddedCacheManager' (OnClassCondition)

   InfluxDbAutoConfiguration:
      Did not match:
         - @ConditionalOnClass did not find required class 'org.influxdb.InfluxDB' (OnClassCondition)

   IntegrationAutoConfiguration:
      Did not match:
         - @ConditionalOnClass did not find required class 'org.springframework.integration.config.EnableIntegration' (OnClassCondition)

   JCacheCacheConfiguration:
      Did not match:
         - @ConditionalOnClass did not find required class 'javax.cache.Caching' (OnClassCondition)

   JacksonHttpMessageConvertersConfiguration.MappingJackson2XmlHttpMessageConverterConfiguration:
      Did not match:
         - @ConditionalOnClass did not find required class 'com.fasterxml.jackson.dataformat.xml.XmlMapper' (OnClassCondition)

   JdbcRepositoriesAutoConfiguration:
      Did not match:
         - @ConditionalOnClass did not find required class 'org.springframework.data.jdbc.repository.config.AbstractJdbcConfiguration' (OnClassCondition)

   JerseyAutoConfiguration:
      Did not match:
         - @ConditionalOnClass did not find required class 'org.glassfish.jersey.server.spring.SpringComponentProvider' (OnClassCondition)

   JmsAutoConfiguration:
      Did not match:
         - @ConditionalOnClass did not find required class 'jakarta.jms.Message' (OnClassCondition)

   JndiConnectionFactoryAutoConfiguration:
      Did not match:
         - @ConditionalOnClass did not find required class 'org.springframework.jms.core.JmsTemplate' (OnClassCondition)

   JndiDataSourceAutoConfiguration:
      Did not match:
         - @ConditionalOnProperty (spring.datasource.jndi-name) did not find property 'jndi-name' (OnPropertyCondition)
      Matched:
         - @ConditionalOnClass found required classes 'javax.sql.DataSource', 'org.springframework.jdbc.datasource.embedded.EmbeddedDatabaseType' (OnClassCondition)

   JooqAutoConfiguration:
      Did not match:
         - @ConditionalOnClass did not find required class 'org.jooq.DSLContext' (OnClassCondition)

   JpaRepositoriesAutoConfiguration:
      Did not match:
         - @ConditionalOnClass did not find required class 'org.springframework.data.jpa.repository.JpaRepository' (OnClassCondition)

   JsonbAutoConfiguration:
      Did not match:
         - @ConditionalOnClass did not find required class 'jakarta.json.bind.Jsonb' (OnClassCondition)

   JsonbHttpMessageConvertersConfiguration:
      Did not match:
         - @ConditionalOnClass did not find required class 'jakarta.json.bind.Jsonb' (OnClassCondition)

   JtaAutoConfiguration:
      Did not match:
         - @ConditionalOnClass did not find required class 'jakarta.transaction.Transaction' (OnClassCondition)

   KafkaAutoConfiguration:
      Did not match:
         - @ConditionalOnClass did not find required class 'org.springframework.kafka.core.KafkaTemplate' (OnClassCondition)

   LdapAutoConfiguration:
      Did not match:
         - @ConditionalOnClass did not find required class 'org.springframework.ldap.core.ContextSource' (OnClassCondition)

   LdapRepositoriesAutoConfiguration:
      Did not match:
         - @ConditionalOnClass did not find required class 'org.springframework.data.ldap.repository.LdapRepository' (OnClassCondition)

   LiquibaseAutoConfiguration:
      Did not match:
         - @ConditionalOnClass did not find required class 'liquibase.change.DatabaseChange' (OnClassCondition)

   MailSenderAutoConfiguration:
      Did not match:
         - @ConditionalOnClass did not find required class 'jakarta.activation.MimeType' (OnClassCondition)

   MailSenderValidatorAutoConfiguration:
      Did not match:
         - @ConditionalOnSingleCandidate did not find required type 'org.springframework.mail.javamail.JavaMailSenderImpl' (OnBeanCondition)

   MessageSourceAutoConfiguration:
      Did not match:
         - ResourceBundle did not find bundle with basename messages (MessageSourceAutoConfiguration.ResourceBundleCondition)

   MongoAutoConfiguration:
      Did not match:
         - @ConditionalOnClass did not find required class 'com.mongodb.client.MongoClient' (OnClassCondition)

   MongoDataAutoConfiguration:
      Did not match:
         - @ConditionalOnClass did not find required class 'com.mongodb.client.MongoClient' (OnClassCondition)

   MongoReactiveAutoConfiguration:
      Did not match:
         - @ConditionalOnClass did not find required class 'com.mongodb.reactivestreams.client.MongoClient' (OnClassCondition)

   MongoReactiveDataAutoConfiguration:
      Did not match:
         - @ConditionalOnClass did not find required class 'com.mongodb.reactivestreams.client.MongoClient' (OnClassCondition)

   MongoReactiveRepositoriesAutoConfiguration:
      Did not match:
         - @ConditionalOnClass did not find required class 'com.mongodb.reactivestreams.client.MongoClient' (OnClassCondition)

   MongoRepositoriesAutoConfiguration:
      Did not match:
         - @ConditionalOnClass did not find required class 'com.mongodb.client.MongoClient' (OnClassCondition)

   MustacheReactiveWebConfiguration:
      Did not match:
         - did not find reactive web application classes (OnWebApplicationCondition)

   MybatisLanguageDriverAutoConfiguration.FreeMarkerConfiguration:
      Did not match:
         - @ConditionalOnClass did not find required classes 'org.mybatis.scripting.freemarker.FreeMarkerLanguageDriver', 'org.mybatis.scripting.freemarker.FreeMarkerLanguageDriverConfig' (OnClassCondition)

   MybatisLanguageDriverAutoConfiguration.LegacyFreeMarkerConfiguration:
      Did not match:
         - @ConditionalOnClass did not find required class 'org.mybatis.scripting.freemarker.FreeMarkerLanguageDriver' (OnClassCondition)

   MybatisLanguageDriverAutoConfiguration.LegacyVelocityConfiguration:
      Did not match:
         - @ConditionalOnClass did not find required class 'org.mybatis.scripting.velocity.Driver' (OnClassCondition)

   MybatisLanguageDriverAutoConfiguration.ThymeleafConfiguration:
      Did not match:
         - @ConditionalOnClass did not find required class 'org.mybatis.scripting.thymeleaf.ThymeleafLanguageDriver' (OnClassCondition)

   MybatisLanguageDriverAutoConfiguration.VelocityConfiguration:
      Did not match:
         - @ConditionalOnClass did not find required classes 'org.mybatis.scripting.velocity.VelocityLanguageDriver', 'org.mybatis.scripting.velocity.VelocityLanguageDriverConfig' (OnClassCondition)

   Neo4jAutoConfiguration:
      Did not match:
         - @ConditionalOnClass did not find required class 'org.neo4j.driver.Driver' (OnClassCondition)

   Neo4jDataAutoConfiguration:
      Did not match:
         - @ConditionalOnClass did not find required class 'org.neo4j.driver.Driver' (OnClassCondition)

   Neo4jReactiveDataAutoConfiguration:
      Did not match:
         - @ConditionalOnClass did not find required class 'org.neo4j.driver.Driver' (OnClassCondition)

   Neo4jReactiveRepositoriesAutoConfiguration:
      Did not match:
         - @ConditionalOnClass did not find required class 'org.neo4j.driver.Driver' (OnClassCondition)

   Neo4jRepositoriesAutoConfiguration:
      Did not match:
         - @ConditionalOnClass did not find required class 'org.neo4j.driver.Driver' (OnClassCondition)

   NettyAutoConfiguration:
      Did not match:
         - @ConditionalOnClass did not find required class 'io.netty.util.NettyRuntime' (OnClassCondition)

   OAuth2AuthorizationServerAutoConfiguration:
      Did not match:
         - @ConditionalOnClass did not find required class 'org.springframework.security.oauth2.server.authorization.OAuth2Authorization' (OnClassCondition)

   OAuth2AuthorizationServerJwtAutoConfiguration:
      Did not match:
         - @ConditionalOnClass did not find required class 'org.springframework.security.oauth2.server.authorization.OAuth2Authorization' (OnClassCondition)

   OAuth2ClientAutoConfiguration:
      Did not match:
         - @ConditionalOnClass did not find required class 'org.springframework.security.oauth2.client.registration.ClientRegistration' (OnClassCondition)

   OAuth2ResourceServerAutoConfiguration:
      Did not match:
         - @ConditionalOnClass did not find required class 'org.springframework.security.oauth2.server.resource.authentication.BearerTokenAuthenticationToken' (OnClassCondition)

   ProjectInfoAutoConfiguration#buildProperties:
      Did not match:
         - @ConditionalOnResource did not find resource '${spring.info.build.location:classpath:META-INF/build-info.properties}' (OnResourceCondition)

   ProjectInfoAutoConfiguration#gitProperties:
      Did not match:
         - GitResource did not find git info at classpath:git.properties (ProjectInfoAutoConfiguration.GitResourceAvailableCondition)

   PulsarAutoConfiguration:
      Did not match:
         - @ConditionalOnClass did not find required class 'org.apache.pulsar.client.api.PulsarClient' (OnClassCondition)

   PulsarReactiveAutoConfiguration:
      Did not match:
         - @ConditionalOnClass did not find required class 'org.apache.pulsar.client.api.PulsarClient' (OnClassCondition)

   QuartzAutoConfiguration:
      Did not match:
         - @ConditionalOnClass did not find required class 'org.quartz.Scheduler' (OnClassCondition)

   R2dbcAutoConfiguration:
      Did not match:
         - @ConditionalOnClass did not find required class 'io.r2dbc.spi.ConnectionFactory' (OnClassCondition)

   R2dbcDataAutoConfiguration:
      Did not match:
         - @ConditionalOnClass did not find required class 'org.springframework.data.r2dbc.core.R2dbcEntityTemplate' (OnClassCondition)

   R2dbcInitializationConfiguration:
      Did not match:
         - @ConditionalOnClass did not find required classes 'io.r2dbc.spi.ConnectionFactory', 'org.springframework.r2dbc.connection.init.DatabasePopulator' (OnClassCondition)

   R2dbcRepositoriesAutoConfiguration:
      Did not match:
         - @ConditionalOnClass did not find required class 'io.r2dbc.spi.ConnectionFactory' (OnClassCondition)

   R2dbcTransactionManagerAutoConfiguration:
      Did not match:
         - @ConditionalOnClass did not find required class 'org.springframework.r2dbc.connection.R2dbcTransactionManager' (OnClassCondition)

   RSocketGraphQlClientAutoConfiguration:
      Did not match:
         - @ConditionalOnClass did not find required class 'graphql.GraphQL' (OnClassCondition)

   RSocketMessagingAutoConfiguration:
      Did not match:
         - @ConditionalOnClass did not find required class 'io.rsocket.RSocket' (OnClassCondition)

   RSocketRequesterAutoConfiguration:
      Did not match:
         - @ConditionalOnClass did not find required class 'io.rsocket.RSocket' (OnClassCondition)

   RSocketSecurityAutoConfiguration:
      Did not match:
         - @ConditionalOnClass did not find required class 'org.springframework.security.rsocket.core.SecuritySocketAcceptorInterceptor' (OnClassCondition)

   RSocketServerAutoConfiguration:
      Did not match:
         - @ConditionalOnClass did not find required class 'io.rsocket.core.RSocketServer' (OnClassCondition)

   RSocketStrategiesAutoConfiguration:
      Did not match:
         - @ConditionalOnClass did not find required class 'io.netty.buffer.PooledByteBufAllocator' (OnClassCondition)

   RabbitAutoConfiguration:
      Did not match:
         - @ConditionalOnClass did not find required class 'com.rabbitmq.client.Channel' (OnClassCondition)

   ReactiveElasticsearchClientAutoConfiguration:
      Did not match:
         - @ConditionalOnClass did not find required class 'co.elastic.clients.transport.ElasticsearchTransport' (OnClassCondition)

   ReactiveElasticsearchRepositoriesAutoConfiguration:
      Did not match:
         - @ConditionalOnClass did not find required class 'org.springframework.data.elasticsearch.client.elc.ReactiveElasticsearchClient' (OnClassCondition)

   ReactiveMultipartAutoConfiguration:
      Did not match:
         - @ConditionalOnClass did not find required class 'org.springframework.web.reactive.config.WebFluxConfigurer' (OnClassCondition)

   ReactiveOAuth2ClientAutoConfiguration:
      Did not match:
         - @ConditionalOnClass did not find required class 'reactor.core.publisher.Flux' (OnClassCondition)

   ReactiveOAuth2ResourceServerAutoConfiguration:
      Did not match:
         - @ConditionalOnWebApplication did not find reactive web application classes (OnWebApplicationCondition)

   ReactiveSecurityAutoConfiguration:
      Did not match:
         - @ConditionalOnClass did not find required class 'reactor.core.publisher.Flux' (OnClassCondition)

   ReactiveUserDetailsServiceAutoConfiguration:
      Did not match:
         - AnyNestedCondition 0 matched 2 did not; NestedCondition on ReactiveUserDetailsServiceAutoConfiguration.RSocketEnabledOrReactiveWebApplication.ReactiveWebApplicationCondition did not find reactive web application classes; NestedCondition on ReactiveUserDetailsServiceAutoConfiguration.RSocketEnabledOrReactiveWebApplication.RSocketSecurityEnabledCondition @ConditionalOnBean (types: org.springframework.messaging.rsocket.annotation.support.RSocketMessageHandler; SearchStrategy: all) did not find any beans of type org.springframework.messaging.rsocket.annotation.support.RSocketMessageHandler (ReactiveUserDetailsServiceAutoConfiguration.RSocketEnabledOrReactiveWebApplication)
      Matched:
         - @ConditionalOnClass found required class 'org.springframework.security.authentication.ReactiveAuthenticationManager' (OnClassCondition)
         - AnyNestedCondition 1 matched 2 did not; NestedCondition on ReactiveUserDetailsServiceAutoConfiguration.MissingAlternativeOrUserPropertiesConfigured.PasswordConfigured @ConditionalOnProperty (spring.security.user.password) did not find property 'password'; NestedCondition on ReactiveUserDetailsServiceAutoConfiguration.MissingAlternativeOrUserPropertiesConfigured.NameConfigured @ConditionalOnProperty (spring.security.user.name) did not find property 'name'; NestedCondition on ReactiveUserDetailsServiceAutoConfiguration.MissingAlternativeOrUserPropertiesConfigured.MissingAlternative @ConditionalOnMissingClass did not find unwanted classes 'org.springframework.security.oauth2.client.registration.ClientRegistrationRepository', 'org.springframework.security.oauth2.server.resource.introspection.ReactiveOpaqueTokenIntrospector' (ReactiveUserDetailsServiceAutoConfiguration.MissingAlternativeOrUserPropertiesConfigured)

   ReactiveWebServerFactoryAutoConfiguration:
      Did not match:
         - @ConditionalOnWebApplication did not find reactive web application classes (OnWebApplicationCondition)

   ReactorAutoConfiguration:
      Did not match:
         - @ConditionalOnClass did not find required class 'reactor.core.publisher.Hooks' (OnClassCondition)

   RedisAutoConfiguration:
      Did not match:
         - @ConditionalOnClass did not find required class 'org.springframework.data.redis.core.RedisOperations' (OnClassCondition)

   RedisCacheConfiguration:
      Did not match:
         - @ConditionalOnClass did not find required class 'org.springframework.data.redis.connection.RedisConnectionFactory' (OnClassCondition)

   RedisReactiveAutoConfiguration:
      Did not match:
         - @ConditionalOnClass did not find required class 'reactor.core.publisher.Flux' (OnClassCondition)

   RedisRepositoriesAutoConfiguration:
      Did not match:
         - @ConditionalOnClass did not find required class 'org.springframework.data.redis.repository.configuration.EnableRedisRepositories' (OnClassCondition)

   RemoteDevToolsAutoConfiguration:
      Did not match:
         - @ConditionalOnProperty (spring.devtools.remote.secret) did not find property 'secret' (OnPropertyCondition)
      Matched:
         - @ConditionalOnClass found required classes 'jakarta.servlet.Filter', 'org.springframework.http.server.ServerHttpRequest' (OnClassCondition)

   RepositoryRestMvcAutoConfiguration:
      Did not match:
         - @ConditionalOnClass did not find required class 'org.springframework.data.rest.webmvc.config.RepositoryRestMvcConfiguration' (OnClassCondition)

   Saml2RelyingPartyAutoConfiguration:
      Did not match:
         - @ConditionalOnClass did not find required class 'org.springframework.security.saml2.provider.service.registration.RelyingPartyRegistrationRepository' (OnClassCondition)

   SecurityDataConfiguration:
      Did not match:
         - @ConditionalOnClass did not find required class 'org.springframework.security.data.repository.query.SecurityEvaluationContextExtension' (OnClassCondition)

   SendGridAutoConfiguration:
      Did not match:
         - @ConditionalOnClass did not find required class 'com.sendgrid.SendGrid' (OnClassCondition)

   ServletWebServerFactoryAutoConfiguration.ForwardedHeaderFilterConfiguration:
      Did not match:
         - @ConditionalOnProperty (server.forward-headers-strategy=framework) did not find property 'server.forward-headers-strategy' (OnPropertyCondition)

   ServletWebServerFactoryConfiguration.EmbeddedJetty:
      Did not match:
         - @ConditionalOnClass did not find required classes 'org.eclipse.jetty.server.Server', 'org.eclipse.jetty.util.Loader', 'org.eclipse.jetty.ee10.webapp.WebAppContext' (OnClassCondition)

   ServletWebServerFactoryConfiguration.EmbeddedUndertow:
      Did not match:
         - @ConditionalOnClass did not find required classes 'io.undertow.Undertow', 'org.xnio.SslClientAuthMode' (OnClassCondition)

   SessionAutoConfiguration:
      Did not match:
         - @ConditionalOnClass did not find required class 'org.springframework.session.Session' (OnClassCondition)

   SpringBootWebSecurityConfiguration.SecurityFilterChainConfiguration:
      Did not match:
         - AllNestedConditions 1 matched 1 did not; NestedCondition on DefaultWebSecurityCondition.Beans @ConditionalOnMissingBean (types: org.springframework.security.web.SecurityFilterChain; SearchStrategy: all) found beans of type 'org.springframework.security.web.SecurityFilterChain' filterChain; NestedCondition on DefaultWebSecurityCondition.Classes @ConditionalOnClass found required classes 'org.springframework.security.web.SecurityFilterChain', 'org.springframework.security.config.annotation.web.builders.HttpSecurity' (DefaultWebSecurityCondition)

   SpringBootWebSecurityConfiguration.WebSecurityEnablerConfiguration:
      Did not match:
         - @ConditionalOnMissingBean (names: springSecurityFilterChain; SearchStrategy: all) found beans named springSecurityFilterChain (OnBeanCondition)
      Matched:
         - @ConditionalOnClass found required class 'org.springframework.security.config.annotation.web.configuration.EnableWebSecurity' (OnClassCondition)

   SpringDataWebAutoConfiguration:
      Did not match:
         - @ConditionalOnClass did not find required class 'org.springframework.data.web.PageableHandlerMethodArgumentResolver' (OnClassCondition)

   TaskExecutorConfigurations.SimpleAsyncTaskExecutorBuilderConfiguration#simpleAsyncTaskExecutorBuilderVirtualThreads:
      Did not match:
         - @ConditionalOnMissingBean (types: org.springframework.boot.task.SimpleAsyncTaskExecutorBuilder; SearchStrategy: all) found beans of type 'org.springframework.boot.task.SimpleAsyncTaskExecutorBuilder' simpleAsyncTaskExecutorBuilder (OnBeanCondition)

   TaskExecutorConfigurations.TaskExecutorConfiguration:
      Did not match:
         - @ConditionalOnMissingBean (types: java.util.concurrent.Executor; SearchStrategy: all) found beans of type 'java.util.concurrent.Executor' clientInboundChannelExecutor, clientOutboundChannelExecutor, brokerChannelExecutor (OnBeanCondition)

   TaskSchedulingAutoConfiguration#scheduledBeanLazyInitializationExcludeFilter:
      Did not match:
         - @ConditionalOnBean (names: org.springframework.context.annotation.internalScheduledAnnotationProcessor; SearchStrategy: all) did not find any beans named org.springframework.context.annotation.internalScheduledAnnotationProcessor (OnBeanCondition)

   TaskSchedulingConfigurations.SimpleAsyncTaskSchedulerBuilderConfiguration#simpleAsyncTaskSchedulerBuilderVirtualThreads:
      Did not match:
         - @ConditionalOnMissingBean (types: org.springframework.boot.task.SimpleAsyncTaskSchedulerBuilder; SearchStrategy: all) found beans of type 'org.springframework.boot.task.SimpleAsyncTaskSchedulerBuilder' simpleAsyncTaskSchedulerBuilder (OnBeanCondition)

   TaskSchedulingConfigurations.TaskSchedulerConfiguration:
      Did not match:
         - @ConditionalOnBean (names: org.springframework.context.annotation.internalScheduledAnnotationProcessor; SearchStrategy: all) did not find any beans named org.springframework.context.annotation.internalScheduledAnnotationProcessor (OnBeanCondition)

   ThymeleafAutoConfiguration:
      Did not match:
         - @ConditionalOnClass did not find required class 'org.thymeleaf.spring6.SpringTemplateEngine' (OnClassCondition)

   TransactionAutoConfiguration#transactionalOperator:
      Did not match:
         - @ConditionalOnSingleCandidate (types: org.springframework.transaction.ReactiveTransactionManager; SearchStrategy: all) did not find any beans (OnBeanCondition)

   TransactionAutoConfiguration.AspectJTransactionManagementConfiguration:
      Did not match:
         - @ConditionalOnBean did not find required type 'org.springframework.transaction.aspectj.AbstractTransactionAspect' (OnBeanCondition)
         - @ConditionalOnBean (types: org.springframework.transaction.aspectj.AbstractTransactionAspect; SearchStrategy: all) did not find any beans of type org.springframework.transaction.aspectj.AbstractTransactionAspect (OnBeanCondition)

   TransactionAutoConfiguration.EnableTransactionManagementConfiguration.JdkDynamicAutoProxyConfiguration:
      Did not match:
         - @ConditionalOnProperty (spring.aop.proxy-target-class=false) did not find property 'proxy-target-class' (OnPropertyCondition)

   WebClientAutoConfiguration:
      Did not match:
         - @ConditionalOnClass did not find required class 'org.springframework.web.reactive.function.client.WebClient' (OnClassCondition)

   WebFluxAutoConfiguration:
      Did not match:
         - @ConditionalOnClass did not find required class 'org.springframework.web.reactive.config.WebFluxConfigurer' (OnClassCondition)

   WebMvcAutoConfiguration#hiddenHttpMethodFilter:
      Did not match:
         - @ConditionalOnProperty (spring.mvc.hiddenmethod.filter.enabled) did not find property 'enabled' (OnPropertyCondition)

   WebMvcAutoConfiguration.ProblemDetailsErrorHandlingConfiguration:
      Did not match:
         - @ConditionalOnProperty (spring.mvc.problemdetails.enabled=true) did not find property 'enabled' (OnPropertyCondition)

   WebMvcAutoConfiguration.ResourceChainCustomizerConfiguration:
      Did not match:
         - @ConditionalOnEnabledResourceChain did not find class org.webjars.WebJarAssetLocator (OnEnabledResourceChainCondition)

   WebMvcAutoConfiguration.WebMvcAutoConfigurationAdapter#beanNameViewResolver:
      Did not match:
         - @ConditionalOnMissingBean (types: org.springframework.web.servlet.view.BeanNameViewResolver; SearchStrategy: all) found beans of type 'org.springframework.web.servlet.view.BeanNameViewResolver' beanNameViewResolver (OnBeanCondition)

   WebServiceTemplateAutoConfiguration:
      Did not match:
         - @ConditionalOnClass did not find required class 'org.springframework.oxm.Marshaller' (OnClassCondition)

   WebServicesAutoConfiguration:
      Did not match:
         - @ConditionalOnClass did not find required class 'org.springframework.ws.transport.http.MessageDispatcherServlet' (OnClassCondition)

   WebSessionIdResolverAutoConfiguration:
      Did not match:
         - @ConditionalOnClass did not find required class 'reactor.core.publisher.Mono' (OnClassCondition)

   WebSocketReactiveAutoConfiguration:
      Did not match:
         - @ConditionalOnWebApplication did not find reactive web application classes (OnWebApplicationCondition)

   WebSocketServletAutoConfiguration.JettyWebSocketConfiguration:
      Did not match:
         - @ConditionalOnClass did not find required class 'org.eclipse.jetty.ee10.websocket.jakarta.server.config.JakartaWebSocketServletContainerInitializer' (OnClassCondition)

   WebSocketServletAutoConfiguration.UndertowWebSocketConfiguration:
      Did not match:
         - @ConditionalOnClass did not find required class 'io.undertow.websockets.jsr.Bootstrap' (OnClassCondition)

   XADataSourceAutoConfiguration:
      Did not match:
         - @ConditionalOnClass did not find required class 'jakarta.transaction.TransactionManager' (OnClassCondition)


Exclusions:
-----------

    None


Unconditional classes:
----------------------

    org.springframework.boot.autoconfigure.context.ConfigurationPropertiesAutoConfiguration

    org.springframework.boot.autoconfigure.ssl.SslAutoConfiguration

    org.springframework.boot.autoconfigure.context.LifecycleAutoConfiguration

    org.springframework.boot.autoconfigure.context.PropertyPlaceholderAutoConfiguration

    org.springframework.boot.autoconfigure.availability.ApplicationAvailabilityAutoConfiguration

    org.springframework.boot.autoconfigure.info.ProjectInfoAutoConfiguration



INFO  24-11-07 19:17:00[restartedMain] [MustacheajaxApplication:56] - Started MustacheajaxApplication in 5.297 seconds (process running for 6.886)
DEBUG 24-11-07 19:17:00[restartedMain] [ApplicationAvailabilityBean:77] - Application availability state LivenessState changed to CORRECT
DEBUG 24-11-07 19:17:00[restartedMain] [Restarter:251] - Creating new Restarter for thread Thread[main,5,main]
DEBUG 24-11-07 19:17:00[restartedMain] [Restarter:251] - Immediately restarting application
DEBUG 24-11-07 19:17:00[restartedMain] [Restarter:251] - Starting application com.softagape.mustacheajax.MustacheajaxApplication with URLs [file:/D:/GithubWorkspace/sangbong3/sangbong3/mustacheajax/build/classes/java/main/, file:/D:/GithubWorkspace/sangbong3/sangbong3/mustacheajax/build/resources/main/]
DEBUG 24-11-07 19:17:00[restartedMain] [ApplicationAvailabilityBean:77] - Application availability state ReadinessState changed to ACCEPTING_TRAFFIC
INFO  24-11-07 19:17:11[http-nio-8088-exec-1] [[/]:173] - Initializing Spring DispatcherServlet 'dispatcherServlet'
INFO  24-11-07 19:17:11[http-nio-8088-exec-1] [DispatcherServlet:532] - Initializing Servlet 'dispatcherServlet'
DEBUG 24-11-07 19:17:11[http-nio-8088-exec-1] [DispatcherServlet:533] - Detected StandardServletMultipartResolver
DEBUG 24-11-07 19:17:11[http-nio-8088-exec-1] [DispatcherServlet:557] - Detected AcceptHeaderLocaleResolver
DEBUG 24-11-07 19:17:11[http-nio-8088-exec-1] [DispatcherServlet:583] - Detected FixedThemeResolver
DEBUG 24-11-07 19:17:11[http-nio-8088-exec-1] [DispatcherServlet:733] - Detected org.springframework.web.servlet.view.DefaultRequestToViewNameTranslator@2bd0a415
DEBUG 24-11-07 19:17:11[http-nio-8088-exec-1] [DispatcherServlet:797] - Detected org.springframework.web.servlet.support.SessionFlashMapManager@6df1d6ec
DEBUG 24-11-07 19:17:11[http-nio-8088-exec-1] [DispatcherServlet:549] - enableLoggingRequestDetails='false': request parameters and headers will be masked to prevent unsafe logging of potentially sensitive data
INFO  24-11-07 19:17:11[http-nio-8088-exec-1] [DispatcherServlet:554] - Completed initialization in 2 ms
DEBUG 24-11-07 19:17:11[http-nio-8088-exec-1] [FilterChainProxy:223] - Securing GET /
DEBUG 24-11-07 19:17:11[http-nio-8088-exec-1] [FilterChainProxy:227] - Secured GET /
DEBUG 24-11-07 19:17:11[http-nio-8088-exec-1] [DispatcherServlet:120] - GET "/", parameters={}
DEBUG 24-11-07 19:17:11[http-nio-8088-exec-1] [RequestMappingHandlerMapping:531] - Mapped to com.softagape.mustacheajax.security.controller.IndexController#index(Model, String)
DEBUG 24-11-07 19:17:11[http-nio-8088-exec-1] [ContentNegotiatingViewResolver:354] - Selected 'text/html' given [text/html, application/xhtml+xml, image/avif, image/webp, image/apng, application/xml;q=0.9, */*;q=0.8, application/signed-exchange;v=b3;q=0.7]
DEBUG 24-11-07 19:17:11[http-nio-8088-exec-1] [MustacheView:307] - View name [index], model {}
DEBUG 24-11-07 19:17:11[http-nio-8088-exec-1] [MustacheView:178] - Rendering [classpath:/templates/index.html]
DEBUG 24-11-07 19:17:11[http-nio-8088-exec-1] [DispatcherServlet:1138] - Completed 200 OK
DEBUG 24-11-07 19:17:11[http-nio-8088-exec-1] [AnonymousAuthenticationFilter:119] - Set SecurityContextHolder to anonymous SecurityContext
DEBUG 24-11-07 19:17:13[http-nio-8088-exec-2] [FilterChainProxy:223] - Securing GET /selogin/login
DEBUG 24-11-07 19:17:13[http-nio-8088-exec-2] [FilterChainProxy:227] - Secured GET /selogin/login
DEBUG 24-11-07 19:17:13[http-nio-8088-exec-2] [DispatcherServlet:120] - GET "/selogin/login", parameters={}
DEBUG 24-11-07 19:17:13[http-nio-8088-exec-2] [RequestMappingHandlerMapping:531] - Mapped to com.softagape.mustacheajax.security.controller.LoginSessionController#viewLogin()
DEBUG 24-11-07 19:17:13[http-nio-8088-exec-2] [ContentNegotiatingViewResolver:354] - Selected 'text/html' given [text/html, application/xhtml+xml, image/avif, image/webp, image/apng, application/xml;q=0.9, */*;q=0.8, application/signed-exchange;v=b3;q=0.7]
DEBUG 24-11-07 19:17:13[http-nio-8088-exec-2] [MustacheView:307] - View name [login/login], model {}
DEBUG 24-11-07 19:17:13[http-nio-8088-exec-2] [MustacheView:178] - Rendering [classpath:/templates/login/login.html]
DEBUG 24-11-07 19:17:13[http-nio-8088-exec-2] [DispatcherServlet:1138] - Completed 200 OK
DEBUG 24-11-07 19:17:13[http-nio-8088-exec-2] [AnonymousAuthenticationFilter:119] - Set SecurityContextHolder to anonymous SecurityContext
DEBUG 24-11-07 19:17:13[http-nio-8088-exec-3] [DispatcherServlet:120] - GET "/js/jquery-3.7.1.min.js", parameters={}
DEBUG 24-11-07 19:17:13[http-nio-8088-exec-3] [SimpleUrlHandlerMapping:531] - Mapped to ResourceHttpRequestHandler [classpath [META-INF/resources/], classpath [resources/], classpath [static/], classpath [public/], ServletContext [/]]
DEBUG 24-11-07 19:17:13[http-nio-8088-exec-3] [DispatcherServlet:1138] - Completed 200 OK
DEBUG 24-11-07 19:17:14[http-nio-8088-exec-4] [FilterChainProxy:223] - Securing GET /
DEBUG 24-11-07 19:17:14[http-nio-8088-exec-4] [FilterChainProxy:227] - Secured GET /
DEBUG 24-11-07 19:17:14[http-nio-8088-exec-4] [DispatcherServlet:120] - GET "/", parameters={}
DEBUG 24-11-07 19:17:14[http-nio-8088-exec-4] [RequestMappingHandlerMapping:531] - Mapped to com.softagape.mustacheajax.security.controller.IndexController#index(Model, String)
DEBUG 24-11-07 19:17:14[http-nio-8088-exec-4] [ContentNegotiatingViewResolver:354] - Selected 'text/html' given [text/html, application/xhtml+xml, image/avif, image/webp, image/apng, application/xml;q=0.9, */*;q=0.8, application/signed-exchange;v=b3;q=0.7]
DEBUG 24-11-07 19:17:14[http-nio-8088-exec-4] [MustacheView:307] - View name [index], model {}
DEBUG 24-11-07 19:17:14[http-nio-8088-exec-4] [MustacheView:178] - Rendering [classpath:/templates/index.html]
DEBUG 24-11-07 19:17:14[http-nio-8088-exec-4] [DispatcherServlet:1138] - Completed 200 OK
DEBUG 24-11-07 19:17:14[http-nio-8088-exec-4] [AnonymousAuthenticationFilter:119] - Set SecurityContextHolder to anonymous SecurityContext
DEBUG 24-11-07 19:17:15[http-nio-8088-exec-5] [FilterChainProxy:223] - Securing GET /selogin/signup
DEBUG 24-11-07 19:17:15[http-nio-8088-exec-5] [FilterChainProxy:227] - Secured GET /selogin/signup
DEBUG 24-11-07 19:17:15[http-nio-8088-exec-5] [DispatcherServlet:120] - GET "/selogin/signup", parameters={}
DEBUG 24-11-07 19:17:15[http-nio-8088-exec-5] [RequestMappingHandlerMapping:531] - Mapped to com.softagape.mustacheajax.security.controller.LoginSessionController#viewSignUp()
DEBUG 24-11-07 19:17:15[http-nio-8088-exec-5] [ContentNegotiatingViewResolver:354] - Selected 'text/html' given [text/html, application/xhtml+xml, image/avif, image/webp, image/apng, application/xml;q=0.9, */*;q=0.8, application/signed-exchange;v=b3;q=0.7]
DEBUG 24-11-07 19:17:15[http-nio-8088-exec-5] [MustacheView:307] - View name [login/signup], model {}
DEBUG 24-11-07 19:17:15[http-nio-8088-exec-5] [MustacheView:178] - Rendering [classpath:/templates/login/signup.html]
DEBUG 24-11-07 19:17:15[http-nio-8088-exec-5] [DispatcherServlet:1138] - Completed 200 OK
DEBUG 24-11-07 19:17:15[http-nio-8088-exec-5] [AnonymousAuthenticationFilter:119] - Set SecurityContextHolder to anonymous SecurityContext
DEBUG 24-11-07 19:17:15[http-nio-8088-exec-6] [DispatcherServlet:120] - GET "/js/jquery-3.7.1.min.js", parameters={}
DEBUG 24-11-07 19:17:15[http-nio-8088-exec-6] [SimpleUrlHandlerMapping:531] - Mapped to ResourceHttpRequestHandler [classpath [META-INF/resources/], classpath [resources/], classpath [static/], classpath [public/], ServletContext [/]]
DEBUG 24-11-07 19:17:15[http-nio-8088-exec-6] [DispatcherServlet:1138] - Completed 200 OK
DEBUG 24-11-07 19:17:22[http-nio-8088-exec-7] [FilterChainProxy:223] - Securing POST /selogin/signup
DEBUG 24-11-07 19:17:22[http-nio-8088-exec-7] [FilterChainProxy:227] - Secured POST /selogin/signup
DEBUG 24-11-07 19:17:22[http-nio-8088-exec-7] [DispatcherServlet:120] - POST "/selogin/signup", parameters={masked}
DEBUG 24-11-07 19:17:22[http-nio-8088-exec-7] [RequestMappingHandlerMapping:531] - Mapped to com.softagape.mustacheajax.security.controller.LoginSessionController#signUp(Model, SignUpRequest, BindingResult)
DEBUG 24-11-07 19:17:22[http-nio-8088-exec-7] [CachedIntrospectionResults:166] - Not strongly caching class [com.softagape.mustacheajax.security.dto.SignUpRequest] because it is not cache-safe
DEBUG 24-11-07 19:17:22[http-nio-8088-exec-7] [SqlSessionUtils:49] - Creating a new SqlSession
DEBUG 24-11-07 19:17:22[http-nio-8088-exec-7] [SqlSessionUtils:49] - SqlSession [org.apache.ibatis.session.defaults.DefaultSqlSession@59e53081] was not registered for synchronization because synchronization is not active
DEBUG 24-11-07 19:17:22[http-nio-8088-exec-7] [DataSourceUtils:117] - Fetching JDBC Connection from DataSource
DEBUG 24-11-07 19:17:22[http-nio-8088-exec-7] [HikariConfig:1106] - HikariPool-1 - configuration:
DEBUG 24-11-07 19:17:22[http-nio-8088-exec-7] [HikariConfig:1138] - allowPoolSuspension.............false
DEBUG 24-11-07 19:17:22[http-nio-8088-exec-7] [HikariConfig:1138] - autoCommit......................true
DEBUG 24-11-07 19:17:22[http-nio-8088-exec-7] [HikariConfig:1138] - catalog.........................none
DEBUG 24-11-07 19:17:22[http-nio-8088-exec-7] [HikariConfig:1138] - connectionInitSql...............none
DEBUG 24-11-07 19:17:22[http-nio-8088-exec-7] [HikariConfig:1138] - connectionTestQuery.............none
DEBUG 24-11-07 19:17:22[http-nio-8088-exec-7] [HikariConfig:1138] - connectionTimeout...............30000
DEBUG 24-11-07 19:17:22[http-nio-8088-exec-7] [HikariConfig:1138] - dataSource......................none
DEBUG 24-11-07 19:17:22[http-nio-8088-exec-7] [HikariConfig:1138] - dataSourceClassName.............none
DEBUG 24-11-07 19:17:22[http-nio-8088-exec-7] [HikariConfig:1138] - dataSourceJNDI..................none
DEBUG 24-11-07 19:17:22[http-nio-8088-exec-7] [HikariConfig:1138] - dataSourceProperties............{password=<masked>}
DEBUG 24-11-07 19:17:22[http-nio-8088-exec-7] [HikariConfig:1138] - driverClassName................."net.sf.log4jdbc.sql.jdbcapi.DriverSpy"
DEBUG 24-11-07 19:17:22[http-nio-8088-exec-7] [HikariConfig:1138] - exceptionOverrideClassName......none
DEBUG 24-11-07 19:17:22[http-nio-8088-exec-7] [HikariConfig:1138] - healthCheckProperties...........{}
DEBUG 24-11-07 19:17:22[http-nio-8088-exec-7] [HikariConfig:1138] - healthCheckRegistry.............none
DEBUG 24-11-07 19:17:22[http-nio-8088-exec-7] [HikariConfig:1138] - idleTimeout.....................600000
DEBUG 24-11-07 19:17:22[http-nio-8088-exec-7] [HikariConfig:1138] - initializationFailTimeout.......1
DEBUG 24-11-07 19:17:22[http-nio-8088-exec-7] [HikariConfig:1138] - isolateInternalQueries..........false
DEBUG 24-11-07 19:17:22[http-nio-8088-exec-7] [HikariConfig:1138] - jdbcUrl.........................jdbc:log4jdbc:mysql://localhost:3306/phonebook_db?useSSL=false&characterEncoding=UTF-8&serverTimezone=UTC&allowPublicKeyRetrieval=true
DEBUG 24-11-07 19:17:22[http-nio-8088-exec-7] [HikariConfig:1138] - keepaliveTime...................0
DEBUG 24-11-07 19:17:22[http-nio-8088-exec-7] [HikariConfig:1138] - leakDetectionThreshold..........0
DEBUG 24-11-07 19:17:22[http-nio-8088-exec-7] [HikariConfig:1138] - maxLifetime.....................1800000
DEBUG 24-11-07 19:17:22[http-nio-8088-exec-7] [HikariConfig:1138] - maximumPoolSize.................10
DEBUG 24-11-07 19:17:22[http-nio-8088-exec-7] [HikariConfig:1138] - metricRegistry..................none
DEBUG 24-11-07 19:17:22[http-nio-8088-exec-7] [HikariConfig:1138] - metricsTrackerFactory...........none
DEBUG 24-11-07 19:17:22[http-nio-8088-exec-7] [HikariConfig:1138] - minimumIdle.....................10
DEBUG 24-11-07 19:17:22[http-nio-8088-exec-7] [HikariConfig:1138] - password........................<masked>
DEBUG 24-11-07 19:17:22[http-nio-8088-exec-7] [HikariConfig:1138] - poolName........................"HikariPool-1"
DEBUG 24-11-07 19:17:22[http-nio-8088-exec-7] [HikariConfig:1138] - readOnly........................false
DEBUG 24-11-07 19:17:22[http-nio-8088-exec-7] [HikariConfig:1138] - registerMbeans..................false
DEBUG 24-11-07 19:17:22[http-nio-8088-exec-7] [HikariConfig:1138] - scheduledExecutor...............none
DEBUG 24-11-07 19:17:22[http-nio-8088-exec-7] [HikariConfig:1138] - schema..........................none
DEBUG 24-11-07 19:17:22[http-nio-8088-exec-7] [HikariConfig:1138] - threadFactory...................internal
DEBUG 24-11-07 19:17:22[http-nio-8088-exec-7] [HikariConfig:1138] - transactionIsolation............default
DEBUG 24-11-07 19:17:22[http-nio-8088-exec-7] [HikariConfig:1138] - username........................"phonebook_user"
DEBUG 24-11-07 19:17:22[http-nio-8088-exec-7] [HikariConfig:1138] - validationTimeout...............5000
INFO  24-11-07 19:17:22[http-nio-8088-exec-7] [HikariDataSource:109] - HikariPool-1 - Starting...
DEBUG 24-11-07 19:17:22[http-nio-8088-exec-7] [PoolBase:374] - HikariPool-1 - Failed to create/setup connection: Access denied for user 'phonebook_user'@'localhost' (using password: YES)
DEBUG 24-11-07 19:17:22[http-nio-8088-exec-7] [HikariPool:489] - HikariPool-1 - Cannot acquire connection from data source
java.sql.SQLException: Access denied for user 'phonebook_user'@'localhost' (using password: YES)
	at com.mysql.cj.jdbc.exceptions.SQLError.createSQLException(SQLError.java:130)
	at com.mysql.cj.jdbc.exceptions.SQLExceptionsMapping.translateException(SQLExceptionsMapping.java:122)
	at com.mysql.cj.jdbc.ConnectionImpl.createNewIO(ConnectionImpl.java:815)
	at com.mysql.cj.jdbc.ConnectionImpl.<init>(ConnectionImpl.java:438)
	at com.mysql.cj.jdbc.ConnectionImpl.getInstance(ConnectionImpl.java:241)
	at com.mysql.cj.jdbc.NonRegisteringDriver.connect(NonRegisteringDriver.java:189)
	at net.sf.log4jdbc.sql.jdbcapi.DriverSpy.connect(DriverSpy.java:401)
	at com.zaxxer.hikari.util.DriverDataSource.getConnection(DriverDataSource.java:137)
	at com.zaxxer.hikari.pool.PoolBase.newConnection(PoolBase.java:360)
	at com.zaxxer.hikari.pool.PoolBase.newPoolEntry(PoolBase.java:202)
	at com.zaxxer.hikari.pool.HikariPool.createPoolEntry(HikariPool.java:461)
	at com.zaxxer.hikari.pool.HikariPool.checkFailFast(HikariPool.java:550)
	at com.zaxxer.hikari.pool.HikariPool.<init>(HikariPool.java:98)
	at com.zaxxer.hikari.HikariDataSource.getConnection(HikariDataSource.java:111)
	at org.springframework.jdbc.datasource.DataSourceUtils.fetchConnection(DataSourceUtils.java:160)
	at org.springframework.jdbc.datasource.DataSourceUtils.doGetConnection(DataSourceUtils.java:118)
	at org.springframework.jdbc.datasource.DataSourceUtils.getConnection(DataSourceUtils.java:81)
	at org.mybatis.spring.transaction.SpringManagedTransaction.openConnection(SpringManagedTransaction.java:80)
	at org.mybatis.spring.transaction.SpringManagedTransaction.getConnection(SpringManagedTransaction.java:67)
	at org.apache.ibatis.executor.BaseExecutor.getConnection(BaseExecutor.java:348)
	at org.apache.ibatis.executor.SimpleExecutor.prepareStatement(SimpleExecutor.java:89)
	at org.apache.ibatis.executor.SimpleExecutor.doUpdate(SimpleExecutor.java:49)
	at org.apache.ibatis.executor.BaseExecutor.update(BaseExecutor.java:117)
	at org.apache.ibatis.executor.CachingExecutor.update(CachingExecutor.java:76)
	at org.apache.ibatis.session.defaults.DefaultSqlSession.update(DefaultSqlSession.java:197)
	at org.apache.ibatis.session.defaults.DefaultSqlSession.insert(DefaultSqlSession.java:184)
	at java.base/jdk.internal.reflect.NativeMethodAccessorImpl.invoke0(Native Method)
	at java.base/jdk.internal.reflect.NativeMethodAccessorImpl.invoke(NativeMethodAccessorImpl.java:77)
	at java.base/jdk.internal.reflect.DelegatingMethodAccessorImpl.invoke(DelegatingMethodAccessorImpl.java:43)
	at java.base/java.lang.reflect.Method.invoke(Method.java:568)
	at org.mybatis.spring.SqlSessionTemplate$SqlSessionInterceptor.invoke(SqlSessionTemplate.java:425)
	at jdk.proxy2/jdk.proxy2.$Proxy75.insert(Unknown Source)
	at org.mybatis.spring.SqlSessionTemplate.insert(SqlSessionTemplate.java:272)
	at org.apache.ibatis.binding.MapperMethod.execute(MapperMethod.java:62)
	at org.apache.ibatis.binding.MapperProxy$PlainMethodInvoker.invoke(MapperProxy.java:141)
	at org.apache.ibatis.binding.MapperProxy.invoke(MapperProxy.java:86)
	at jdk.proxy3/jdk.proxy3.$Proxy86.insert(Unknown Source)
	at com.softagape.mustacheajax.member.MemberServiceImpl.insert(MemberServiceImpl.java:35)
	at com.softagape.mustacheajax.member.MemberServiceImpl.insert(MemberServiceImpl.java:15)
	at com.softagape.mustacheajax.security.controller.LoginSessionController.signUp(LoginSessionController.java:52)
	at java.base/jdk.internal.reflect.NativeMethodAccessorImpl.invoke0(Native Method)
	at java.base/jdk.internal.reflect.NativeMethodAccessorImpl.invoke(NativeMethodAccessorImpl.java:77)
	at java.base/jdk.internal.reflect.DelegatingMethodAccessorImpl.invoke(DelegatingMethodAccessorImpl.java:43)
	at java.base/java.lang.reflect.Method.invoke(Method.java:568)
	at org.springframework.web.method.support.InvocableHandlerMethod.doInvoke(InvocableHandlerMethod.java:255)
	at org.springframework.web.method.support.InvocableHandlerMethod.invokeForRequest(InvocableHandlerMethod.java:188)
	at org.springframework.web.servlet.mvc.method.annotation.ServletInvocableHandlerMethod.invokeAndHandle(ServletInvocableHandlerMethod.java:118)
	at org.springframework.web.servlet.mvc.method.annotation.RequestMappingHandlerAdapter.invokeHandlerMethod(RequestMappingHandlerAdapter.java:926)
	at org.springframework.web.servlet.mvc.method.annotation.RequestMappingHandlerAdapter.handleInternal(RequestMappingHandlerAdapter.java:831)
	at org.springframework.web.servlet.mvc.method.AbstractHandlerMethodAdapter.handle(AbstractHandlerMethodAdapter.java:87)
	at org.springframework.web.servlet.DispatcherServlet.doDispatch(DispatcherServlet.java:1089)
	at org.springframework.web.servlet.DispatcherServlet.doService(DispatcherServlet.java:979)
	at org.springframework.web.servlet.FrameworkServlet.processRequest(FrameworkServlet.java:1014)
	at org.springframework.web.servlet.FrameworkServlet.doPost(FrameworkServlet.java:914)
	at jakarta.servlet.http.HttpServlet.service(HttpServlet.java:590)
	at org.springframework.web.servlet.FrameworkServlet.service(FrameworkServlet.java:885)
	at jakarta.servlet.http.HttpServlet.service(HttpServlet.java:658)
	at org.apache.catalina.core.ApplicationFilterChain.internalDoFilter(ApplicationFilterChain.java:195)
	at org.apache.catalina.core.ApplicationFilterChain.doFilter(ApplicationFilterChain.java:140)
	at org.apache.tomcat.websocket.server.WsFilter.doFilter(WsFilter.java:51)
	at org.apache.catalina.core.ApplicationFilterChain.internalDoFilter(ApplicationFilterChain.java:164)
	at org.apache.catalina.core.ApplicationFilterChain.doFilter(ApplicationFilterChain.java:140)
	at org.springframework.web.filter.CompositeFilter$VirtualFilterChain.doFilter(CompositeFilter.java:108)
	at org.springframework.security.web.FilterChainProxy.lambda$doFilterInternal$3(FilterChainProxy.java:231)
	at org.springframework.security.web.FilterChainProxy$VirtualFilterChain.doFilter(FilterChainProxy.java:365)
	at org.springframework.security.web.access.intercept.AuthorizationFilter.doFilter(AuthorizationFilter.java:100)
	at org.springframework.security.web.FilterChainProxy$VirtualFilterChain.doFilter(FilterChainProxy.java:374)
	at org.springframework.security.web.access.ExceptionTranslationFilter.doFilter(ExceptionTranslationFilter.java:126)
	at org.springframework.security.web.access.ExceptionTranslationFilter.doFilter(ExceptionTranslationFilter.java:120)
	at org.springframework.security.web.FilterChainProxy$VirtualFilterChain.doFilter(FilterChainProxy.java:374)
	at org.springframework.security.web.authentication.AnonymousAuthenticationFilter.doFilter(AnonymousAuthenticationFilter.java:100)
	at org.springframework.security.web.FilterChainProxy$VirtualFilterChain.doFilter(FilterChainProxy.java:374)
	at org.springframework.security.web.servletapi.SecurityContextHolderAwareRequestFilter.doFilter(SecurityContextHolderAwareRequestFilter.java:179)
	at org.springframework.security.web.FilterChainProxy$VirtualFilterChain.doFilter(FilterChainProxy.java:374)
	at org.springframework.security.web.savedrequest.RequestCacheAwareFilter.doFilter(RequestCacheAwareFilter.java:63)
	at org.springframework.security.web.FilterChainProxy$VirtualFilterChain.doFilter(FilterChainProxy.java:374)
	at org.springframework.security.web.authentication.logout.LogoutFilter.doFilter(LogoutFilter.java:107)
	at org.springframework.security.web.authentication.logout.LogoutFilter.doFilter(LogoutFilter.java:93)
	at org.springframework.security.web.FilterChainProxy$VirtualFilterChain.doFilter(FilterChainProxy.java:374)
	at org.springframework.web.filter.CorsFilter.doFilterInternal(CorsFilter.java:91)
	at org.springframework.web.filter.OncePerRequestFilter.doFilter(OncePerRequestFilter.java:116)
	at org.springframework.security.web.FilterChainProxy$VirtualFilterChain.doFilter(FilterChainProxy.java:374)
	at org.springframework.security.web.header.HeaderWriterFilter.doHeadersAfter(HeaderWriterFilter.java:90)
	at org.springframework.security.web.header.HeaderWriterFilter.doFilterInternal(HeaderWriterFilter.java:75)
	at org.springframework.web.filter.OncePerRequestFilter.doFilter(OncePerRequestFilter.java:116)
	at org.springframework.security.web.FilterChainProxy$VirtualFilterChain.doFilter(FilterChainProxy.java:374)
	at org.springframework.security.web.context.SecurityContextHolderFilter.doFilter(SecurityContextHolderFilter.java:82)
	at org.springframework.security.web.context.SecurityContextHolderFilter.doFilter(SecurityContextHolderFilter.java:69)
	at org.springframework.security.web.FilterChainProxy$VirtualFilterChain.doFilter(FilterChainProxy.java:374)
	at org.springframework.security.web.context.request.async.WebAsyncManagerIntegrationFilter.doFilterInternal(WebAsyncManagerIntegrationFilter.java:62)
	at org.springframework.web.filter.OncePerRequestFilter.doFilter(OncePerRequestFilter.java:116)
	at org.springframework.security.web.FilterChainProxy$VirtualFilterChain.doFilter(FilterChainProxy.java:374)
	at org.springframework.security.web.session.DisableEncodeUrlFilter.doFilterInternal(DisableEncodeUrlFilter.java:42)
	at org.springframework.web.filter.OncePerRequestFilter.doFilter(OncePerRequestFilter.java:116)
	at org.springframework.security.web.FilterChainProxy$VirtualFilterChain.doFilter(FilterChainProxy.java:374)
	at org.springframework.security.web.FilterChainProxy.doFilterInternal(FilterChainProxy.java:233)
	at org.springframework.security.web.FilterChainProxy.doFilter(FilterChainProxy.java:191)
	at org.springframework.web.filter.CompositeFilter$VirtualFilterChain.doFilter(CompositeFilter.java:113)
	at org.springframework.web.servlet.handler.HandlerMappingIntrospector.lambda$createCacheFilter$3(HandlerMappingIntrospector.java:195)
	at org.springframework.web.filter.CompositeFilter$VirtualFilterChain.doFilter(CompositeFilter.java:113)
	at org.springframework.web.filter.CompositeFilter.doFilter(CompositeFilter.java:74)
	at org.springframework.security.config.annotation.web.configuration.WebMvcSecurityConfiguration$CompositeFilterChainProxy.doFilter(WebMvcSecurityConfiguration.java:230)
	at org.springframework.web.filter.DelegatingFilterProxy.invokeDelegate(DelegatingFilterProxy.java:352)
	at org.springframework.web.filter.DelegatingFilterProxy.doFilter(DelegatingFilterProxy.java:268)
	at org.apache.catalina.core.ApplicationFilterChain.internalDoFilter(ApplicationFilterChain.java:164)
	at org.apache.catalina.core.ApplicationFilterChain.doFilter(ApplicationFilterChain.java:140)
	at org.springframework.web.filter.RequestContextFilter.doFilterInternal(RequestContextFilter.java:100)
	at org.springframework.web.filter.OncePerRequestFilter.doFilter(OncePerRequestFilter.java:116)
	at org.apache.catalina.core.ApplicationFilterChain.internalDoFilter(ApplicationFilterChain.java:164)
	at org.apache.catalina.core.ApplicationFilterChain.doFilter(ApplicationFilterChain.java:140)
	at org.springframework.web.filter.FormContentFilter.doFilterInternal(FormContentFilter.java:93)
	at org.springframework.web.filter.OncePerRequestFilter.doFilter(OncePerRequestFilter.java:116)
	at org.apache.catalina.core.ApplicationFilterChain.internalDoFilter(ApplicationFilterChain.java:164)
	at org.apache.catalina.core.ApplicationFilterChain.doFilter(ApplicationFilterChain.java:140)
	at org.springframework.web.filter.CharacterEncodingFilter.doFilterInternal(CharacterEncodingFilter.java:201)
	at org.springframework.web.filter.OncePerRequestFilter.doFilter(OncePerRequestFilter.java:116)
	at org.apache.catalina.core.ApplicationFilterChain.internalDoFilter(ApplicationFilterChain.java:164)
	at org.apache.catalina.core.ApplicationFilterChain.doFilter(ApplicationFilterChain.java:140)
	at org.apache.catalina.core.StandardWrapperValve.invoke(StandardWrapperValve.java:167)
	at org.apache.catalina.core.StandardContextValve.invoke(StandardContextValve.java:90)
	at org.apache.catalina.authenticator.AuthenticatorBase.invoke(AuthenticatorBase.java:483)
	at org.apache.catalina.core.StandardHostValve.invoke(StandardHostValve.java:115)
	at org.apache.catalina.valves.ErrorReportValve.invoke(ErrorReportValve.java:93)
	at org.apache.catalina.core.StandardEngineValve.invoke(StandardEngineValve.java:74)
	at org.apache.catalina.connector.CoyoteAdapter.service(CoyoteAdapter.java:344)
	at org.apache.coyote.http11.Http11Processor.service(Http11Processor.java:389)
	at org.apache.coyote.AbstractProcessorLight.process(AbstractProcessorLight.java:63)
	at org.apache.coyote.AbstractProtocol$ConnectionHandler.process(AbstractProtocol.java:904)
	at org.apache.tomcat.util.net.NioEndpoint$SocketProcessor.doRun(NioEndpoint.java:1741)
	at org.apache.tomcat.util.net.SocketProcessorBase.run(SocketProcessorBase.java:52)
	at org.apache.tomcat.util.threads.ThreadPoolExecutor.runWorker(ThreadPoolExecutor.java:1190)
	at org.apache.tomcat.util.threads.ThreadPoolExecutor$Worker.run(ThreadPoolExecutor.java:659)
	at org.apache.tomcat.util.threads.TaskThread$WrappingRunnable.run(TaskThread.java:63)
	at java.base/java.lang.Thread.run(Thread.java:833)
DEBUG 24-11-07 19:17:23[http-nio-8088-exec-7] [SqlSessionUtils:49] - Closing non transactional SqlSession [org.apache.ibatis.session.defaults.DefaultSqlSession@59e53081]
ERROR 24-11-07 19:17:23[http-nio-8088-exec-7] [LoginSessionController:54] - org.mybatis.spring.MyBatisSystemException
DEBUG 24-11-07 19:17:23[http-nio-8088-exec-7] [ContentNegotiatingViewResolver:354] - Selected 'text/html' given [text/html, application/xhtml+xml, image/avif, image/webp, image/apng, application/xml;q=0.9, */*;q=0.8, application/signed-exchange;v=b3;q=0.7]
DEBUG 24-11-07 19:17:23[http-nio-8088-exec-7] [MustacheView:307] - View name [login/fail], model {signUpRequest=com.softagape.mustacheajax.security.dto.SignUpRequest@654c6c0e, org.springframework.validation.BindingResult.signUpRequest=org.springframework.validation.BeanPropertyBindingResult: 0 errors, message=회원 가입 실패 했습니다. 입력 정보를 다시 확인하거나 관리자에게 문의하세요}
DEBUG 24-11-07 19:17:23[http-nio-8088-exec-7] [MustacheView:178] - Rendering [classpath:/templates/login/fail.html]
DEBUG 24-11-07 19:17:23[http-nio-8088-exec-7] [DispatcherServlet:1138] - Completed 200 OK
DEBUG 24-11-07 19:17:23[http-nio-8088-exec-7] [AnonymousAuthenticationFilter:119] - Set SecurityContextHolder to anonymous SecurityContext
DEBUG 24-11-07 19:17:38[http-nio-8088-exec-8] [FilterChainProxy:223] - Securing GET /selogin/signup
DEBUG 24-11-07 19:17:38[http-nio-8088-exec-8] [FilterChainProxy:227] - Secured GET /selogin/signup
DEBUG 24-11-07 19:17:38[http-nio-8088-exec-8] [DispatcherServlet:120] - GET "/selogin/signup", parameters={}
DEBUG 24-11-07 19:17:38[http-nio-8088-exec-8] [RequestMappingHandlerMapping:531] - Mapped to com.softagape.mustacheajax.security.controller.LoginSessionController#viewSignUp()
DEBUG 24-11-07 19:17:38[http-nio-8088-exec-8] [ContentNegotiatingViewResolver:354] - Selected 'text/html' given [text/html, application/xhtml+xml, image/avif, image/webp, image/apng, application/xml;q=0.9, */*;q=0.8, application/signed-exchange;v=b3;q=0.7]
DEBUG 24-11-07 19:17:38[http-nio-8088-exec-8] [MustacheView:307] - View name [login/signup], model {}
DEBUG 24-11-07 19:17:38[http-nio-8088-exec-8] [MustacheView:178] - Rendering [classpath:/templates/login/signup.html]
DEBUG 24-11-07 19:17:38[http-nio-8088-exec-8] [DispatcherServlet:1138] - Completed 200 OK
DEBUG 24-11-07 19:17:38[http-nio-8088-exec-8] [AnonymousAuthenticationFilter:119] - Set SecurityContextHolder to anonymous SecurityContext
DEBUG 24-11-07 19:17:38[http-nio-8088-exec-9] [DispatcherServlet:120] - GET "/js/jquery-3.7.1.min.js", parameters={}
DEBUG 24-11-07 19:17:38[http-nio-8088-exec-9] [SimpleUrlHandlerMapping:531] - Mapped to ResourceHttpRequestHandler [classpath [META-INF/resources/], classpath [resources/], classpath [static/], classpath [public/], ServletContext [/]]
DEBUG 24-11-07 19:17:38[http-nio-8088-exec-9] [DispatcherServlet:1138] - Completed 200 OK
DEBUG 24-11-07 19:17:39[http-nio-8088-exec-10] [FilterChainProxy:223] - Securing GET /
DEBUG 24-11-07 19:17:39[http-nio-8088-exec-10] [FilterChainProxy:227] - Secured GET /
DEBUG 24-11-07 19:17:39[http-nio-8088-exec-10] [DispatcherServlet:120] - GET "/", parameters={}
DEBUG 24-11-07 19:17:39[http-nio-8088-exec-10] [RequestMappingHandlerMapping:531] - Mapped to com.softagape.mustacheajax.security.controller.IndexController#index(Model, String)
DEBUG 24-11-07 19:17:39[http-nio-8088-exec-10] [ContentNegotiatingViewResolver:354] - Selected 'text/html' given [text/html, application/xhtml+xml, image/avif, image/webp, image/apng, application/xml;q=0.9, */*;q=0.8, application/signed-exchange;v=b3;q=0.7]
DEBUG 24-11-07 19:17:39[http-nio-8088-exec-10] [MustacheView:307] - View name [index], model {}
DEBUG 24-11-07 19:17:39[http-nio-8088-exec-10] [MustacheView:178] - Rendering [classpath:/templates/index.html]
DEBUG 24-11-07 19:17:39[http-nio-8088-exec-10] [DispatcherServlet:1138] - Completed 200 OK
DEBUG 24-11-07 19:17:39[http-nio-8088-exec-10] [AnonymousAuthenticationFilter:119] - Set SecurityContextHolder to anonymous SecurityContext
DEBUG 24-11-07 19:17:42[http-nio-8088-exec-1] [FilterChainProxy:223] - Securing GET /
DEBUG 24-11-07 19:17:42[http-nio-8088-exec-1] [FilterChainProxy:227] - Secured GET /
DEBUG 24-11-07 19:17:42[http-nio-8088-exec-1] [DispatcherServlet:120] - GET "/", parameters={}
DEBUG 24-11-07 19:17:42[http-nio-8088-exec-1] [RequestMappingHandlerMapping:531] - Mapped to com.softagape.mustacheajax.security.controller.IndexController#index(Model, String)
DEBUG 24-11-07 19:17:42[http-nio-8088-exec-1] [ContentNegotiatingViewResolver:354] - Selected 'text/html' given [text/html, application/xhtml+xml, image/avif, image/webp, image/apng, application/xml;q=0.9, */*;q=0.8, application/signed-exchange;v=b3;q=0.7]
DEBUG 24-11-07 19:17:42[http-nio-8088-exec-1] [MustacheView:307] - View name [index], model {}
DEBUG 24-11-07 19:17:42[http-nio-8088-exec-1] [MustacheView:178] - Rendering [classpath:/templates/index.html]
DEBUG 24-11-07 19:17:42[http-nio-8088-exec-1] [DispatcherServlet:1138] - Completed 200 OK
DEBUG 24-11-07 19:17:42[http-nio-8088-exec-1] [AnonymousAuthenticationFilter:119] - Set SecurityContextHolder to anonymous SecurityContext
DEBUG 24-11-07 19:17:44[http-nio-8088-exec-2] [FilterChainProxy:223] - Securing GET /selogin/signup
DEBUG 24-11-07 19:17:44[http-nio-8088-exec-2] [FilterChainProxy:227] - Secured GET /selogin/signup
DEBUG 24-11-07 19:17:44[http-nio-8088-exec-2] [DispatcherServlet:120] - GET "/selogin/signup", parameters={}
DEBUG 24-11-07 19:17:44[http-nio-8088-exec-2] [RequestMappingHandlerMapping:531] - Mapped to com.softagape.mustacheajax.security.controller.LoginSessionController#viewSignUp()
DEBUG 24-11-07 19:17:44[http-nio-8088-exec-2] [ContentNegotiatingViewResolver:354] - Selected 'text/html' given [text/html, application/xhtml+xml, image/avif, image/webp, image/apng, application/xml;q=0.9, */*;q=0.8, application/signed-exchange;v=b3;q=0.7]
DEBUG 24-11-07 19:17:44[http-nio-8088-exec-2] [MustacheView:307] - View name [login/signup], model {}
DEBUG 24-11-07 19:17:44[http-nio-8088-exec-2] [MustacheView:178] - Rendering [classpath:/templates/login/signup.html]
DEBUG 24-11-07 19:17:44[http-nio-8088-exec-2] [DispatcherServlet:1138] - Completed 200 OK
DEBUG 24-11-07 19:17:44[http-nio-8088-exec-2] [AnonymousAuthenticationFilter:119] - Set SecurityContextHolder to anonymous SecurityContext
DEBUG 24-11-07 19:17:44[http-nio-8088-exec-3] [DispatcherServlet:120] - GET "/js/jquery-3.7.1.min.js", parameters={}
DEBUG 24-11-07 19:17:44[http-nio-8088-exec-3] [SimpleUrlHandlerMapping:531] - Mapped to ResourceHttpRequestHandler [classpath [META-INF/resources/], classpath [resources/], classpath [static/], classpath [public/], ServletContext [/]]
DEBUG 24-11-07 19:17:44[http-nio-8088-exec-3] [DispatcherServlet:1138] - Completed 200 OK
DEBUG 24-11-07 19:17:54[http-nio-8088-exec-4] [FilterChainProxy:223] - Securing POST /selogin/signup
DEBUG 24-11-07 19:17:54[http-nio-8088-exec-4] [FilterChainProxy:227] - Secured POST /selogin/signup
DEBUG 24-11-07 19:17:54[http-nio-8088-exec-4] [DispatcherServlet:120] - POST "/selogin/signup", parameters={masked}
DEBUG 24-11-07 19:17:54[http-nio-8088-exec-4] [RequestMappingHandlerMapping:531] - Mapped to com.softagape.mustacheajax.security.controller.LoginSessionController#signUp(Model, SignUpRequest, BindingResult)
INFO  24-11-07 19:17:54[http-nio-8088-exec-4] [LoginSessionController:46] - 닉네임은 5~20자 이어야 합니다.
DEBUG 24-11-07 19:17:54[http-nio-8088-exec-4] [ContentNegotiatingViewResolver:354] - Selected 'text/html' given [text/html, application/xhtml+xml, image/avif, image/webp, image/apng, application/xml;q=0.9, */*;q=0.8, application/signed-exchange;v=b3;q=0.7]
DEBUG 24-11-07 19:17:54[http-nio-8088-exec-4] [MustacheView:307] - View name [login/fail], model {signUpRequest=com.softagape.mustacheajax.security.dto.SignUpRequest@78cf894, org.springframework.validation.BindingResult.signUpRequest=org.springframework.validation.BeanPropertyBindingResult: 1 errors
Field error in object 'signUpRequest' on field 'nickname': rejected value [박혀노]; codes [Size.signUpRequest.nickname,Size.nickname,Size.java.lang.String,Size]; arguments [org.springframework.context.support.DefaultMessageSourceResolvable: codes [signUpRequest.nickname,nickname]; arguments []; default message [nickname],20,5]; default message [닉네임은 5~20자 이어야 합니다.], errorList=[nickname : 닉네임은 5~20자 이어야 합니다.]}
DEBUG 24-11-07 19:17:54[http-nio-8088-exec-4] [MustacheView:178] - Rendering [classpath:/templates/login/fail.html]
DEBUG 24-11-07 19:17:54[http-nio-8088-exec-4] [DispatcherServlet:1138] - Completed 200 OK
DEBUG 24-11-07 19:17:54[http-nio-8088-exec-4] [AnonymousAuthenticationFilter:119] - Set SecurityContextHolder to anonymous SecurityContext
DEBUG 24-11-07 19:17:56[http-nio-8088-exec-5] [FilterChainProxy:223] - Securing GET /selogin/signup
DEBUG 24-11-07 19:17:56[http-nio-8088-exec-5] [FilterChainProxy:227] - Secured GET /selogin/signup
DEBUG 24-11-07 19:17:56[http-nio-8088-exec-5] [DispatcherServlet:120] - GET "/selogin/signup", parameters={}
DEBUG 24-11-07 19:17:56[http-nio-8088-exec-5] [RequestMappingHandlerMapping:531] - Mapped to com.softagape.mustacheajax.security.controller.LoginSessionController#viewSignUp()
DEBUG 24-11-07 19:17:56[http-nio-8088-exec-5] [ContentNegotiatingViewResolver:354] - Selected 'text/html' given [text/html, application/xhtml+xml, image/avif, image/webp, image/apng, application/xml;q=0.9, */*;q=0.8, application/signed-exchange;v=b3;q=0.7]
DEBUG 24-11-07 19:17:56[http-nio-8088-exec-5] [MustacheView:307] - View name [login/signup], model {}
DEBUG 24-11-07 19:17:56[http-nio-8088-exec-5] [MustacheView:178] - Rendering [classpath:/templates/login/signup.html]
DEBUG 24-11-07 19:17:56[http-nio-8088-exec-5] [DispatcherServlet:1138] - Completed 200 OK
DEBUG 24-11-07 19:17:56[http-nio-8088-exec-5] [AnonymousAuthenticationFilter:119] - Set SecurityContextHolder to anonymous SecurityContext
DEBUG 24-11-07 19:17:56[http-nio-8088-exec-6] [DispatcherServlet:120] - GET "/js/jquery-3.7.1.min.js", parameters={}
DEBUG 24-11-07 19:17:56[http-nio-8088-exec-6] [SimpleUrlHandlerMapping:531] - Mapped to ResourceHttpRequestHandler [classpath [META-INF/resources/], classpath [resources/], classpath [static/], classpath [public/], ServletContext [/]]
DEBUG 24-11-07 19:17:56[http-nio-8088-exec-6] [DispatcherServlet:1138] - Completed 200 OK
INFO  24-11-07 19:18:00[MessageBroker-1] [WebSocketMessageBrokerStats:154] - WebSocketSession[0 current WS(0)-HttpStream(0)-HttpPoll(0), 0 total, 0 closed abnormally (0 connect failure, 0 send limit, 0 transport error)], stompSubProtocol[processed CONNECT(0)-CONNECTED(0)-DISCONNECT(0)], stompBrokerRelay[null], inboundChannel[pool size = 0, active threads = 0, queued tasks = 0, completed tasks = 0], outboundChannel[pool size = 0, active threads = 0, queued tasks = 0, completed tasks = 0], sockJsScheduler[pool size = 1, active threads = 1, queued tasks = 0, completed tasks = 0]
DEBUG 24-11-07 19:18:03[http-nio-8088-exec-7] [FilterChainProxy:223] - Securing POST /selogin/signup
DEBUG 24-11-07 19:18:03[http-nio-8088-exec-7] [FilterChainProxy:227] - Secured POST /selogin/signup
DEBUG 24-11-07 19:18:03[http-nio-8088-exec-7] [DispatcherServlet:120] - POST "/selogin/signup", parameters={masked}
DEBUG 24-11-07 19:18:03[http-nio-8088-exec-7] [RequestMappingHandlerMapping:531] - Mapped to com.softagape.mustacheajax.security.controller.LoginSessionController#signUp(Model, SignUpRequest, BindingResult)
DEBUG 24-11-07 19:18:03[http-nio-8088-exec-7] [SqlSessionUtils:49] - Creating a new SqlSession
DEBUG 24-11-07 19:18:03[http-nio-8088-exec-7] [SqlSessionUtils:49] - SqlSession [org.apache.ibatis.session.defaults.DefaultSqlSession@7f5d434a] was not registered for synchronization because synchronization is not active
DEBUG 24-11-07 19:18:03[http-nio-8088-exec-7] [DataSourceUtils:117] - Fetching JDBC Connection from DataSource
DEBUG 24-11-07 19:18:03[http-nio-8088-exec-7] [HikariConfig:1106] - HikariPool-1 - configuration:
DEBUG 24-11-07 19:18:03[http-nio-8088-exec-7] [HikariConfig:1138] - allowPoolSuspension.............false
DEBUG 24-11-07 19:18:03[http-nio-8088-exec-7] [HikariConfig:1138] - autoCommit......................true
DEBUG 24-11-07 19:18:03[http-nio-8088-exec-7] [HikariConfig:1138] - catalog.........................none
DEBUG 24-11-07 19:18:03[http-nio-8088-exec-7] [HikariConfig:1138] - connectionInitSql...............none
DEBUG 24-11-07 19:18:03[http-nio-8088-exec-7] [HikariConfig:1138] - connectionTestQuery.............none
DEBUG 24-11-07 19:18:03[http-nio-8088-exec-7] [HikariConfig:1138] - connectionTimeout...............30000
DEBUG 24-11-07 19:18:03[http-nio-8088-exec-7] [HikariConfig:1138] - dataSource......................none
DEBUG 24-11-07 19:18:03[http-nio-8088-exec-7] [HikariConfig:1138] - dataSourceClassName.............none
DEBUG 24-11-07 19:18:03[http-nio-8088-exec-7] [HikariConfig:1138] - dataSourceJNDI..................none
DEBUG 24-11-07 19:18:03[http-nio-8088-exec-7] [HikariConfig:1138] - dataSourceProperties............{password=<masked>}
DEBUG 24-11-07 19:18:03[http-nio-8088-exec-7] [HikariConfig:1138] - driverClassName................."net.sf.log4jdbc.sql.jdbcapi.DriverSpy"
DEBUG 24-11-07 19:18:03[http-nio-8088-exec-7] [HikariConfig:1138] - exceptionOverrideClassName......none
DEBUG 24-11-07 19:18:03[http-nio-8088-exec-7] [HikariConfig:1138] - healthCheckProperties...........{}
DEBUG 24-11-07 19:18:03[http-nio-8088-exec-7] [HikariConfig:1138] - healthCheckRegistry.............none
DEBUG 24-11-07 19:18:03[http-nio-8088-exec-7] [HikariConfig:1138] - idleTimeout.....................600000
DEBUG 24-11-07 19:18:03[http-nio-8088-exec-7] [HikariConfig:1138] - initializationFailTimeout.......1
DEBUG 24-11-07 19:18:03[http-nio-8088-exec-7] [HikariConfig:1138] - isolateInternalQueries..........false
DEBUG 24-11-07 19:18:03[http-nio-8088-exec-7] [HikariConfig:1138] - jdbcUrl.........................jdbc:log4jdbc:mysql://localhost:3306/phonebook_db?useSSL=false&characterEncoding=UTF-8&serverTimezone=UTC&allowPublicKeyRetrieval=true
DEBUG 24-11-07 19:18:03[http-nio-8088-exec-7] [HikariConfig:1138] - keepaliveTime...................0
DEBUG 24-11-07 19:18:03[http-nio-8088-exec-7] [HikariConfig:1138] - leakDetectionThreshold..........0
DEBUG 24-11-07 19:18:03[http-nio-8088-exec-7] [HikariConfig:1138] - maxLifetime.....................1800000
DEBUG 24-11-07 19:18:03[http-nio-8088-exec-7] [HikariConfig:1138] - maximumPoolSize.................10
DEBUG 24-11-07 19:18:03[http-nio-8088-exec-7] [HikariConfig:1138] - metricRegistry..................none
DEBUG 24-11-07 19:18:03[http-nio-8088-exec-7] [HikariConfig:1138] - metricsTrackerFactory...........none
DEBUG 24-11-07 19:18:03[http-nio-8088-exec-7] [HikariConfig:1138] - minimumIdle.....................10
DEBUG 24-11-07 19:18:03[http-nio-8088-exec-7] [HikariConfig:1138] - password........................<masked>
DEBUG 24-11-07 19:18:03[http-nio-8088-exec-7] [HikariConfig:1138] - poolName........................"HikariPool-1"
DEBUG 24-11-07 19:18:03[http-nio-8088-exec-7] [HikariConfig:1138] - readOnly........................false
DEBUG 24-11-07 19:18:03[http-nio-8088-exec-7] [HikariConfig:1138] - registerMbeans..................false
DEBUG 24-11-07 19:18:03[http-nio-8088-exec-7] [HikariConfig:1138] - scheduledExecutor...............none
DEBUG 24-11-07 19:18:03[http-nio-8088-exec-7] [HikariConfig:1138] - schema..........................none
DEBUG 24-11-07 19:18:03[http-nio-8088-exec-7] [HikariConfig:1138] - threadFactory...................internal
DEBUG 24-11-07 19:18:03[http-nio-8088-exec-7] [HikariConfig:1138] - transactionIsolation............default
DEBUG 24-11-07 19:18:03[http-nio-8088-exec-7] [HikariConfig:1138] - username........................"phonebook_user"
DEBUG 24-11-07 19:18:03[http-nio-8088-exec-7] [HikariConfig:1138] - validationTimeout...............5000
INFO  24-11-07 19:18:03[http-nio-8088-exec-7] [HikariDataSource:109] - HikariPool-1 - Starting...
DEBUG 24-11-07 19:18:03[http-nio-8088-exec-7] [PoolBase:374] - HikariPool-1 - Failed to create/setup connection: Access denied for user 'phonebook_user'@'localhost' (using password: YES)
DEBUG 24-11-07 19:18:03[http-nio-8088-exec-7] [HikariPool:489] - HikariPool-1 - Cannot acquire connection from data source
java.sql.SQLException: Access denied for user 'phonebook_user'@'localhost' (using password: YES)
	at com.mysql.cj.jdbc.exceptions.SQLError.createSQLException(SQLError.java:130)
	at com.mysql.cj.jdbc.exceptions.SQLExceptionsMapping.translateException(SQLExceptionsMapping.java:122)
	at com.mysql.cj.jdbc.ConnectionImpl.createNewIO(ConnectionImpl.java:815)
	at com.mysql.cj.jdbc.ConnectionImpl.<init>(ConnectionImpl.java:438)
	at com.mysql.cj.jdbc.ConnectionImpl.getInstance(ConnectionImpl.java:241)
	at com.mysql.cj.jdbc.NonRegisteringDriver.connect(NonRegisteringDriver.java:189)
	at net.sf.log4jdbc.sql.jdbcapi.DriverSpy.connect(DriverSpy.java:401)
	at com.zaxxer.hikari.util.DriverDataSource.getConnection(DriverDataSource.java:137)
	at com.zaxxer.hikari.pool.PoolBase.newConnection(PoolBase.java:360)
	at com.zaxxer.hikari.pool.PoolBase.newPoolEntry(PoolBase.java:202)
	at com.zaxxer.hikari.pool.HikariPool.createPoolEntry(HikariPool.java:461)
	at com.zaxxer.hikari.pool.HikariPool.checkFailFast(HikariPool.java:550)
	at com.zaxxer.hikari.pool.HikariPool.<init>(HikariPool.java:98)
	at com.zaxxer.hikari.HikariDataSource.getConnection(HikariDataSource.java:111)
	at org.springframework.jdbc.datasource.DataSourceUtils.fetchConnection(DataSourceUtils.java:160)
	at org.springframework.jdbc.datasource.DataSourceUtils.doGetConnection(DataSourceUtils.java:118)
	at org.springframework.jdbc.datasource.DataSourceUtils.getConnection(DataSourceUtils.java:81)
	at org.mybatis.spring.transaction.SpringManagedTransaction.openConnection(SpringManagedTransaction.java:80)
	at org.mybatis.spring.transaction.SpringManagedTransaction.getConnection(SpringManagedTransaction.java:67)
	at org.apache.ibatis.executor.BaseExecutor.getConnection(BaseExecutor.java:348)
	at org.apache.ibatis.executor.SimpleExecutor.prepareStatement(SimpleExecutor.java:89)
	at org.apache.ibatis.executor.SimpleExecutor.doUpdate(SimpleExecutor.java:49)
	at org.apache.ibatis.executor.BaseExecutor.update(BaseExecutor.java:117)
	at org.apache.ibatis.executor.CachingExecutor.update(CachingExecutor.java:76)
	at org.apache.ibatis.session.defaults.DefaultSqlSession.update(DefaultSqlSession.java:197)
	at org.apache.ibatis.session.defaults.DefaultSqlSession.insert(DefaultSqlSession.java:184)
	at java.base/jdk.internal.reflect.NativeMethodAccessorImpl.invoke0(Native Method)
	at java.base/jdk.internal.reflect.NativeMethodAccessorImpl.invoke(NativeMethodAccessorImpl.java:77)
	at java.base/jdk.internal.reflect.DelegatingMethodAccessorImpl.invoke(DelegatingMethodAccessorImpl.java:43)
	at java.base/java.lang.reflect.Method.invoke(Method.java:568)
	at org.mybatis.spring.SqlSessionTemplate$SqlSessionInterceptor.invoke(SqlSessionTemplate.java:425)
	at jdk.proxy2/jdk.proxy2.$Proxy75.insert(Unknown Source)
	at org.mybatis.spring.SqlSessionTemplate.insert(SqlSessionTemplate.java:272)
	at org.apache.ibatis.binding.MapperMethod.execute(MapperMethod.java:62)
	at org.apache.ibatis.binding.MapperProxy$PlainMethodInvoker.invoke(MapperProxy.java:141)
	at org.apache.ibatis.binding.MapperProxy.invoke(MapperProxy.java:86)
	at jdk.proxy3/jdk.proxy3.$Proxy86.insert(Unknown Source)
	at com.softagape.mustacheajax.member.MemberServiceImpl.insert(MemberServiceImpl.java:35)
	at com.softagape.mustacheajax.member.MemberServiceImpl.insert(MemberServiceImpl.java:15)
	at com.softagape.mustacheajax.security.controller.LoginSessionController.signUp(LoginSessionController.java:52)
	at java.base/jdk.internal.reflect.NativeMethodAccessorImpl.invoke0(Native Method)
	at java.base/jdk.internal.reflect.NativeMethodAccessorImpl.invoke(NativeMethodAccessorImpl.java:77)
	at java.base/jdk.internal.reflect.DelegatingMethodAccessorImpl.invoke(DelegatingMethodAccessorImpl.java:43)
	at java.base/java.lang.reflect.Method.invoke(Method.java:568)
	at org.springframework.web.method.support.InvocableHandlerMethod.doInvoke(InvocableHandlerMethod.java:255)
	at org.springframework.web.method.support.InvocableHandlerMethod.invokeForRequest(InvocableHandlerMethod.java:188)
	at org.springframework.web.servlet.mvc.method.annotation.ServletInvocableHandlerMethod.invokeAndHandle(ServletInvocableHandlerMethod.java:118)
	at org.springframework.web.servlet.mvc.method.annotation.RequestMappingHandlerAdapter.invokeHandlerMethod(RequestMappingHandlerAdapter.java:926)
	at org.springframework.web.servlet.mvc.method.annotation.RequestMappingHandlerAdapter.handleInternal(RequestMappingHandlerAdapter.java:831)
	at org.springframework.web.servlet.mvc.method.AbstractHandlerMethodAdapter.handle(AbstractHandlerMethodAdapter.java:87)
	at org.springframework.web.servlet.DispatcherServlet.doDispatch(DispatcherServlet.java:1089)
	at org.springframework.web.servlet.DispatcherServlet.doService(DispatcherServlet.java:979)
	at org.springframework.web.servlet.FrameworkServlet.processRequest(FrameworkServlet.java:1014)
	at org.springframework.web.servlet.FrameworkServlet.doPost(FrameworkServlet.java:914)
	at jakarta.servlet.http.HttpServlet.service(HttpServlet.java:590)
	at org.springframework.web.servlet.FrameworkServlet.service(FrameworkServlet.java:885)
	at jakarta.servlet.http.HttpServlet.service(HttpServlet.java:658)
	at org.apache.catalina.core.ApplicationFilterChain.internalDoFilter(ApplicationFilterChain.java:195)
	at org.apache.catalina.core.ApplicationFilterChain.doFilter(ApplicationFilterChain.java:140)
	at org.apache.tomcat.websocket.server.WsFilter.doFilter(WsFilter.java:51)
	at org.apache.catalina.core.ApplicationFilterChain.internalDoFilter(ApplicationFilterChain.java:164)
	at org.apache.catalina.core.ApplicationFilterChain.doFilter(ApplicationFilterChain.java:140)
	at org.springframework.web.filter.CompositeFilter$VirtualFilterChain.doFilter(CompositeFilter.java:108)
	at org.springframework.security.web.FilterChainProxy.lambda$doFilterInternal$3(FilterChainProxy.java:231)
	at org.springframework.security.web.FilterChainProxy$VirtualFilterChain.doFilter(FilterChainProxy.java:365)
	at org.springframework.security.web.access.intercept.AuthorizationFilter.doFilter(AuthorizationFilter.java:100)
	at org.springframework.security.web.FilterChainProxy$VirtualFilterChain.doFilter(FilterChainProxy.java:374)
	at org.springframework.security.web.access.ExceptionTranslationFilter.doFilter(ExceptionTranslationFilter.java:126)
	at org.springframework.security.web.access.ExceptionTranslationFilter.doFilter(ExceptionTranslationFilter.java:120)
	at org.springframework.security.web.FilterChainProxy$VirtualFilterChain.doFilter(FilterChainProxy.java:374)
	at org.springframework.security.web.authentication.AnonymousAuthenticationFilter.doFilter(AnonymousAuthenticationFilter.java:100)
	at org.springframework.security.web.FilterChainProxy$VirtualFilterChain.doFilter(FilterChainProxy.java:374)
	at org.springframework.security.web.servletapi.SecurityContextHolderAwareRequestFilter.doFilter(SecurityContextHolderAwareRequestFilter.java:179)
	at org.springframework.security.web.FilterChainProxy$VirtualFilterChain.doFilter(FilterChainProxy.java:374)
	at org.springframework.security.web.savedrequest.RequestCacheAwareFilter.doFilter(RequestCacheAwareFilter.java:63)
	at org.springframework.security.web.FilterChainProxy$VirtualFilterChain.doFilter(FilterChainProxy.java:374)
	at org.springframework.security.web.authentication.logout.LogoutFilter.doFilter(LogoutFilter.java:107)
	at org.springframework.security.web.authentication.logout.LogoutFilter.doFilter(LogoutFilter.java:93)
	at org.springframework.security.web.FilterChainProxy$VirtualFilterChain.doFilter(FilterChainProxy.java:374)
	at org.springframework.web.filter.CorsFilter.doFilterInternal(CorsFilter.java:91)
	at org.springframework.web.filter.OncePerRequestFilter.doFilter(OncePerRequestFilter.java:116)
	at org.springframework.security.web.FilterChainProxy$VirtualFilterChain.doFilter(FilterChainProxy.java:374)
	at org.springframework.security.web.header.HeaderWriterFilter.doHeadersAfter(HeaderWriterFilter.java:90)
	at org.springframework.security.web.header.HeaderWriterFilter.doFilterInternal(HeaderWriterFilter.java:75)
	at org.springframework.web.filter.OncePerRequestFilter.doFilter(OncePerRequestFilter.java:116)
	at org.springframework.security.web.FilterChainProxy$VirtualFilterChain.doFilter(FilterChainProxy.java:374)
	at org.springframework.security.web.context.SecurityContextHolderFilter.doFilter(SecurityContextHolderFilter.java:82)
	at org.springframework.security.web.context.SecurityContextHolderFilter.doFilter(SecurityContextHolderFilter.java:69)
	at org.springframework.security.web.FilterChainProxy$VirtualFilterChain.doFilter(FilterChainProxy.java:374)
	at org.springframework.security.web.context.request.async.WebAsyncManagerIntegrationFilter.doFilterInternal(WebAsyncManagerIntegrationFilter.java:62)
	at org.springframework.web.filter.OncePerRequestFilter.doFilter(OncePerRequestFilter.java:116)
	at org.springframework.security.web.FilterChainProxy$VirtualFilterChain.doFilter(FilterChainProxy.java:374)
	at org.springframework.security.web.session.DisableEncodeUrlFilter.doFilterInternal(DisableEncodeUrlFilter.java:42)
	at org.springframework.web.filter.OncePerRequestFilter.doFilter(OncePerRequestFilter.java:116)
	at org.springframework.security.web.FilterChainProxy$VirtualFilterChain.doFilter(FilterChainProxy.java:374)
	at org.springframework.security.web.FilterChainProxy.doFilterInternal(FilterChainProxy.java:233)
	at org.springframework.security.web.FilterChainProxy.doFilter(FilterChainProxy.java:191)
	at org.springframework.web.filter.CompositeFilter$VirtualFilterChain.doFilter(CompositeFilter.java:113)
	at org.springframework.web.servlet.handler.HandlerMappingIntrospector.lambda$createCacheFilter$3(HandlerMappingIntrospector.java:195)
	at org.springframework.web.filter.CompositeFilter$VirtualFilterChain.doFilter(CompositeFilter.java:113)
	at org.springframework.web.filter.CompositeFilter.doFilter(CompositeFilter.java:74)
	at org.springframework.security.config.annotation.web.configuration.WebMvcSecurityConfiguration$CompositeFilterChainProxy.doFilter(WebMvcSecurityConfiguration.java:230)
	at org.springframework.web.filter.DelegatingFilterProxy.invokeDelegate(DelegatingFilterProxy.java:352)
	at org.springframework.web.filter.DelegatingFilterProxy.doFilter(DelegatingFilterProxy.java:268)
	at org.apache.catalina.core.ApplicationFilterChain.internalDoFilter(ApplicationFilterChain.java:164)
	at org.apache.catalina.core.ApplicationFilterChain.doFilter(ApplicationFilterChain.java:140)
	at org.springframework.web.filter.RequestContextFilter.doFilterInternal(RequestContextFilter.java:100)
	at org.springframework.web.filter.OncePerRequestFilter.doFilter(OncePerRequestFilter.java:116)
	at org.apache.catalina.core.ApplicationFilterChain.internalDoFilter(ApplicationFilterChain.java:164)
	at org.apache.catalina.core.ApplicationFilterChain.doFilter(ApplicationFilterChain.java:140)
	at org.springframework.web.filter.FormContentFilter.doFilterInternal(FormContentFilter.java:93)
	at org.springframework.web.filter.OncePerRequestFilter.doFilter(OncePerRequestFilter.java:116)
	at org.apache.catalina.core.ApplicationFilterChain.internalDoFilter(ApplicationFilterChain.java:164)
	at org.apache.catalina.core.ApplicationFilterChain.doFilter(ApplicationFilterChain.java:140)
	at org.springframework.web.filter.CharacterEncodingFilter.doFilterInternal(CharacterEncodingFilter.java:201)
	at org.springframework.web.filter.OncePerRequestFilter.doFilter(OncePerRequestFilter.java:116)
	at org.apache.catalina.core.ApplicationFilterChain.internalDoFilter(ApplicationFilterChain.java:164)
	at org.apache.catalina.core.ApplicationFilterChain.doFilter(ApplicationFilterChain.java:140)
	at org.apache.catalina.core.StandardWrapperValve.invoke(StandardWrapperValve.java:167)
	at org.apache.catalina.core.StandardContextValve.invoke(StandardContextValve.java:90)
	at org.apache.catalina.authenticator.AuthenticatorBase.invoke(AuthenticatorBase.java:483)
	at org.apache.catalina.core.StandardHostValve.invoke(StandardHostValve.java:115)
	at org.apache.catalina.valves.ErrorReportValve.invoke(ErrorReportValve.java:93)
	at org.apache.catalina.core.StandardEngineValve.invoke(StandardEngineValve.java:74)
	at org.apache.catalina.connector.CoyoteAdapter.service(CoyoteAdapter.java:344)
	at org.apache.coyote.http11.Http11Processor.service(Http11Processor.java:389)
	at org.apache.coyote.AbstractProcessorLight.process(AbstractProcessorLight.java:63)
	at org.apache.coyote.AbstractProtocol$ConnectionHandler.process(AbstractProtocol.java:904)
	at org.apache.tomcat.util.net.NioEndpoint$SocketProcessor.doRun(NioEndpoint.java:1741)
	at org.apache.tomcat.util.net.SocketProcessorBase.run(SocketProcessorBase.java:52)
	at org.apache.tomcat.util.threads.ThreadPoolExecutor.runWorker(ThreadPoolExecutor.java:1190)
	at org.apache.tomcat.util.threads.ThreadPoolExecutor$Worker.run(ThreadPoolExecutor.java:659)
	at org.apache.tomcat.util.threads.TaskThread$WrappingRunnable.run(TaskThread.java:63)
	at java.base/java.lang.Thread.run(Thread.java:833)
DEBUG 24-11-07 19:18:04[http-nio-8088-exec-7] [SqlSessionUtils:49] - Closing non transactional SqlSession [org.apache.ibatis.session.defaults.DefaultSqlSession@7f5d434a]
ERROR 24-11-07 19:18:04[http-nio-8088-exec-7] [LoginSessionController:54] - org.mybatis.spring.MyBatisSystemException
DEBUG 24-11-07 19:18:04[http-nio-8088-exec-7] [ContentNegotiatingViewResolver:354] - Selected 'text/html' given [text/html, application/xhtml+xml, image/avif, image/webp, image/apng, application/xml;q=0.9, */*;q=0.8, application/signed-exchange;v=b3;q=0.7]
DEBUG 24-11-07 19:18:04[http-nio-8088-exec-7] [MustacheView:307] - View name [login/fail], model {signUpRequest=com.softagape.mustacheajax.security.dto.SignUpRequest@416baf2a, org.springframework.validation.BindingResult.signUpRequest=org.springframework.validation.BeanPropertyBindingResult: 0 errors, message=회원 가입 실패 했습니다. 입력 정보를 다시 확인하거나 관리자에게 문의하세요}
DEBUG 24-11-07 19:18:04[http-nio-8088-exec-7] [MustacheView:178] - Rendering [classpath:/templates/login/fail.html]
DEBUG 24-11-07 19:18:04[http-nio-8088-exec-7] [DispatcherServlet:1138] - Completed 200 OK
DEBUG 24-11-07 19:18:04[http-nio-8088-exec-7] [AnonymousAuthenticationFilter:119] - Set SecurityContextHolder to anonymous SecurityContext
DEBUG 24-11-07 19:21:25[http-nio-8088-exec-9] [FilterChainProxy:223] - Securing GET /selogin/signup
DEBUG 24-11-07 19:21:25[http-nio-8088-exec-9] [FilterChainProxy:227] - Secured GET /selogin/signup
DEBUG 24-11-07 19:21:25[http-nio-8088-exec-9] [DispatcherServlet:120] - GET "/selogin/signup", parameters={}
DEBUG 24-11-07 19:21:25[http-nio-8088-exec-9] [RequestMappingHandlerMapping:531] - Mapped to com.softagape.mustacheajax.security.controller.LoginSessionController#viewSignUp()
DEBUG 24-11-07 19:21:25[http-nio-8088-exec-9] [ContentNegotiatingViewResolver:354] - Selected 'text/html' given [text/html, application/xhtml+xml, image/avif, image/webp, image/apng, application/xml;q=0.9, */*;q=0.8, application/signed-exchange;v=b3;q=0.7]
DEBUG 24-11-07 19:21:25[http-nio-8088-exec-9] [MustacheView:307] - View name [login/signup], model {}
DEBUG 24-11-07 19:21:25[http-nio-8088-exec-9] [MustacheView:178] - Rendering [classpath:/templates/login/signup.html]
DEBUG 24-11-07 19:21:25[http-nio-8088-exec-9] [DispatcherServlet:1138] - Completed 200 OK
DEBUG 24-11-07 19:21:25[http-nio-8088-exec-9] [AnonymousAuthenticationFilter:119] - Set SecurityContextHolder to anonymous SecurityContext
DEBUG 24-11-07 19:21:25[http-nio-8088-exec-10] [DispatcherServlet:120] - GET "/js/jquery-3.7.1.min.js", parameters={}
DEBUG 24-11-07 19:21:25[http-nio-8088-exec-10] [SimpleUrlHandlerMapping:531] - Mapped to ResourceHttpRequestHandler [classpath [META-INF/resources/], classpath [resources/], classpath [static/], classpath [public/], ServletContext [/]]
DEBUG 24-11-07 19:21:25[http-nio-8088-exec-10] [DispatcherServlet:1138] - Completed 200 OK
DEBUG 24-11-07 19:21:29[http-nio-8088-exec-1] [FilterChainProxy:223] - Securing POST /selogin/signup
DEBUG 24-11-07 19:21:29[http-nio-8088-exec-1] [FilterChainProxy:227] - Secured POST /selogin/signup
DEBUG 24-11-07 19:21:29[http-nio-8088-exec-1] [DispatcherServlet:120] - POST "/selogin/signup", parameters={masked}
DEBUG 24-11-07 19:21:29[http-nio-8088-exec-1] [RequestMappingHandlerMapping:531] - Mapped to com.softagape.mustacheajax.security.controller.LoginSessionController#signUp(Model, SignUpRequest, BindingResult)
DEBUG 24-11-07 19:21:29[http-nio-8088-exec-1] [SqlSessionUtils:49] - Creating a new SqlSession
DEBUG 24-11-07 19:21:29[http-nio-8088-exec-1] [SqlSessionUtils:49] - SqlSession [org.apache.ibatis.session.defaults.DefaultSqlSession@4ff1d6f4] was not registered for synchronization because synchronization is not active
DEBUG 24-11-07 19:21:29[http-nio-8088-exec-1] [DataSourceUtils:117] - Fetching JDBC Connection from DataSource
DEBUG 24-11-07 19:21:29[http-nio-8088-exec-1] [HikariConfig:1106] - HikariPool-1 - configuration:
DEBUG 24-11-07 19:21:29[http-nio-8088-exec-1] [HikariConfig:1138] - allowPoolSuspension.............false
DEBUG 24-11-07 19:21:29[http-nio-8088-exec-1] [HikariConfig:1138] - autoCommit......................true
DEBUG 24-11-07 19:21:29[http-nio-8088-exec-1] [HikariConfig:1138] - catalog.........................none
DEBUG 24-11-07 19:21:29[http-nio-8088-exec-1] [HikariConfig:1138] - connectionInitSql...............none
DEBUG 24-11-07 19:21:29[http-nio-8088-exec-1] [HikariConfig:1138] - connectionTestQuery.............none
DEBUG 24-11-07 19:21:29[http-nio-8088-exec-1] [HikariConfig:1138] - connectionTimeout...............30000
DEBUG 24-11-07 19:21:29[http-nio-8088-exec-1] [HikariConfig:1138] - dataSource......................none
DEBUG 24-11-07 19:21:29[http-nio-8088-exec-1] [HikariConfig:1138] - dataSourceClassName.............none
DEBUG 24-11-07 19:21:29[http-nio-8088-exec-1] [HikariConfig:1138] - dataSourceJNDI..................none
DEBUG 24-11-07 19:21:29[http-nio-8088-exec-1] [HikariConfig:1138] - dataSourceProperties............{password=<masked>}
DEBUG 24-11-07 19:21:29[http-nio-8088-exec-1] [HikariConfig:1138] - driverClassName................."net.sf.log4jdbc.sql.jdbcapi.DriverSpy"
DEBUG 24-11-07 19:21:29[http-nio-8088-exec-1] [HikariConfig:1138] - exceptionOverrideClassName......none
DEBUG 24-11-07 19:21:29[http-nio-8088-exec-1] [HikariConfig:1138] - healthCheckProperties...........{}
DEBUG 24-11-07 19:21:29[http-nio-8088-exec-1] [HikariConfig:1138] - healthCheckRegistry.............none
DEBUG 24-11-07 19:21:29[http-nio-8088-exec-1] [HikariConfig:1138] - idleTimeout.....................600000
DEBUG 24-11-07 19:21:29[http-nio-8088-exec-1] [HikariConfig:1138] - initializationFailTimeout.......1
DEBUG 24-11-07 19:21:29[http-nio-8088-exec-1] [HikariConfig:1138] - isolateInternalQueries..........false
DEBUG 24-11-07 19:21:29[http-nio-8088-exec-1] [HikariConfig:1138] - jdbcUrl.........................jdbc:log4jdbc:mysql://localhost:3306/phonebook_db?useSSL=false&characterEncoding=UTF-8&serverTimezone=UTC&allowPublicKeyRetrieval=true
DEBUG 24-11-07 19:21:29[http-nio-8088-exec-1] [HikariConfig:1138] - keepaliveTime...................0
DEBUG 24-11-07 19:21:29[http-nio-8088-exec-1] [HikariConfig:1138] - leakDetectionThreshold..........0
DEBUG 24-11-07 19:21:29[http-nio-8088-exec-1] [HikariConfig:1138] - maxLifetime.....................1800000
DEBUG 24-11-07 19:21:29[http-nio-8088-exec-1] [HikariConfig:1138] - maximumPoolSize.................10
DEBUG 24-11-07 19:21:29[http-nio-8088-exec-1] [HikariConfig:1138] - metricRegistry..................none
DEBUG 24-11-07 19:21:29[http-nio-8088-exec-1] [HikariConfig:1138] - metricsTrackerFactory...........none
DEBUG 24-11-07 19:21:29[http-nio-8088-exec-1] [HikariConfig:1138] - minimumIdle.....................10
DEBUG 24-11-07 19:21:29[http-nio-8088-exec-1] [HikariConfig:1138] - password........................<masked>
DEBUG 24-11-07 19:21:29[http-nio-8088-exec-1] [HikariConfig:1138] - poolName........................"HikariPool-1"
DEBUG 24-11-07 19:21:29[http-nio-8088-exec-1] [HikariConfig:1138] - readOnly........................false
DEBUG 24-11-07 19:21:29[http-nio-8088-exec-1] [HikariConfig:1138] - registerMbeans..................false
DEBUG 24-11-07 19:21:29[http-nio-8088-exec-1] [HikariConfig:1138] - scheduledExecutor...............none
DEBUG 24-11-07 19:21:29[http-nio-8088-exec-1] [HikariConfig:1138] - schema..........................none
DEBUG 24-11-07 19:21:29[http-nio-8088-exec-1] [HikariConfig:1138] - threadFactory...................internal
DEBUG 24-11-07 19:21:29[http-nio-8088-exec-1] [HikariConfig:1138] - transactionIsolation............default
DEBUG 24-11-07 19:21:29[http-nio-8088-exec-1] [HikariConfig:1138] - username........................"phonebook_user"
DEBUG 24-11-07 19:21:29[http-nio-8088-exec-1] [HikariConfig:1138] - validationTimeout...............5000
INFO  24-11-07 19:21:29[http-nio-8088-exec-1] [HikariDataSource:109] - HikariPool-1 - Starting...
INFO  24-11-07 19:21:29[http-nio-8088-exec-1] [HikariPool:554] - HikariPool-1 - Added connection net.sf.log4jdbc.sql.jdbcapi.ConnectionSpy@18112ea3
INFO  24-11-07 19:21:29[http-nio-8088-exec-1] [HikariDataSource:122] - HikariPool-1 - Start completed.
DEBUG 24-11-07 19:21:29[http-nio-8088-exec-1] [SpringManagedTransaction:49] - JDBC Connection [HikariProxyConnection@1126686758 wrapping net.sf.log4jdbc.sql.jdbcapi.ConnectionSpy@18112ea3] will not be managed by Spring
DEBUG 24-11-07 19:21:29[http-nio-8088-exec-1] [insert:135] - ==>  Preparing: INSERT INTO member_tbl (name , nickname , loginId , password , email , role , active , createDt , createId) VALUES (? , ? , ? , ? , ? , ? , ? , ? , ?)
DEBUG 24-11-07 19:21:29[http-nio-8088-exec-1] [insert:135] - ==> Parameters: 박현호(String), 박혀노dasdsad(String), hong1111(String), $2a$10$99.WmF6Fb3Vx8p2oS.7iveYv45VRM0EPR.gCM6v3xy6X26s8SLb/q(String), dasdas@asdas(String), USER(String), false(Boolean), 2024-11-07 19:21:29(String), null
DEBUG 24-11-07 19:21:29[http-nio-8088-exec-1] [sqltiming:368] -  com.zaxxer.hikari.pool.ProxyPreparedStatement.execute(ProxyPreparedStatement.java:44)
1. INSERT INTO member_tbl
            (name
            , nickname
            , loginId
            , password
            , email
            , role
            , active
            , createDt
            , createId)
        VALUES
            ('박현호'
            , '박혀노dasdsad'
            , 'hong1111'
            , '$2a$10$99.WmF6Fb3Vx8p2oS.7iveYv45VRM0EPR.gCM6v3xy6X26s8SLb/q'
            , 'dasdas@asdas'
            , 'USER'
            , 0
            , '2024-11-07 19:21:29'
            , NULL)
 {executed in 15 msec}
DEBUG 24-11-07 19:21:29[http-nio-8088-exec-1] [insert:135] - <==    Updates: 1
DEBUG 24-11-07 19:21:29[http-nio-8088-exec-1] [sqltiming:368] -  com.zaxxer.hikari.pool.ProxyStatement.getGeneratedKeys(ProxyStatement.java:229)
1. getGeneratedKeys on query: INSERT INTO member_tbl
            (name
            , nickname
            , loginId
            , password
            , email
            , role
            , active
            , createDt
            , createId)
        VALUES
            ('박현호'
            , '박혀노dasdsad'
            , 'hong1111'
            , '$2a$10$99.WmF6Fb3Vx8p2oS.7iveYv45VRM0EPR.gCM6v3xy6X26s8SLb/q'
            , 'dasdas@asdas'
            , 'USER'
            , 0
            , '2024-11-07 19:21:29'
            , NULL)
 {executed in 14 msec}
INFO  24-11-07 19:21:29[http-nio-8088-exec-1] [resultsettable:610] - 
|--------------|
|generated_key |
|--------------|
|1             |
|--------------|

DEBUG 24-11-07 19:21:29[http-nio-8088-exec-1] [SqlSessionUtils:49] - Closing non transactional SqlSession [org.apache.ibatis.session.defaults.DefaultSqlSession@4ff1d6f4]
DEBUG 24-11-07 19:21:29[http-nio-8088-exec-1] [RedirectView:307] - View name [redirect:], model {}
DEBUG 24-11-07 19:21:29[http-nio-8088-exec-1] [DispatcherServlet:1138] - Completed 302 FOUND
DEBUG 24-11-07 19:21:29[http-nio-8088-exec-1] [AnonymousAuthenticationFilter:119] - Set SecurityContextHolder to anonymous SecurityContext
DEBUG 24-11-07 19:21:29[http-nio-8088-exec-2] [FilterChainProxy:223] - Securing GET /
DEBUG 24-11-07 19:21:29[http-nio-8088-exec-2] [FilterChainProxy:227] - Secured GET /
DEBUG 24-11-07 19:21:29[http-nio-8088-exec-2] [DispatcherServlet:120] - GET "/", parameters={}
DEBUG 24-11-07 19:21:29[http-nio-8088-exec-2] [RequestMappingHandlerMapping:531] - Mapped to com.softagape.mustacheajax.security.controller.IndexController#index(Model, String)
DEBUG 24-11-07 19:21:29[http-nio-8088-exec-2] [ContentNegotiatingViewResolver:354] - Selected 'text/html' given [text/html, application/xhtml+xml, image/avif, image/webp, image/apng, application/xml;q=0.9, */*;q=0.8, application/signed-exchange;v=b3;q=0.7]
DEBUG 24-11-07 19:21:29[http-nio-8088-exec-2] [MustacheView:307] - View name [index], model {}
DEBUG 24-11-07 19:21:29[http-nio-8088-exec-2] [MustacheView:178] - Rendering [classpath:/templates/index.html]
DEBUG 24-11-07 19:21:29[http-nio-8088-exec-2] [DispatcherServlet:1138] - Completed 200 OK
DEBUG 24-11-07 19:21:29[http-nio-8088-exec-2] [AnonymousAuthenticationFilter:119] - Set SecurityContextHolder to anonymous SecurityContext
DEBUG 24-11-07 19:21:29[HikariPool-1 housekeeper] [HikariPool:405] - HikariPool-1 - Pool stats (total=1, active=0, idle=1, waiting=0)
DEBUG 24-11-07 19:21:29[HikariPool-1 connection adder] [HikariPool:728] - HikariPool-1 - Added connection net.sf.log4jdbc.sql.jdbcapi.ConnectionSpy@7a500e90
DEBUG 24-11-07 19:21:29[HikariPool-1 connection adder] [HikariPool:405] - HikariPool-1 - After adding stats (total=2, active=0, idle=2, waiting=0)
DEBUG 24-11-07 19:21:29[HikariPool-1 connection adder] [HikariPool:728] - HikariPool-1 - Added connection net.sf.log4jdbc.sql.jdbcapi.ConnectionSpy@a1c3dcc
DEBUG 24-11-07 19:21:29[HikariPool-1 connection adder] [HikariPool:405] - HikariPool-1 - After adding stats (total=3, active=0, idle=3, waiting=0)
DEBUG 24-11-07 19:21:29[HikariPool-1 connection adder] [HikariPool:728] - HikariPool-1 - Added connection net.sf.log4jdbc.sql.jdbcapi.ConnectionSpy@5b42fbe4
DEBUG 24-11-07 19:21:29[HikariPool-1 connection adder] [HikariPool:405] - HikariPool-1 - After adding stats (total=4, active=0, idle=4, waiting=0)
DEBUG 24-11-07 19:21:29[HikariPool-1 connection adder] [HikariPool:728] - HikariPool-1 - Added connection net.sf.log4jdbc.sql.jdbcapi.ConnectionSpy@54b39dfb
DEBUG 24-11-07 19:21:29[HikariPool-1 connection adder] [HikariPool:405] - HikariPool-1 - After adding stats (total=5, active=0, idle=5, waiting=0)
DEBUG 24-11-07 19:21:29[HikariPool-1 connection adder] [HikariPool:728] - HikariPool-1 - Added connection net.sf.log4jdbc.sql.jdbcapi.ConnectionSpy@5f0c441f
DEBUG 24-11-07 19:21:29[HikariPool-1 connection adder] [HikariPool:405] - HikariPool-1 - After adding stats (total=6, active=0, idle=6, waiting=0)
DEBUG 24-11-07 19:21:29[HikariPool-1 connection adder] [HikariPool:728] - HikariPool-1 - Added connection net.sf.log4jdbc.sql.jdbcapi.ConnectionSpy@79f01bae
DEBUG 24-11-07 19:21:29[HikariPool-1 connection adder] [HikariPool:405] - HikariPool-1 - After adding stats (total=7, active=0, idle=7, waiting=0)
DEBUG 24-11-07 19:21:29[HikariPool-1 connection adder] [HikariPool:728] - HikariPool-1 - Added connection net.sf.log4jdbc.sql.jdbcapi.ConnectionSpy@3f45137a
DEBUG 24-11-07 19:21:29[HikariPool-1 connection adder] [HikariPool:405] - HikariPool-1 - After adding stats (total=8, active=0, idle=8, waiting=0)
DEBUG 24-11-07 19:21:29[HikariPool-1 connection adder] [HikariPool:728] - HikariPool-1 - Added connection net.sf.log4jdbc.sql.jdbcapi.ConnectionSpy@57c576dd
DEBUG 24-11-07 19:21:29[HikariPool-1 connection adder] [HikariPool:405] - HikariPool-1 - After adding stats (total=9, active=0, idle=9, waiting=0)
DEBUG 24-11-07 19:21:29[HikariPool-1 connection adder] [HikariPool:728] - HikariPool-1 - Added connection net.sf.log4jdbc.sql.jdbcapi.ConnectionSpy@6662ac21
DEBUG 24-11-07 19:21:30[HikariPool-1 connection adder] [HikariPool:405] - HikariPool-1 - After adding stats (total=10, active=0, idle=10, waiting=0)
DEBUG 24-11-07 19:21:35[http-nio-8088-exec-3] [FilterChainProxy:223] - Securing GET /selogin/login
DEBUG 24-11-07 19:21:35[http-nio-8088-exec-3] [FilterChainProxy:227] - Secured GET /selogin/login
DEBUG 24-11-07 19:21:35[http-nio-8088-exec-3] [DispatcherServlet:120] - GET "/selogin/login", parameters={}
DEBUG 24-11-07 19:21:35[http-nio-8088-exec-3] [RequestMappingHandlerMapping:531] - Mapped to com.softagape.mustacheajax.security.controller.LoginSessionController#viewLogin()
DEBUG 24-11-07 19:21:35[http-nio-8088-exec-3] [ContentNegotiatingViewResolver:354] - Selected 'text/html' given [text/html, application/xhtml+xml, image/avif, image/webp, image/apng, application/xml;q=0.9, */*;q=0.8, application/signed-exchange;v=b3;q=0.7]
DEBUG 24-11-07 19:21:35[http-nio-8088-exec-3] [MustacheView:307] - View name [login/login], model {}
DEBUG 24-11-07 19:21:35[http-nio-8088-exec-3] [MustacheView:178] - Rendering [classpath:/templates/login/login.html]
DEBUG 24-11-07 19:21:35[http-nio-8088-exec-3] [DispatcherServlet:1138] - Completed 200 OK
DEBUG 24-11-07 19:21:35[http-nio-8088-exec-3] [AnonymousAuthenticationFilter:119] - Set SecurityContextHolder to anonymous SecurityContext
DEBUG 24-11-07 19:21:35[http-nio-8088-exec-4] [DispatcherServlet:120] - GET "/js/jquery-3.7.1.min.js", parameters={}
DEBUG 24-11-07 19:21:35[http-nio-8088-exec-4] [SimpleUrlHandlerMapping:531] - Mapped to ResourceHttpRequestHandler [classpath [META-INF/resources/], classpath [resources/], classpath [static/], classpath [public/], ServletContext [/]]
DEBUG 24-11-07 19:21:35[http-nio-8088-exec-4] [DispatcherServlet:1138] - Completed 200 OK
DEBUG 24-11-07 19:21:36[http-nio-8088-exec-5] [FilterChainProxy:223] - Securing POST /selogin/signin
DEBUG 24-11-07 19:21:36[http-nio-8088-exec-5] [FilterChainProxy:227] - Secured POST /selogin/signin
DEBUG 24-11-07 19:21:36[http-nio-8088-exec-5] [DispatcherServlet:120] - POST "/selogin/signin", parameters={masked}
DEBUG 24-11-07 19:21:36[http-nio-8088-exec-5] [RequestMappingHandlerMapping:531] - Mapped to com.softagape.mustacheajax.security.controller.LoginSessionController#signin(Model, LoginRequest, HttpServletRequest)
DEBUG 24-11-07 19:21:36[http-nio-8088-exec-5] [CachedIntrospectionResults:166] - Not strongly caching class [com.softagape.mustacheajax.security.dto.LoginRequest] because it is not cache-safe
DEBUG 24-11-07 19:21:36[http-nio-8088-exec-5] [SqlSessionUtils:49] - Creating a new SqlSession
DEBUG 24-11-07 19:21:36[http-nio-8088-exec-5] [SqlSessionUtils:49] - SqlSession [org.apache.ibatis.session.defaults.DefaultSqlSession@1b420108] was not registered for synchronization because synchronization is not active
DEBUG 24-11-07 19:21:36[http-nio-8088-exec-5] [DataSourceUtils:117] - Fetching JDBC Connection from DataSource
DEBUG 24-11-07 19:21:36[http-nio-8088-exec-5] [SpringManagedTransaction:49] - JDBC Connection [HikariProxyConnection@1108661740 wrapping net.sf.log4jdbc.sql.jdbcapi.ConnectionSpy@18112ea3] will not be managed by Spring
DEBUG 24-11-07 19:21:36[http-nio-8088-exec-5] [findByLoginId:135] - ==>  Preparing: SELECT id , name , nickname , loginId , password , email , role , active , createDt , createId , updateDt , updateId , deleteDt , deleteId , deleteFlag FROM member_tbl WHERE loginId = ? AND deleteFlag = false
DEBUG 24-11-07 19:21:36[http-nio-8088-exec-5] [findByLoginId:135] - ==> Parameters: hong1111(String)
DEBUG 24-11-07 19:21:36[http-nio-8088-exec-5] [sqltiming:368] -  com.zaxxer.hikari.pool.ProxyPreparedStatement.execute(ProxyPreparedStatement.java:44)
1. SELECT id
             , name
             , nickname
             , loginId
             , password
             , email
             , role
             , active
             , createDt
             , createId
             , updateDt
             , updateId
             , deleteDt
             , deleteId
             , deleteFlag
        FROM member_tbl
        WHERE loginId = 'hong1111'
          AND deleteFlag = false
 {executed in 1 msec}
INFO  24-11-07 19:21:36[http-nio-8088-exec-5] [resultsettable:610] - 
|---|-----|-----------|---------|-------------------------------------------------------------|-------------|-----|-------|--------------------|---------|---------|---------|---------|---------|-----------|
|id |name |nickname   |loginid  |password                                                     |email        |role |active |createdt            |createid |updatedt |updateid |deletedt |deleteid |deleteflag |
|---|-----|-----------|---------|-------------------------------------------------------------|-------------|-----|-------|--------------------|---------|---------|---------|---------|---------|-----------|
|1  |박현호  |박혀노dasdsad |hong1111 |$2a$10$99.WmF6Fb3Vx8p2oS.7iveYv45VRM0EPR.gCM6v3xy6X26s8SLb/q |dasdas@asdas |USER |false  |2024-11-07 19:21:29 |[null]   |null     |[null]   |null     |[null]   |false      |
|---|-----|-----------|---------|-------------------------------------------------------------|-------------|-----|-------|--------------------|---------|---------|---------|---------|---------|-----------|

DEBUG 24-11-07 19:21:36[http-nio-8088-exec-5] [findByLoginId:135] - <==      Total: 1
DEBUG 24-11-07 19:21:36[http-nio-8088-exec-5] [SqlSessionUtils:49] - Closing non transactional SqlSession [org.apache.ibatis.session.defaults.DefaultSqlSession@1b420108]
DEBUG 24-11-07 19:21:36[http-nio-8088-exec-5] [ContentNegotiatingViewResolver:354] - Selected 'text/html' given [text/html, application/xhtml+xml, image/avif, image/webp, image/apng, application/xml;q=0.9, */*;q=0.8, application/signed-exchange;v=b3;q=0.7]
DEBUG 24-11-07 19:21:36[http-nio-8088-exec-5] [MustacheView:307] - View name [login/fail], model {loginRequest=com.softagape.mustacheajax.security.dto.LoginRequest@360bd90e, org.springframework.validation.BindingResult.loginRequest=org.springframework.validation.BeanPropertyBindingResult: 0 errors, message=회원계정이 비활성 상태입니다, 관리자에게 문의 하세요}
DEBUG 24-11-07 19:21:36[http-nio-8088-exec-5] [MustacheView:178] - Rendering [classpath:/templates/login/fail.html]
DEBUG 24-11-07 19:21:36[http-nio-8088-exec-5] [DispatcherServlet:1138] - Completed 200 OK
DEBUG 24-11-07 19:21:36[http-nio-8088-exec-5] [AnonymousAuthenticationFilter:119] - Set SecurityContextHolder to anonymous SecurityContext
DEBUG 24-11-07 19:21:38[http-nio-8088-exec-6] [FilterChainProxy:223] - Securing GET /selogin/login
DEBUG 24-11-07 19:21:38[http-nio-8088-exec-6] [FilterChainProxy:227] - Secured GET /selogin/login
DEBUG 24-11-07 19:21:38[http-nio-8088-exec-6] [DispatcherServlet:120] - GET "/selogin/login", parameters={}
DEBUG 24-11-07 19:21:38[http-nio-8088-exec-6] [RequestMappingHandlerMapping:531] - Mapped to com.softagape.mustacheajax.security.controller.LoginSessionController#viewLogin()
DEBUG 24-11-07 19:21:38[http-nio-8088-exec-6] [ContentNegotiatingViewResolver:354] - Selected 'text/html' given [text/html, application/xhtml+xml, image/avif, image/webp, image/apng, application/xml;q=0.9, */*;q=0.8, application/signed-exchange;v=b3;q=0.7]
DEBUG 24-11-07 19:21:38[http-nio-8088-exec-6] [MustacheView:307] - View name [login/login], model {}
DEBUG 24-11-07 19:21:38[http-nio-8088-exec-6] [MustacheView:178] - Rendering [classpath:/templates/login/login.html]
DEBUG 24-11-07 19:21:38[http-nio-8088-exec-6] [DispatcherServlet:1138] - Completed 200 OK
DEBUG 24-11-07 19:21:38[http-nio-8088-exec-6] [AnonymousAuthenticationFilter:119] - Set SecurityContextHolder to anonymous SecurityContext
DEBUG 24-11-07 19:21:38[http-nio-8088-exec-7] [DispatcherServlet:120] - GET "/js/jquery-3.7.1.min.js", parameters={}
DEBUG 24-11-07 19:21:38[http-nio-8088-exec-7] [SimpleUrlHandlerMapping:531] - Mapped to ResourceHttpRequestHandler [classpath [META-INF/resources/], classpath [resources/], classpath [static/], classpath [public/], ServletContext [/]]
DEBUG 24-11-07 19:21:38[http-nio-8088-exec-7] [DispatcherServlet:1138] - Completed 200 OK
DEBUG 24-11-07 19:21:48[http-nio-8088-exec-8] [FilterChainProxy:223] - Securing POST /selogin/signin
DEBUG 24-11-07 19:21:48[http-nio-8088-exec-8] [FilterChainProxy:227] - Secured POST /selogin/signin
DEBUG 24-11-07 19:21:48[http-nio-8088-exec-8] [DispatcherServlet:120] - POST "/selogin/signin", parameters={masked}
DEBUG 24-11-07 19:21:48[http-nio-8088-exec-8] [RequestMappingHandlerMapping:531] - Mapped to com.softagape.mustacheajax.security.controller.LoginSessionController#signin(Model, LoginRequest, HttpServletRequest)
DEBUG 24-11-07 19:21:48[http-nio-8088-exec-8] [SqlSessionUtils:49] - Creating a new SqlSession
DEBUG 24-11-07 19:21:48[http-nio-8088-exec-8] [SqlSessionUtils:49] - SqlSession [org.apache.ibatis.session.defaults.DefaultSqlSession@290f078c] was not registered for synchronization because synchronization is not active
DEBUG 24-11-07 19:21:48[http-nio-8088-exec-8] [DataSourceUtils:117] - Fetching JDBC Connection from DataSource
DEBUG 24-11-07 19:21:48[http-nio-8088-exec-8] [SpringManagedTransaction:49] - JDBC Connection [HikariProxyConnection@1631186812 wrapping net.sf.log4jdbc.sql.jdbcapi.ConnectionSpy@18112ea3] will not be managed by Spring
DEBUG 24-11-07 19:21:48[http-nio-8088-exec-8] [findByLoginId:135] - ==>  Preparing: SELECT id , name , nickname , loginId , password , email , role , active , createDt , createId , updateDt , updateId , deleteDt , deleteId , deleteFlag FROM member_tbl WHERE loginId = ? AND deleteFlag = false
DEBUG 24-11-07 19:21:48[http-nio-8088-exec-8] [findByLoginId:135] - ==> Parameters: hong1111(String)
DEBUG 24-11-07 19:21:48[http-nio-8088-exec-8] [sqltiming:368] -  com.zaxxer.hikari.pool.ProxyPreparedStatement.execute(ProxyPreparedStatement.java:44)
1. SELECT id
             , name
             , nickname
             , loginId
             , password
             , email
             , role
             , active
             , createDt
             , createId
             , updateDt
             , updateId
             , deleteDt
             , deleteId
             , deleteFlag
        FROM member_tbl
        WHERE loginId = 'hong1111'
          AND deleteFlag = false
 {executed in 2 msec}
INFO  24-11-07 19:21:48[http-nio-8088-exec-8] [resultsettable:610] - 
|---|-----|-----------|---------|-------------------------------------------------------------|-------------|-----|-------|--------------------|---------|---------|---------|---------|---------|-----------|
|id |name |nickname   |loginid  |password                                                     |email        |role |active |createdt            |createid |updatedt |updateid |deletedt |deleteid |deleteflag |
|---|-----|-----------|---------|-------------------------------------------------------------|-------------|-----|-------|--------------------|---------|---------|---------|---------|---------|-----------|
|1  |박현호  |박혀노dasdsad |hong1111 |$2a$10$99.WmF6Fb3Vx8p2oS.7iveYv45VRM0EPR.gCM6v3xy6X26s8SLb/q |dasdas@asdas |USER |true   |2024-11-07 19:21:29 |[null]   |null     |[null]   |null     |[null]   |false      |
|---|-----|-----------|---------|-------------------------------------------------------------|-------------|-----|-------|--------------------|---------|---------|---------|---------|---------|-----------|

DEBUG 24-11-07 19:21:48[http-nio-8088-exec-8] [findByLoginId:135] - <==      Total: 1
DEBUG 24-11-07 19:21:48[http-nio-8088-exec-8] [SqlSessionUtils:49] - Closing non transactional SqlSession [org.apache.ibatis.session.defaults.DefaultSqlSession@290f078c]
DEBUG 24-11-07 19:21:48[http-nio-8088-exec-8] [RedirectView:307] - View name [redirect:], model {}
DEBUG 24-11-07 19:21:48[http-nio-8088-exec-8] [DispatcherServlet:1138] - Completed 302 FOUND
DEBUG 24-11-07 19:21:48[http-nio-8088-exec-8] [AnonymousAuthenticationFilter:119] - Set SecurityContextHolder to anonymous SecurityContext
DEBUG 24-11-07 19:21:48[http-nio-8088-exec-9] [FilterChainProxy:223] - Securing GET /
DEBUG 24-11-07 19:21:48[http-nio-8088-exec-9] [FilterChainProxy:227] - Secured GET /
DEBUG 24-11-07 19:21:48[http-nio-8088-exec-9] [DispatcherServlet:120] - GET "/", parameters={}
DEBUG 24-11-07 19:21:48[http-nio-8088-exec-9] [RequestMappingHandlerMapping:531] - Mapped to com.softagape.mustacheajax.security.controller.IndexController#index(Model, String)
DEBUG 24-11-07 19:21:48[http-nio-8088-exec-9] [SqlSessionUtils:49] - Creating a new SqlSession
DEBUG 24-11-07 19:21:48[http-nio-8088-exec-9] [SqlSessionUtils:49] - SqlSession [org.apache.ibatis.session.defaults.DefaultSqlSession@1d762c9a] was not registered for synchronization because synchronization is not active
DEBUG 24-11-07 19:21:48[http-nio-8088-exec-9] [DataSourceUtils:117] - Fetching JDBC Connection from DataSource
DEBUG 24-11-07 19:21:48[http-nio-8088-exec-9] [SpringManagedTransaction:49] - JDBC Connection [HikariProxyConnection@855723721 wrapping net.sf.log4jdbc.sql.jdbcapi.ConnectionSpy@18112ea3] will not be managed by Spring
DEBUG 24-11-07 19:21:48[http-nio-8088-exec-9] [findByNickname:135] - ==>  Preparing: SELECT id , name , nickname , loginId , password , email , role , active , createDt , createId , updateDt , updateId , deleteDt , deleteId , deleteFlag FROM member_tbl WHERE nickname = ? AND deleteFlag = false
DEBUG 24-11-07 19:21:48[http-nio-8088-exec-9] [findByNickname:135] - ==> Parameters: 박혀노dasdsad(String)
DEBUG 24-11-07 19:21:48[http-nio-8088-exec-9] [sqltiming:368] -  com.zaxxer.hikari.pool.ProxyPreparedStatement.execute(ProxyPreparedStatement.java:44)
1. SELECT id
             , name
             , nickname
             , loginId
             , password
             , email
             , role
             , active
             , createDt
             , createId
             , updateDt
             , updateId
             , deleteDt
             , deleteId
             , deleteFlag
        FROM member_tbl
        WHERE nickname = '박혀노dasdsad'
          AND deleteFlag = false
 {executed in 0 msec}
INFO  24-11-07 19:21:48[http-nio-8088-exec-9] [resultsettable:610] - 
|---|-----|-----------|---------|-------------------------------------------------------------|-------------|-----|-------|--------------------|---------|---------|---------|---------|---------|-----------|
|id |name |nickname   |loginid  |password                                                     |email        |role |active |createdt            |createid |updatedt |updateid |deletedt |deleteid |deleteflag |
|---|-----|-----------|---------|-------------------------------------------------------------|-------------|-----|-------|--------------------|---------|---------|---------|---------|---------|-----------|
|1  |박현호  |박혀노dasdsad |hong1111 |$2a$10$99.WmF6Fb3Vx8p2oS.7iveYv45VRM0EPR.gCM6v3xy6X26s8SLb/q |dasdas@asdas |USER |true   |2024-11-07 19:21:29 |[null]   |null     |[null]   |null     |[null]   |false      |
|---|-----|-----------|---------|-------------------------------------------------------------|-------------|-----|-------|--------------------|---------|---------|---------|---------|---------|-----------|

DEBUG 24-11-07 19:21:48[http-nio-8088-exec-9] [findByNickname:135] - <==      Total: 1
DEBUG 24-11-07 19:21:48[http-nio-8088-exec-9] [SqlSessionUtils:49] - Closing non transactional SqlSession [org.apache.ibatis.session.defaults.DefaultSqlSession@1d762c9a]
DEBUG 24-11-07 19:21:48[http-nio-8088-exec-9] [ContentNegotiatingViewResolver:354] - Selected 'text/html' given [text/html, application/xhtml+xml, image/avif, image/webp, image/apng, application/xml;q=0.9, */*;q=0.8, application/signed-exchange;v=b3;q=0.7]
DEBUG 24-11-07 19:21:48[http-nio-8088-exec-9] [MustacheView:307] - View name [index], model {sb3=com.softagape.mustacheajax.member.MemberDto@379e4cbd, org.springframework.validation.BindingResult.sb3=org.springframework.validation.BeanPropertyBindingResult: 0 errors}
DEBUG 24-11-07 19:21:48[http-nio-8088-exec-9] [MustacheView:178] - Rendering [classpath:/templates/index.html]
DEBUG 24-11-07 19:21:48[http-nio-8088-exec-9] [DispatcherServlet:1138] - Completed 200 OK
DEBUG 24-11-07 19:21:48[http-nio-8088-exec-9] [AnonymousAuthenticationFilter:119] - Set SecurityContextHolder to anonymous SecurityContext
DEBUG 24-11-07 19:21:59[HikariPool-1 housekeeper] [HikariPool:405] - HikariPool-1 - Pool stats (total=10, active=0, idle=10, waiting=0)
DEBUG 24-11-07 19:21:59[HikariPool-1 housekeeper] [HikariPool:510] - HikariPool-1 - Fill pool skipped, pool has sufficient level or currently being filled.
DEBUG 24-11-07 19:22:29[HikariPool-1 housekeeper] [HikariPool:405] - HikariPool-1 - Pool stats (total=10, active=0, idle=10, waiting=0)
DEBUG 24-11-07 19:22:29[HikariPool-1 housekeeper] [HikariPool:510] - HikariPool-1 - Fill pool skipped, pool has sufficient level or currently being filled.
DEBUG 24-11-07 19:22:59[HikariPool-1 housekeeper] [HikariPool:405] - HikariPool-1 - Pool stats (total=10, active=0, idle=10, waiting=0)
DEBUG 24-11-07 19:22:59[HikariPool-1 housekeeper] [HikariPool:510] - HikariPool-1 - Fill pool skipped, pool has sufficient level or currently being filled.
DEBUG 24-11-07 19:23:29[HikariPool-1 housekeeper] [HikariPool:405] - HikariPool-1 - Pool stats (total=10, active=0, idle=10, waiting=0)
DEBUG 24-11-07 19:23:29[HikariPool-1 housekeeper] [HikariPool:510] - HikariPool-1 - Fill pool skipped, pool has sufficient level or currently being filled.
DEBUG 24-11-07 19:23:59[HikariPool-1 housekeeper] [HikariPool:405] - HikariPool-1 - Pool stats (total=10, active=0, idle=10, waiting=0)
DEBUG 24-11-07 19:23:59[HikariPool-1 housekeeper] [HikariPool:510] - HikariPool-1 - Fill pool skipped, pool has sufficient level or currently being filled.
DEBUG 24-11-07 19:24:29[HikariPool-1 housekeeper] [HikariPool:405] - HikariPool-1 - Pool stats (total=10, active=0, idle=10, waiting=0)
DEBUG 24-11-07 19:24:29[HikariPool-1 housekeeper] [HikariPool:510] - HikariPool-1 - Fill pool skipped, pool has sufficient level or currently being filled.
DEBUG 24-11-07 19:24:59[HikariPool-1 housekeeper] [HikariPool:405] - HikariPool-1 - Pool stats (total=10, active=0, idle=10, waiting=0)
DEBUG 24-11-07 19:24:59[HikariPool-1 housekeeper] [HikariPool:510] - HikariPool-1 - Fill pool skipped, pool has sufficient level or currently being filled.
DEBUG 24-11-07 19:25:29[HikariPool-1 housekeeper] [HikariPool:405] - HikariPool-1 - Pool stats (total=10, active=0, idle=10, waiting=0)
DEBUG 24-11-07 19:25:29[HikariPool-1 housekeeper] [HikariPool:510] - HikariPool-1 - Fill pool skipped, pool has sufficient level or currently being filled.
DEBUG 24-11-07 19:25:59[HikariPool-1 housekeeper] [HikariPool:405] - HikariPool-1 - Pool stats (total=10, active=0, idle=10, waiting=0)
DEBUG 24-11-07 19:25:59[HikariPool-1 housekeeper] [HikariPool:510] - HikariPool-1 - Fill pool skipped, pool has sufficient level or currently being filled.
DEBUG 24-11-07 19:26:29[HikariPool-1 housekeeper] [HikariPool:405] - HikariPool-1 - Pool stats (total=10, active=0, idle=10, waiting=0)
DEBUG 24-11-07 19:26:29[HikariPool-1 housekeeper] [HikariPool:510] - HikariPool-1 - Fill pool skipped, pool has sufficient level or currently being filled.
DEBUG 24-11-07 19:26:59[HikariPool-1 housekeeper] [HikariPool:405] - HikariPool-1 - Pool stats (total=10, active=0, idle=10, waiting=0)
DEBUG 24-11-07 19:26:59[HikariPool-1 housekeeper] [HikariPool:510] - HikariPool-1 - Fill pool skipped, pool has sufficient level or currently being filled.
DEBUG 24-11-07 19:27:29[HikariPool-1 housekeeper] [HikariPool:405] - HikariPool-1 - Pool stats (total=10, active=0, idle=10, waiting=0)
DEBUG 24-11-07 19:27:29[HikariPool-1 housekeeper] [HikariPool:510] - HikariPool-1 - Fill pool skipped, pool has sufficient level or currently being filled.
DEBUG 24-11-07 19:27:59[HikariPool-1 housekeeper] [HikariPool:405] - HikariPool-1 - Pool stats (total=10, active=0, idle=10, waiting=0)
DEBUG 24-11-07 19:27:59[HikariPool-1 housekeeper] [HikariPool:510] - HikariPool-1 - Fill pool skipped, pool has sufficient level or currently being filled.
DEBUG 24-11-07 19:28:29[HikariPool-1 housekeeper] [HikariPool:405] - HikariPool-1 - Pool stats (total=10, active=0, idle=10, waiting=0)
DEBUG 24-11-07 19:28:29[HikariPool-1 housekeeper] [HikariPool:510] - HikariPool-1 - Fill pool skipped, pool has sufficient level or currently being filled.
DEBUG 24-11-07 19:28:59[HikariPool-1 housekeeper] [HikariPool:405] - HikariPool-1 - Pool stats (total=10, active=0, idle=10, waiting=0)
DEBUG 24-11-07 19:28:59[HikariPool-1 housekeeper] [HikariPool:510] - HikariPool-1 - Fill pool skipped, pool has sufficient level or currently being filled.
DEBUG 24-11-07 19:29:29[HikariPool-1 housekeeper] [HikariPool:405] - HikariPool-1 - Pool stats (total=10, active=0, idle=10, waiting=0)
DEBUG 24-11-07 19:29:29[HikariPool-1 housekeeper] [HikariPool:510] - HikariPool-1 - Fill pool skipped, pool has sufficient level or currently being filled.
DEBUG 24-11-07 19:29:59[HikariPool-1 housekeeper] [HikariPool:405] - HikariPool-1 - Pool stats (total=10, active=0, idle=10, waiting=0)
DEBUG 24-11-07 19:29:59[HikariPool-1 housekeeper] [HikariPool:510] - HikariPool-1 - Fill pool skipped, pool has sufficient level or currently being filled.
DEBUG 24-11-07 19:30:29[HikariPool-1 housekeeper] [HikariPool:405] - HikariPool-1 - Pool stats (total=10, active=0, idle=10, waiting=0)
DEBUG 24-11-07 19:30:29[HikariPool-1 housekeeper] [HikariPool:510] - HikariPool-1 - Fill pool skipped, pool has sufficient level or currently being filled.
DEBUG 24-11-07 19:30:59[HikariPool-1 housekeeper] [HikariPool:405] - HikariPool-1 - Pool stats (total=10, active=0, idle=10, waiting=0)
DEBUG 24-11-07 19:30:59[HikariPool-1 housekeeper] [HikariPool:510] - HikariPool-1 - Fill pool skipped, pool has sufficient level or currently being filled.
INFO  24-11-07 19:30:59[File Watcher] [LocalDevToolsAutoConfiguration$RestartingClassPathChangeChangedEventListener:211] - Restarting due to 6 class path changes (0 additions, 6 deletions, 0 modifications)
DEBUG 24-11-07 19:30:59[File Watcher] [LocalDevToolsAutoConfiguration$RestartingClassPathChangeChangedEventListener:212] - Change set: [D:\GithubWorkspace\sangbong3\sangbong3\mustacheajax\build\classes\java\main [D:\GithubWorkspace\sangbong3\sangbong3\mustacheajax\build\classes\java\main\com\softagape\mustacheajax\stomp\StompChatController.class (DELETE), D:\GithubWorkspace\sangbong3\sangbong3\mustacheajax\build\classes\java\main\com\softagape\mustacheajax\stomp\StompRoomController.class (DELETE), D:\GithubWorkspace\sangbong3\sangbong3\mustacheajax\build\classes\java\main\com\softagape\mustacheajax\stomp\StompRoomDto$StompRoomDtoBuilder.class (DELETE), D:\GithubWorkspace\sangbong3\sangbong3\mustacheajax\build\classes\java\main\com\softagape\mustacheajax\stomp\StompRoomDto$StompRoomDtoBuilderImpl.class (DELETE), D:\GithubWorkspace\sangbong3\sangbong3\mustacheajax\build\classes\java\main\com\softagape\mustacheajax\stomp\StompRoomDto.class (DELETE), D:\GithubWorkspace\sangbong3\sangbong3\mustacheajax\build\classes\java\main\com\softagape\mustacheajax\stomp\StompRoomService.class (DELETE)]]
DEBUG 24-11-07 19:30:59[File Watcher] [Restarter:248] - Restarting application
DEBUG 24-11-07 19:30:59[Thread-5] [Restarter:304] - Stopping application
DEBUG 24-11-07 19:30:59[Thread-5] [ApplicationAvailabilityBean:77] - Application availability state ReadinessState changed from ACCEPTING_TRAFFIC to REFUSING_TRAFFIC
DEBUG 24-11-07 19:30:59[Thread-5] [AnnotationConfigServletWebServerApplicationContext:1134] - Closing org.springframework.boot.web.servlet.context.AnnotationConfigServletWebServerApplicationContext@30c0e7a3, started on Thu Nov 07 19:16:57 KST 2024
DEBUG 24-11-07 19:30:59[Thread-5] [DefaultLifecycleProcessor:478] - Stopping beans in phase 2147483647
DEBUG 24-11-07 19:30:59[Thread-5] [DefaultLifecycleProcessor:350] - Bean 'stompWebSocketHandlerMapping' completed its stop procedure
DEBUG 24-11-07 19:30:59[Thread-5] [ExecutorSubscribableChannel:127] - clientOutboundChannel removed SubProtocolWebSocketHandler[StompSubProtocolHandler[v10.stomp, v11.stomp, v12.stomp]]
DEBUG 24-11-07 19:30:59[Thread-5] [DefaultLifecycleProcessor:350] - Bean 'subProtocolWebSocketHandler' completed its stop procedure
DEBUG 24-11-07 19:30:59[Thread-5] [DefaultLifecycleProcessor:350] - Bean 'clientInboundChannelExecutor' completed its stop procedure
DEBUG 24-11-07 19:30:59[Thread-5] [DefaultLifecycleProcessor:350] - Bean 'clientOutboundChannelExecutor' completed its stop procedure
DEBUG 24-11-07 19:30:59[Thread-5] [DefaultLifecycleProcessor:350] - Bean 'brokerChannelExecutor' completed its stop procedure
DEBUG 24-11-07 19:30:59[Thread-5] [ExecutorSubscribableChannel:127] - clientInboundChannel removed WebSocketAnnotationMethodMessageHandler[prefixes=[/pub/]]
DEBUG 24-11-07 19:30:59[Thread-5] [DefaultLifecycleProcessor:350] - Bean 'simpAnnotationMethodMessageHandler' completed its stop procedure
INFO  24-11-07 19:30:59[Thread-5] [SimpleBrokerMessageHandler:117] - Stopping...
INFO  24-11-07 19:30:59[Thread-5] [SimpleBrokerMessageHandler:117] - BrokerAvailabilityEvent[available=false, SimpleBrokerMessageHandler [org.springframework.messaging.simp.broker.DefaultSubscriptionRegistry@6538221b]]
DEBUG 24-11-07 19:30:59[Thread-5] [ExecutorSubscribableChannel:127] - clientInboundChannel removed SimpleBrokerMessageHandler [org.springframework.messaging.simp.broker.DefaultSubscriptionRegistry@6538221b]
DEBUG 24-11-07 19:30:59[Thread-5] [ExecutorSubscribableChannel:127] - brokerChannel removed SimpleBrokerMessageHandler [org.springframework.messaging.simp.broker.DefaultSubscriptionRegistry@6538221b]
INFO  24-11-07 19:30:59[Thread-5] [SimpleBrokerMessageHandler:117] - Stopped.
DEBUG 24-11-07 19:30:59[Thread-5] [DefaultLifecycleProcessor:350] - Bean 'simpleBrokerMessageHandler' completed its stop procedure
DEBUG 24-11-07 19:30:59[Thread-5] [ExecutorSubscribableChannel:127] - clientInboundChannel removed UserDestinationMessageHandler[DefaultUserDestinationResolver[prefix=/user/]]
DEBUG 24-11-07 19:30:59[Thread-5] [ExecutorSubscribableChannel:127] - brokerChannel removed UserDestinationMessageHandler[DefaultUserDestinationResolver[prefix=/user/]]
DEBUG 24-11-07 19:30:59[Thread-5] [DefaultLifecycleProcessor:350] - Bean 'userDestinationMessageHandler' completed its stop procedure
DEBUG 24-11-07 19:30:59[Thread-5] [DefaultLifecycleProcessor:478] - Stopping beans in phase 2147482623
DEBUG 24-11-07 19:30:59[Thread-5] [DefaultLifecycleProcessor:350] - Bean 'webServerGracefulShutdown' completed its stop procedure
DEBUG 24-11-07 19:30:59[Thread-5] [DefaultLifecycleProcessor:478] - Stopping beans in phase 2147481599
INFO  24-11-07 19:30:59[Thread-5] [Http11NioProtocol:173] - Stopping ProtocolHandler ["http-nio-8088"]
DEBUG 24-11-07 19:31:00[Thread-5] [DefaultLifecycleProcessor:350] - Bean 'webServerStartStop' completed its stop procedure
DEBUG 24-11-07 19:31:00[Thread-5] [DefaultLifecycleProcessor:478] - Stopping beans in phase -2147483647
DEBUG 24-11-07 19:31:00[Thread-5] [DefaultLifecycleProcessor:350] - Bean 'springBootLoggingLifecycle' completed its stop procedure
DEBUG 24-11-07 19:31:00[Thread-5] [AnnotationMBeanExporter:468] - Unregistering JMX-exposed beans on shutdown
DEBUG 24-11-07 19:31:00[Thread-5] [AnnotationMBeanExporter:186] - Unregistering JMX-exposed beans
DEBUG 24-11-07 19:31:00[Thread-5] [ThreadPoolTaskScheduler:328] - Shutting down ExecutorService 'messageBrokerTaskScheduler'
DEBUG 24-11-07 19:31:00[Thread-5] [ThreadPoolTaskExecutor:328] - Shutting down ExecutorService 'brokerChannelExecutor'
DEBUG 24-11-07 19:31:00[Thread-5] [ThreadPoolTaskExecutor:328] - Shutting down ExecutorService 'clientOutboundChannelExecutor'
DEBUG 24-11-07 19:31:00[Thread-5] [ThreadPoolTaskExecutor:328] - Shutting down ExecutorService 'clientInboundChannelExecutor'
INFO  24-11-07 19:31:00[Thread-5] [HikariDataSource:349] - HikariPool-1 - Shutdown initiated...
DEBUG 24-11-07 19:31:00[Thread-5] [HikariPool:405] - HikariPool-1 - Before shutdown stats (total=10, active=0, idle=10, waiting=0)
DEBUG 24-11-07 19:31:00[HikariPool-1 connection closer] [PoolBase:133] - HikariPool-1 - Closing connection net.sf.log4jdbc.sql.jdbcapi.ConnectionSpy@18112ea3: (connection evicted)
DEBUG 24-11-07 19:31:00[HikariPool-1 connection closer] [PoolBase:133] - HikariPool-1 - Closing connection net.sf.log4jdbc.sql.jdbcapi.ConnectionSpy@7a500e90: (connection evicted)
DEBUG 24-11-07 19:31:00[HikariPool-1 connection closer] [PoolBase:133] - HikariPool-1 - Closing connection net.sf.log4jdbc.sql.jdbcapi.ConnectionSpy@a1c3dcc: (connection evicted)
DEBUG 24-11-07 19:31:00[HikariPool-1 connection closer] [PoolBase:133] - HikariPool-1 - Closing connection net.sf.log4jdbc.sql.jdbcapi.ConnectionSpy@5b42fbe4: (connection evicted)
DEBUG 24-11-07 19:31:00[HikariPool-1 connection closer] [PoolBase:133] - HikariPool-1 - Closing connection net.sf.log4jdbc.sql.jdbcapi.ConnectionSpy@54b39dfb: (connection evicted)
DEBUG 24-11-07 19:31:00[HikariPool-1 connection closer] [PoolBase:133] - HikariPool-1 - Closing connection net.sf.log4jdbc.sql.jdbcapi.ConnectionSpy@5f0c441f: (connection evicted)
DEBUG 24-11-07 19:31:00[HikariPool-1 connection closer] [PoolBase:133] - HikariPool-1 - Closing connection net.sf.log4jdbc.sql.jdbcapi.ConnectionSpy@79f01bae: (connection evicted)
DEBUG 24-11-07 19:31:00[HikariPool-1 connection closer] [PoolBase:133] - HikariPool-1 - Closing connection net.sf.log4jdbc.sql.jdbcapi.ConnectionSpy@3f45137a: (connection evicted)
DEBUG 24-11-07 19:31:00[HikariPool-1 connection closer] [PoolBase:133] - HikariPool-1 - Closing connection net.sf.log4jdbc.sql.jdbcapi.ConnectionSpy@57c576dd: (connection evicted)
DEBUG 24-11-07 19:31:00[HikariPool-1 connection closer] [PoolBase:133] - HikariPool-1 - Closing connection net.sf.log4jdbc.sql.jdbcapi.ConnectionSpy@6662ac21: (connection evicted)
DEBUG 24-11-07 19:31:00[Thread-5] [HikariPool:405] - HikariPool-1 - After shutdown stats (total=0, active=0, idle=0, waiting=0)
INFO  24-11-07 19:31:00[Thread-5] [HikariDataSource:351] - HikariPool-1 - Shutdown completed.
DEBUG 24-11-07 19:31:00[Thread-5] [Restarter:280] - Starting application com.softagape.mustacheajax.MustacheajaxApplication with URLs [file:/D:/GithubWorkspace/sangbong3/sangbong3/mustacheajax/build/classes/java/main/, file:/D:/GithubWorkspace/sangbong3/sangbong3/mustacheajax/build/resources/main/]
INFO  24-11-07 19:31:00[restartedMain] [MustacheajaxApplication:50] - Starting MustacheajaxApplication using Java 17 with PID 12088 (D:\GithubWorkspace\sangbong3\sangbong3\mustacheajax\build\classes\java\main started by admin in D:\GithubWorkspace\sangbong3\sangbong3\mustacheajax)
DEBUG 24-11-07 19:31:00[restartedMain] [MustacheajaxApplication:51] - Running with Spring Boot v3.3.2, Spring v6.1.11
INFO  24-11-07 19:31:00[restartedMain] [MustacheajaxApplication:660] - The following 1 profile is active: "local"
DEBUG 24-11-07 19:31:00[restartedMain] [SpringApplication:687] - Loading source class com.softagape.mustacheajax.MustacheajaxApplication
DEBUG 24-11-07 19:31:00[restartedMain] [AnnotationConfigServletWebServerApplicationContext:672] - Refreshing org.springframework.boot.web.servlet.context.AnnotationConfigServletWebServerApplicationContext@156b8049
DEBUG 24-11-07 19:31:00[restartedMain] [DefaultListableBeanFactory:225] - Creating shared instance of singleton bean 'org.springframework.context.annotation.internalConfigurationAnnotationProcessor'
DEBUG 24-11-07 19:31:00[restartedMain] [DefaultListableBeanFactory:225] - Creating shared instance of singleton bean 'org.springframework.boot.autoconfigure.internalCachingMetadataReaderFactory'
DEBUG 24-11-07 19:31:00[restartedMain] [ClassPathBeanDefinitionScanner:476] - Identified candidate component class: file [D:\GithubWorkspace\sangbong3\sangbong3\mustacheajax\build\classes\java\main\com\softagape\mustacheajax\board\BoardServiceImpl.class]
DEBUG 24-11-07 19:31:00[restartedMain] [ClassPathBeanDefinitionScanner:476] - Identified candidate component class: file [D:\GithubWorkspace\sangbong3\sangbong3\mustacheajax\build\classes\java\main\com\softagape\mustacheajax\board\BoardWebController.class]
DEBUG 24-11-07 19:31:00[restartedMain] [ClassPathBeanDefinitionScanner:476] - Identified candidate component class: file [D:\GithubWorkspace\sangbong3\sangbong3\mustacheajax\build\classes\java\main\com\softagape\mustacheajax\board\BoardWebRestController.class]
DEBUG 24-11-07 19:31:00[restartedMain] [ClassPathBeanDefinitionScanner:476] - Identified candidate component class: file [D:\GithubWorkspace\sangbong3\sangbong3\mustacheajax\build\classes\java\main\com\softagape\mustacheajax\board\comment\BoardCommentServiceImpl.class]
DEBUG 24-11-07 19:31:00[restartedMain] [ClassPathBeanDefinitionScanner:476] - Identified candidate component class: file [D:\GithubWorkspace\sangbong3\sangbong3\mustacheajax\build\classes\java\main\com\softagape\mustacheajax\board\comment\BoardCommentWebRestController.class]
DEBUG 24-11-07 19:31:00[restartedMain] [ClassPathBeanDefinitionScanner:476] - Identified candidate component class: file [D:\GithubWorkspace\sangbong3\sangbong3\mustacheajax\build\classes\java\main\com\softagape\mustacheajax\category\CategoryAjxController.class]
DEBUG 24-11-07 19:31:00[restartedMain] [ClassPathBeanDefinitionScanner:476] - Identified candidate component class: file [D:\GithubWorkspace\sangbong3\sangbong3\mustacheajax\build\classes\java\main\com\softagape\mustacheajax\category\CategoryServiceImpl.class]
DEBUG 24-11-07 19:31:00[restartedMain] [ClassPathBeanDefinitionScanner:476] - Identified candidate component class: file [D:\GithubWorkspace\sangbong3\sangbong3\mustacheajax\build\classes\java\main\com\softagape\mustacheajax\category\CategoryWebRestController.class]
DEBUG 24-11-07 19:31:00[restartedMain] [ClassPathBeanDefinitionScanner:476] - Identified candidate component class: file [D:\GithubWorkspace\sangbong3\sangbong3\mustacheajax\build\classes\java\main\com\softagape\mustacheajax\category\CatWebOldController.class]
DEBUG 24-11-07 19:31:00[restartedMain] [ClassPathBeanDefinitionScanner:476] - Identified candidate component class: file [D:\GithubWorkspace\sangbong3\sangbong3\mustacheajax\build\classes\java\main\com\softagape\mustacheajax\commentlike\CommentLikeServiceImpl.class]
DEBUG 24-11-07 19:31:00[restartedMain] [ClassPathBeanDefinitionScanner:476] - Identified candidate component class: file [D:\GithubWorkspace\sangbong3\sangbong3\mustacheajax\build\classes\java\main\com\softagape\mustacheajax\filecntl\FileCtrlService.class]
DEBUG 24-11-07 19:31:00[restartedMain] [ClassPathBeanDefinitionScanner:476] - Identified candidate component class: file [D:\GithubWorkspace\sangbong3\sangbong3\mustacheajax\build\classes\java\main\com\softagape\mustacheajax\member\MemberServiceImpl.class]
DEBUG 24-11-07 19:31:00[restartedMain] [ClassPathBeanDefinitionScanner:476] - Identified candidate component class: file [D:\GithubWorkspace\sangbong3\sangbong3\mustacheajax\build\classes\java\main\com\softagape\mustacheajax\member\MemberWebController.class]
DEBUG 24-11-07 19:31:00[restartedMain] [ClassPathBeanDefinitionScanner:476] - Identified candidate component class: file [D:\GithubWorkspace\sangbong3\sangbong3\mustacheajax\build\classes\java\main\com\softagape\mustacheajax\member\MemberWebRestController.class]
DEBUG 24-11-07 19:31:00[restartedMain] [ClassPathBeanDefinitionScanner:476] - Identified candidate component class: file [D:\GithubWorkspace\sangbong3\sangbong3\mustacheajax\build\classes\java\main\com\softagape\mustacheajax\sbfile\SbFileServiceImpl.class]
DEBUG 24-11-07 19:31:00[restartedMain] [ClassPathBeanDefinitionScanner:476] - Identified candidate component class: file [D:\GithubWorkspace\sangbong3\sangbong3\mustacheajax\build\classes\java\main\com\softagape\mustacheajax\sbfile\SbFileWebRestController.class]
DEBUG 24-11-07 19:31:00[restartedMain] [ClassPathBeanDefinitionScanner:476] - Identified candidate component class: file [D:\GithubWorkspace\sangbong3\sangbong3\mustacheajax\build\classes\java\main\com\softagape\mustacheajax\sblike\SbLikeServiceImpl.class]
DEBUG 24-11-07 19:31:00[restartedMain] [ClassPathBeanDefinitionScanner:476] - Identified candidate component class: file [D:\GithubWorkspace\sangbong3\sangbong3\mustacheajax\build\classes\java\main\com\softagape\mustacheajax\security\config\SbPasswordEncoder.class]
DEBUG 24-11-07 19:31:00[restartedMain] [ClassPathBeanDefinitionScanner:476] - Identified candidate component class: file [D:\GithubWorkspace\sangbong3\sangbong3\mustacheajax\build\classes\java\main\com\softagape\mustacheajax\security\config\SecurityConfig.class]
DEBUG 24-11-07 19:31:00[restartedMain] [ClassPathBeanDefinitionScanner:476] - Identified candidate component class: file [D:\GithubWorkspace\sangbong3\sangbong3\mustacheajax\build\classes\java\main\com\softagape\mustacheajax\security\controller\AdminController.class]
DEBUG 24-11-07 19:31:00[restartedMain] [ClassPathBeanDefinitionScanner:476] - Identified candidate component class: file [D:\GithubWorkspace\sangbong3\sangbong3\mustacheajax\build\classes\java\main\com\softagape\mustacheajax\security\controller\AllControllerAdvice.class]
DEBUG 24-11-07 19:31:00[restartedMain] [ClassPathBeanDefinitionScanner:476] - Identified candidate component class: file [D:\GithubWorkspace\sangbong3\sangbong3\mustacheajax\build\classes\java\main\com\softagape\mustacheajax\security\controller\IndexController.class]
DEBUG 24-11-07 19:31:00[restartedMain] [ClassPathBeanDefinitionScanner:476] - Identified candidate component class: file [D:\GithubWorkspace\sangbong3\sangbong3\mustacheajax\build\classes\java\main\com\softagape\mustacheajax\security\controller\LoginCookieController.class]
DEBUG 24-11-07 19:31:00[restartedMain] [ClassPathBeanDefinitionScanner:476] - Identified candidate component class: file [D:\GithubWorkspace\sangbong3\sangbong3\mustacheajax\build\classes\java\main\com\softagape\mustacheajax\security\controller\LoginSessionController.class]
DEBUG 24-11-07 19:31:00[restartedMain] [ClassPathBeanDefinitionScanner:476] - Identified candidate component class: file [D:\GithubWorkspace\sangbong3\sangbong3\mustacheajax\build\classes\java\main\com\softagape\mustacheajax\security\controller\UserController.class]
DEBUG 24-11-07 19:31:00[restartedMain] [ClassPathBeanDefinitionScanner:476] - Identified candidate component class: file [D:\GithubWorkspace\sangbong3\sangbong3\mustacheajax\build\classes\java\main\com\softagape\mustacheajax\stomp\StompConfiguration.class]
DEBUG 24-11-07 19:31:01[restartedMain] [DefaultListableBeanFactory:225] - Creating shared instance of singleton bean 'org.springframework.boot.autoconfigure.AutoConfigurationPackages'
DEBUG 24-11-07 19:31:01[restartedMain] [AutoConfigurationPackages:213] - @EnableAutoConfiguration was declared on a class in the package 'com.softagape.mustacheajax'. Automatic @Repository and @Entity scanning is enabled.
DEBUG 24-11-07 19:31:01[restartedMain] [MybatisAutoConfiguration:247] - Searching for mappers annotated with @Mapper
DEBUG 24-11-07 19:31:01[restartedMain] [MybatisAutoConfiguration:251] - Using auto-configuration base package 'com.softagape.mustacheajax'
DEBUG 24-11-07 19:31:01[restartedMain] [DefaultListableBeanFactory:225] - Creating shared instance of singleton bean 'springSecurityHandlerMappingIntrospectorBeanDefinitionRegistryPostProcessor'
DEBUG 24-11-07 19:31:01[restartedMain] [DefaultListableBeanFactory:225] - Creating shared instance of singleton bean 'org.mybatis.spring.mapper.MapperScannerConfigurer'
DEBUG 24-11-07 19:31:01[restartedMain] [DefaultListableBeanFactory:225] - Creating shared instance of singleton bean 'propertySourcesPlaceholderConfigurer'
DEBUG 24-11-07 19:31:01[restartedMain] [ClassPathMapperScanner:476] - Identified candidate component class: file [D:\GithubWorkspace\sangbong3\sangbong3\mustacheajax\build\classes\java\main\com\softagape\mustacheajax\board\comment\IBoardCommentMybatisMapper.class]
DEBUG 24-11-07 19:31:01[restartedMain] [ClassPathMapperScanner:476] - Identified candidate component class: file [D:\GithubWorkspace\sangbong3\sangbong3\mustacheajax\build\classes\java\main\com\softagape\mustacheajax\board\IBoardMybatisMapper.class]
DEBUG 24-11-07 19:31:01[restartedMain] [ClassPathMapperScanner:476] - Identified candidate component class: file [D:\GithubWorkspace\sangbong3\sangbong3\mustacheajax\build\classes\java\main\com\softagape\mustacheajax\category\ICategoryMybatisMapper.class]
DEBUG 24-11-07 19:31:01[restartedMain] [ClassPathMapperScanner:476] - Identified candidate component class: file [D:\GithubWorkspace\sangbong3\sangbong3\mustacheajax\build\classes\java\main\com\softagape\mustacheajax\commentlike\ICommentLikeMybatisMapper.class]
DEBUG 24-11-07 19:31:01[restartedMain] [ClassPathMapperScanner:476] - Identified candidate component class: file [D:\GithubWorkspace\sangbong3\sangbong3\mustacheajax\build\classes\java\main\com\softagape\mustacheajax\member\IMemberMybatisMapper.class]
DEBUG 24-11-07 19:31:01[restartedMain] [ClassPathMapperScanner:476] - Identified candidate component class: file [D:\GithubWorkspace\sangbong3\sangbong3\mustacheajax\build\classes\java\main\com\softagape\mustacheajax\sbfile\ISbFileMybatisMapper.class]
DEBUG 24-11-07 19:31:01[restartedMain] [ClassPathMapperScanner:476] - Identified candidate component class: file [D:\GithubWorkspace\sangbong3\sangbong3\mustacheajax\build\classes\java\main\com\softagape\mustacheajax\sblike\ISbLikeMybatisMapper.class]
DEBUG 24-11-07 19:31:01[restartedMain] [ClassPathMapperScanner:49] - Creating MapperFactoryBean with name 'IBoardCommentMybatisMapper' and 'com.softagape.mustacheajax.board.comment.IBoardCommentMybatisMapper' mapperInterface
DEBUG 24-11-07 19:31:01[restartedMain] [ClassPathMapperScanner:49] - Creating MapperFactoryBean with name 'IBoardMybatisMapper' and 'com.softagape.mustacheajax.board.IBoardMybatisMapper' mapperInterface
DEBUG 24-11-07 19:31:01[restartedMain] [ClassPathMapperScanner:49] - Creating MapperFactoryBean with name 'ICategoryMybatisMapper' and 'com.softagape.mustacheajax.category.ICategoryMybatisMapper' mapperInterface
DEBUG 24-11-07 19:31:01[restartedMain] [ClassPathMapperScanner:49] - Creating MapperFactoryBean with name 'ICommentLikeMybatisMapper' and 'com.softagape.mustacheajax.commentlike.ICommentLikeMybatisMapper' mapperInterface
DEBUG 24-11-07 19:31:01[restartedMain] [ClassPathMapperScanner:49] - Creating MapperFactoryBean with name 'IMemberMybatisMapper' and 'com.softagape.mustacheajax.member.IMemberMybatisMapper' mapperInterface
DEBUG 24-11-07 19:31:01[restartedMain] [ClassPathMapperScanner:49] - Creating MapperFactoryBean with name 'ISbFileMybatisMapper' and 'com.softagape.mustacheajax.sbfile.ISbFileMybatisMapper' mapperInterface
DEBUG 24-11-07 19:31:01[restartedMain] [ClassPathMapperScanner:49] - Creating MapperFactoryBean with name 'ISbLikeMybatisMapper' and 'com.softagape.mustacheajax.sblike.ISbLikeMybatisMapper' mapperInterface
DEBUG 24-11-07 19:31:01[restartedMain] [DefaultListableBeanFactory:225] - Creating shared instance of singleton bean 'webSocketScopeConfigurer'
DEBUG 24-11-07 19:31:01[restartedMain] [DefaultListableBeanFactory:225] - Creating shared instance of singleton bean 'org.springframework.boot.sql.init.dependency.DatabaseInitializationDependencyConfigurer$DependsOnDatabaseInitializationPostProcessor'
DEBUG 24-11-07 19:31:01[restartedMain] [DefaultListableBeanFactory:225] - Creating shared instance of singleton bean 'org.springframework.context.event.internalEventListenerProcessor'
DEBUG 24-11-07 19:31:01[restartedMain] [DefaultListableBeanFactory:225] - Creating shared instance of singleton bean 'conversionServicePostProcessor'
DEBUG 24-11-07 19:31:01[restartedMain] [DefaultListableBeanFactory:225] - Creating shared instance of singleton bean 'preserveErrorControllerTargetClassPostProcessor'
DEBUG 24-11-07 19:31:01[restartedMain] [DefaultListableBeanFactory:225] - Creating shared instance of singleton bean 'forceAutoProxyCreatorToUseClassProxying'
DEBUG 24-11-07 19:31:01[restartedMain] [DefaultListableBeanFactory:225] - Creating shared instance of singleton bean 'org.springframework.context.event.internalEventListenerFactory'
DEBUG 24-11-07 19:31:01[restartedMain] [DefaultListableBeanFactory:225] - Creating shared instance of singleton bean 'org.springframework.transaction.config.internalTransactionalEventListenerFactory'
DEBUG 24-11-07 19:31:01[restartedMain] [DefaultListableBeanFactory:225] - Creating shared instance of singleton bean 'org.springframework.context.annotation.internalAutowiredAnnotationProcessor'
DEBUG 24-11-07 19:31:01[restartedMain] [DefaultListableBeanFactory:225] - Creating shared instance of singleton bean 'org.springframework.context.annotation.internalCommonAnnotationProcessor'
DEBUG 24-11-07 19:31:01[restartedMain] [DefaultListableBeanFactory:225] - Creating shared instance of singleton bean 'org.springframework.boot.context.properties.ConfigurationPropertiesBindingPostProcessor'
DEBUG 24-11-07 19:31:01[restartedMain] [DefaultListableBeanFactory:225] - Creating shared instance of singleton bean 'org.springframework.boot.context.internalConfigurationPropertiesBinder'
DEBUG 24-11-07 19:31:01[restartedMain] [DefaultListableBeanFactory:225] - Creating shared instance of singleton bean 'jdbcConnectionDetailsHikariBeanPostProcessor'
DEBUG 24-11-07 19:31:01[restartedMain] [DefaultListableBeanFactory:225] - Creating shared instance of singleton bean 'methodValidationPostProcessor'
DEBUG 24-11-07 19:31:01[restartedMain] [DefaultListableBeanFactory:945] - Autowiring by type from bean name 'methodValidationPostProcessor' via factory method to bean named 'environment'
DEBUG 24-11-07 19:31:01[restartedMain] [DefaultListableBeanFactory:225] - Creating shared instance of singleton bean 'org.springframework.boot.context.properties.EnableConfigurationPropertiesRegistrar.methodValidationExcludeFilter'
DEBUG 24-11-07 19:31:01[restartedMain] [DefaultListableBeanFactory:225] - Creating shared instance of singleton bean 'persistenceExceptionTranslationPostProcessor'
DEBUG 24-11-07 19:31:01[restartedMain] [DefaultListableBeanFactory:945] - Autowiring by type from bean name 'persistenceExceptionTranslationPostProcessor' via factory method to bean named 'environment'
DEBUG 24-11-07 19:31:01[restartedMain] [DefaultListableBeanFactory:225] - Creating shared instance of singleton bean 'org.springframework.aop.config.internalAutoProxyCreator'
DEBUG 24-11-07 19:31:01[restartedMain] [DefaultListableBeanFactory:225] - Creating shared instance of singleton bean 'webServerFactoryCustomizerBeanPostProcessor'
DEBUG 24-11-07 19:31:01[restartedMain] [DefaultListableBeanFactory:225] - Creating shared instance of singleton bean 'errorPageRegistrarBeanPostProcessor'
DEBUG 24-11-07 19:31:01[restartedMain] [UiApplicationContextUtils:86] - Unable to locate ThemeSource with name 'themeSource': using default [org.springframework.ui.context.support.ResourceBundleThemeSource@2b7176b6]
DEBUG 24-11-07 19:31:01[restartedMain] [DefaultListableBeanFactory:225] - Creating shared instance of singleton bean 'tomcatServletWebServerFactory'
DEBUG 24-11-07 19:31:01[restartedMain] [DefaultListableBeanFactory:225] - Creating shared instance of singleton bean 'org.springframework.boot.autoconfigure.web.servlet.ServletWebServerFactoryConfiguration$EmbeddedTomcat'
DEBUG 24-11-07 19:31:01[restartedMain] [DefaultListableBeanFactory:225] - Creating shared instance of singleton bean 'org.springframework.transaction.config.internalTransactionAdvisor'
DEBUG 24-11-07 19:31:01[restartedMain] [DefaultListableBeanFactory:225] - Creating shared instance of singleton bean 'org.springframework.transaction.annotation.ProxyTransactionManagementConfiguration'
DEBUG 24-11-07 19:31:01[restartedMain] [DefaultListableBeanFactory:225] - Creating shared instance of singleton bean 'transactionAttributeSource'
DEBUG 24-11-07 19:31:01[restartedMain] [DefaultListableBeanFactory:225] - Creating shared instance of singleton bean 'transactionInterceptor'
DEBUG 24-11-07 19:31:01[restartedMain] [DefaultListableBeanFactory:945] - Autowiring by type from bean name 'transactionInterceptor' via factory method to bean named 'transactionAttributeSource'
DEBUG 24-11-07 19:31:01[restartedMain] [DefaultListableBeanFactory:945] - Autowiring by type from bean name 'org.springframework.transaction.config.internalTransactionAdvisor' via factory method to bean named 'transactionAttributeSource'
DEBUG 24-11-07 19:31:01[restartedMain] [DefaultListableBeanFactory:945] - Autowiring by type from bean name 'org.springframework.transaction.config.internalTransactionAdvisor' via factory method to bean named 'transactionInterceptor'
DEBUG 24-11-07 19:31:01[restartedMain] [DefaultListableBeanFactory:225] - Creating shared instance of singleton bean 'websocketServletWebServerCustomizer'
DEBUG 24-11-07 19:31:01[restartedMain] [DefaultListableBeanFactory:225] - Creating shared instance of singleton bean 'org.springframework.boot.autoconfigure.websocket.servlet.WebSocketServletAutoConfiguration$TomcatWebSocketConfiguration'
DEBUG 24-11-07 19:31:01[restartedMain] [DefaultListableBeanFactory:225] - Creating shared instance of singleton bean 'servletWebServerFactoryCustomizer'
DEBUG 24-11-07 19:31:01[restartedMain] [DefaultListableBeanFactory:225] - Creating shared instance of singleton bean 'org.springframework.boot.autoconfigure.web.servlet.ServletWebServerFactoryAutoConfiguration'
DEBUG 24-11-07 19:31:01[restartedMain] [DefaultListableBeanFactory:225] - Creating shared instance of singleton bean 'server-org.springframework.boot.autoconfigure.web.ServerProperties'
DEBUG 24-11-07 19:31:01[restartedMain] [DefaultListableBeanFactory:225] - Creating shared instance of singleton bean 'org.springframework.boot.context.properties.BoundConfigurationProperties'
DEBUG 24-11-07 19:31:01[restartedMain] [DefaultListableBeanFactory:945] - Autowiring by type from bean name 'servletWebServerFactoryCustomizer' via factory method to bean named 'server-org.springframework.boot.autoconfigure.web.ServerProperties'
DEBUG 24-11-07 19:31:01[restartedMain] [DefaultListableBeanFactory:225] - Creating shared instance of singleton bean 'sslBundleRegistry'
DEBUG 24-11-07 19:31:01[restartedMain] [DefaultListableBeanFactory:225] - Creating shared instance of singleton bean 'org.springframework.boot.autoconfigure.ssl.SslAutoConfiguration'
DEBUG 24-11-07 19:31:01[restartedMain] [DefaultListableBeanFactory:225] - Creating shared instance of singleton bean 'spring.ssl-org.springframework.boot.autoconfigure.ssl.SslProperties'
DEBUG 24-11-07 19:31:01[restartedMain] [DefaultListableBeanFactory:945] - Autowiring by type from bean name 'org.springframework.boot.autoconfigure.ssl.SslAutoConfiguration' via constructor to bean named 'spring.ssl-org.springframework.boot.autoconfigure.ssl.SslProperties'
DEBUG 24-11-07 19:31:01[restartedMain] [DefaultListableBeanFactory:225] - Creating shared instance of singleton bean 'sslPropertiesSslBundleRegistrar'
DEBUG 24-11-07 19:31:01[restartedMain] [DefaultListableBeanFactory:225] - Creating shared instance of singleton bean 'fileWatcher'
DEBUG 24-11-07 19:31:01[restartedMain] [DefaultListableBeanFactory:945] - Autowiring by type from bean name 'sslPropertiesSslBundleRegistrar' via factory method to bean named 'fileWatcher'
DEBUG 24-11-07 19:31:01[restartedMain] [DefaultListableBeanFactory:225] - Creating shared instance of singleton bean 'tomcatServletWebServerFactoryCustomizer'
DEBUG 24-11-07 19:31:01[restartedMain] [DefaultListableBeanFactory:945] - Autowiring by type from bean name 'tomcatServletWebServerFactoryCustomizer' via factory method to bean named 'server-org.springframework.boot.autoconfigure.web.ServerProperties'
DEBUG 24-11-07 19:31:01[restartedMain] [DefaultListableBeanFactory:225] - Creating shared instance of singleton bean 'tomcatWebServerFactoryCustomizer'
DEBUG 24-11-07 19:31:01[restartedMain] [DefaultListableBeanFactory:225] - Creating shared instance of singleton bean 'org.springframework.boot.autoconfigure.web.embedded.EmbeddedWebServerFactoryCustomizerAutoConfiguration$TomcatWebServerFactoryCustomizerConfiguration'
DEBUG 24-11-07 19:31:01[restartedMain] [DefaultListableBeanFactory:945] - Autowiring by type from bean name 'tomcatWebServerFactoryCustomizer' via factory method to bean named 'environment'
DEBUG 24-11-07 19:31:01[restartedMain] [DefaultListableBeanFactory:945] - Autowiring by type from bean name 'tomcatWebServerFactoryCustomizer' via factory method to bean named 'server-org.springframework.boot.autoconfigure.web.ServerProperties'
DEBUG 24-11-07 19:31:01[restartedMain] [DefaultListableBeanFactory:225] - Creating shared instance of singleton bean 'localeCharsetMappingsCustomizer'
DEBUG 24-11-07 19:31:01[restartedMain] [DefaultListableBeanFactory:225] - Creating shared instance of singleton bean 'org.springframework.boot.autoconfigure.web.servlet.HttpEncodingAutoConfiguration'
DEBUG 24-11-07 19:31:01[restartedMain] [DefaultListableBeanFactory:945] - Autowiring by type from bean name 'org.springframework.boot.autoconfigure.web.servlet.HttpEncodingAutoConfiguration' via constructor to bean named 'server-org.springframework.boot.autoconfigure.web.ServerProperties'
DEBUG 24-11-07 19:31:01[restartedMain] [DefaultListableBeanFactory:225] - Creating shared instance of singleton bean 'errorPageCustomizer'
DEBUG 24-11-07 19:31:01[restartedMain] [DefaultListableBeanFactory:225] - Creating shared instance of singleton bean 'org.springframework.boot.autoconfigure.web.servlet.error.ErrorMvcAutoConfiguration'
DEBUG 24-11-07 19:31:01[restartedMain] [DefaultListableBeanFactory:945] - Autowiring by type from bean name 'org.springframework.boot.autoconfigure.web.servlet.error.ErrorMvcAutoConfiguration' via constructor to bean named 'server-org.springframework.boot.autoconfigure.web.ServerProperties'
DEBUG 24-11-07 19:31:01[restartedMain] [DefaultListableBeanFactory:225] - Creating shared instance of singleton bean 'dispatcherServletRegistration'
DEBUG 24-11-07 19:31:01[restartedMain] [DefaultListableBeanFactory:225] - Creating shared instance of singleton bean 'org.springframework.boot.autoconfigure.web.servlet.DispatcherServletAutoConfiguration$DispatcherServletRegistrationConfiguration'
DEBUG 24-11-07 19:31:01[restartedMain] [DefaultListableBeanFactory:225] - Creating shared instance of singleton bean 'dispatcherServlet'
DEBUG 24-11-07 19:31:01[restartedMain] [DefaultListableBeanFactory:225] - Creating shared instance of singleton bean 'org.springframework.boot.autoconfigure.web.servlet.DispatcherServletAutoConfiguration$DispatcherServletConfiguration'
DEBUG 24-11-07 19:31:01[restartedMain] [DefaultListableBeanFactory:225] - Creating shared instance of singleton bean 'spring.mvc-org.springframework.boot.autoconfigure.web.servlet.WebMvcProperties'
DEBUG 24-11-07 19:31:01[restartedMain] [DefaultListableBeanFactory:945] - Autowiring by type from bean name 'dispatcherServlet' via factory method to bean named 'spring.mvc-org.springframework.boot.autoconfigure.web.servlet.WebMvcProperties'
DEBUG 24-11-07 19:31:01[restartedMain] [DefaultListableBeanFactory:945] - Autowiring by type from bean name 'dispatcherServletRegistration' via factory method to bean named 'dispatcherServlet'
DEBUG 24-11-07 19:31:01[restartedMain] [DefaultListableBeanFactory:945] - Autowiring by type from bean name 'dispatcherServletRegistration' via factory method to bean named 'spring.mvc-org.springframework.boot.autoconfigure.web.servlet.WebMvcProperties'
DEBUG 24-11-07 19:31:01[restartedMain] [DefaultListableBeanFactory:225] - Creating shared instance of singleton bean 'multipartConfigElement'
DEBUG 24-11-07 19:31:01[restartedMain] [DefaultListableBeanFactory:225] - Creating shared instance of singleton bean 'org.springframework.boot.autoconfigure.web.servlet.MultipartAutoConfiguration'
DEBUG 24-11-07 19:31:01[restartedMain] [DefaultListableBeanFactory:225] - Creating shared instance of singleton bean 'spring.servlet.multipart-org.springframework.boot.autoconfigure.web.servlet.MultipartProperties'
DEBUG 24-11-07 19:31:01[restartedMain] [DefaultListableBeanFactory:945] - Autowiring by type from bean name 'org.springframework.boot.autoconfigure.web.servlet.MultipartAutoConfiguration' via constructor to bean named 'spring.servlet.multipart-org.springframework.boot.autoconfigure.web.servlet.MultipartProperties'
DEBUG 24-11-07 19:31:01[restartedMain] [DefaultListableBeanFactory:945] - Autowiring by type from bean name 'errorPageCustomizer' via factory method to bean named 'dispatcherServletRegistration'
DEBUG 24-11-07 19:31:02[restartedMain] [TomcatServletWebServerFactory:81] - Code archive: C:\Users\admin\.gradle\caches\modules-2\files-2.1\org.springframework.boot\spring-boot\3.3.2\72a257d5518b2b8b9949a26543cdb3a4e67de5f8\spring-boot-3.3.2.jar
DEBUG 24-11-07 19:31:02[restartedMain] [TomcatServletWebServerFactory:125] - Code archive: C:\Users\admin\.gradle\caches\modules-2\files-2.1\org.springframework.boot\spring-boot\3.3.2\72a257d5518b2b8b9949a26543cdb3a4e67de5f8\spring-boot-3.3.2.jar
DEBUG 24-11-07 19:31:02[restartedMain] [TomcatServletWebServerFactory:149] - None of the document roots [src/main/webapp, public, static] point to a directory and will be ignored.
INFO  24-11-07 19:31:02[restartedMain] [TomcatWebServer:111] - Tomcat initialized with port 8088 (http)
INFO  24-11-07 19:31:02[restartedMain] [Http11NioProtocol:173] - Initializing ProtocolHandler ["http-nio-8088"]
INFO  24-11-07 19:31:02[restartedMain] [StandardService:173] - Starting service [Tomcat]
INFO  24-11-07 19:31:02[restartedMain] [StandardEngine:173] - Starting Servlet engine: [Apache Tomcat/10.1.26]
INFO  24-11-07 19:31:02[restartedMain] [[/]:173] - Initializing Spring embedded WebApplicationContext
DEBUG 24-11-07 19:31:02[restartedMain] [ServletWebServerApplicationContext:290] - Published root WebApplicationContext as ServletContext attribute with name [org.springframework.web.context.WebApplicationContext.ROOT]
INFO  24-11-07 19:31:02[restartedMain] [ServletWebServerApplicationContext:296] - Root WebApplicationContext: initialization completed in 1693 ms
DEBUG 24-11-07 19:31:02[restartedMain] [DefaultListableBeanFactory:225] - Creating shared instance of singleton bean 'securityFilterChainRegistration'
DEBUG 24-11-07 19:31:02[restartedMain] [DefaultListableBeanFactory:225] - Creating shared instance of singleton bean 'org.springframework.boot.autoconfigure.security.servlet.SecurityFilterAutoConfiguration'
DEBUG 24-11-07 19:31:02[restartedMain] [DefaultListableBeanFactory:225] - Creating shared instance of singleton bean 'spring.security-org.springframework.boot.autoconfigure.security.SecurityProperties'
DEBUG 24-11-07 19:31:02[restartedMain] [DefaultListableBeanFactory:945] - Autowiring by type from bean name 'securityFilterChainRegistration' via factory method to bean named 'spring.security-org.springframework.boot.autoconfigure.security.SecurityProperties'
DEBUG 24-11-07 19:31:02[restartedMain] [DefaultListableBeanFactory:225] - Creating shared instance of singleton bean 'requestContextFilter'
DEBUG 24-11-07 19:31:02[restartedMain] [DefaultListableBeanFactory:225] - Creating shared instance of singleton bean 'formContentFilter'
DEBUG 24-11-07 19:31:02[restartedMain] [DefaultListableBeanFactory:225] - Creating shared instance of singleton bean 'org.springframework.boot.autoconfigure.web.servlet.WebMvcAutoConfiguration'
DEBUG 24-11-07 19:31:02[restartedMain] [DefaultListableBeanFactory:225] - Creating shared instance of singleton bean 'characterEncodingFilter'
DEBUG 24-11-07 19:31:02[restartedMain] [ServletContextInitializerBeans:235] - Mapping filters: springSecurityFilterChain urls=[/*] order=-100, characterEncodingFilter urls=[/*] order=-2147483648, formContentFilter urls=[/*] order=-9900, requestContextFilter urls=[/*] order=-105
DEBUG 24-11-07 19:31:02[restartedMain] [ServletContextInitializerBeans:235] - Mapping servlets: dispatcherServlet urls=[/]
DEBUG 24-11-07 19:31:02[restartedMain] [OrderedRequestContextFilter:240] - Filter 'requestContextFilter' configured for use
DEBUG 24-11-07 19:31:02[restartedMain] [OrderedCharacterEncodingFilter:240] - Filter 'characterEncodingFilter' configured for use
DEBUG 24-11-07 19:31:02[restartedMain] [DelegatingFilterProxyRegistrationBean$1:240] - Filter 'springSecurityFilterChain' configured for use
DEBUG 24-11-07 19:31:02[restartedMain] [OrderedFormContentFilter:240] - Filter 'formContentFilter' configured for use
DEBUG 24-11-07 19:31:02[restartedMain] [DefaultListableBeanFactory:225] - Creating shared instance of singleton bean 'mustacheajaxApplication'
DEBUG 24-11-07 19:31:02[restartedMain] [DefaultListableBeanFactory:225] - Creating shared instance of singleton bean 'boardServiceImpl'
DEBUG 24-11-07 19:31:02[restartedMain] [DefaultListableBeanFactory:225] - Creating shared instance of singleton bean 'IBoardMybatisMapper'
DEBUG 24-11-07 19:31:02[restartedMain] [DefaultListableBeanFactory:225] - Creating shared instance of singleton bean 'dataSourceScriptDatabaseInitializer'
DEBUG 24-11-07 19:31:02[restartedMain] [DefaultListableBeanFactory:225] - Creating shared instance of singleton bean 'org.springframework.boot.autoconfigure.sql.init.DataSourceInitializationConfiguration'
DEBUG 24-11-07 19:31:02[restartedMain] [DefaultListableBeanFactory:225] - Creating shared instance of singleton bean 'dataSource'
DEBUG 24-11-07 19:31:02[restartedMain] [DefaultListableBeanFactory:225] - Creating shared instance of singleton bean 'org.springframework.boot.autoconfigure.jdbc.DataSourceConfiguration$Hikari'
DEBUG 24-11-07 19:31:02[restartedMain] [DefaultListableBeanFactory:225] - Creating shared instance of singleton bean 'spring.datasource-org.springframework.boot.autoconfigure.jdbc.DataSourceProperties'
DEBUG 24-11-07 19:31:02[restartedMain] [DefaultListableBeanFactory:225] - Creating shared instance of singleton bean 'jdbcConnectionDetails'
DEBUG 24-11-07 19:31:02[restartedMain] [DefaultListableBeanFactory:225] - Creating shared instance of singleton bean 'org.springframework.boot.autoconfigure.jdbc.DataSourceAutoConfiguration$PooledDataSourceConfiguration'
DEBUG 24-11-07 19:31:02[restartedMain] [DefaultListableBeanFactory:945] - Autowiring by type from bean name 'jdbcConnectionDetails' via factory method to bean named 'spring.datasource-org.springframework.boot.autoconfigure.jdbc.DataSourceProperties'
DEBUG 24-11-07 19:31:02[restartedMain] [DefaultListableBeanFactory:945] - Autowiring by type from bean name 'dataSource' via factory method to bean named 'spring.datasource-org.springframework.boot.autoconfigure.jdbc.DataSourceProperties'
DEBUG 24-11-07 19:31:02[restartedMain] [DefaultListableBeanFactory:945] - Autowiring by type from bean name 'dataSource' via factory method to bean named 'jdbcConnectionDetails'
DEBUG 24-11-07 19:31:02[restartedMain] [HikariConfig:974] - Driver class net.sf.log4jdbc.sql.jdbcapi.DriverSpy found in Thread context class loader org.springframework.boot.devtools.restart.classloader.RestartClassLoader@524a80d4
DEBUG 24-11-07 19:31:02[restartedMain] [DefaultListableBeanFactory:225] - Creating shared instance of singleton bean 'spring.sql.init-org.springframework.boot.autoconfigure.sql.init.SqlInitializationProperties'
DEBUG 24-11-07 19:31:02[restartedMain] [DefaultListableBeanFactory:945] - Autowiring by type from bean name 'dataSourceScriptDatabaseInitializer' via factory method to bean named 'dataSource'
DEBUG 24-11-07 19:31:02[restartedMain] [DefaultListableBeanFactory:945] - Autowiring by type from bean name 'dataSourceScriptDatabaseInitializer' via factory method to bean named 'spring.sql.init-org.springframework.boot.autoconfigure.sql.init.SqlInitializationProperties'
DEBUG 24-11-07 19:31:02[restartedMain] [DefaultListableBeanFactory:225] - Creating shared instance of singleton bean 'sqlSessionTemplate'
DEBUG 24-11-07 19:31:02[restartedMain] [DefaultListableBeanFactory:225] - Creating shared instance of singleton bean 'org.mybatis.spring.boot.autoconfigure.MybatisAutoConfiguration'
DEBUG 24-11-07 19:31:02[restartedMain] [DefaultListableBeanFactory:225] - Creating shared instance of singleton bean 'mybatis-org.mybatis.spring.boot.autoconfigure.MybatisProperties'
DEBUG 24-11-07 19:31:02[restartedMain] [DefaultListableBeanFactory:945] - Autowiring by type from bean name 'org.mybatis.spring.boot.autoconfigure.MybatisAutoConfiguration' via constructor to bean named 'mybatis-org.mybatis.spring.boot.autoconfigure.MybatisProperties'
DEBUG 24-11-07 19:31:02[restartedMain] [DefaultListableBeanFactory:945] - Autowiring by type from bean name 'org.mybatis.spring.boot.autoconfigure.MybatisAutoConfiguration' via constructor to bean named 'org.springframework.boot.web.servlet.context.AnnotationConfigServletWebServerApplicationContext@156b8049'
DEBUG 24-11-07 19:31:02[restartedMain] [DefaultListableBeanFactory:225] - Creating shared instance of singleton bean 'sqlSessionFactory'
DEBUG 24-11-07 19:31:02[restartedMain] [DefaultListableBeanFactory:945] - Autowiring by type from bean name 'sqlSessionFactory' via factory method to bean named 'dataSource'
DEBUG 24-11-07 19:31:02[restartedMain] [SqlSessionFactoryBean:49] - Parsed mapper file: 'file [D:\GithubWorkspace\sangbong3\sangbong3\mustacheajax\build\resources\main\mapper\board\BoardMybatisMapper.xml]'
DEBUG 24-11-07 19:31:02[restartedMain] [SqlSessionFactoryBean:49] - Parsed mapper file: 'file [D:\GithubWorkspace\sangbong3\sangbong3\mustacheajax\build\resources\main\mapper\board\comment\BoardCommentMybatisMapper.xml]'
DEBUG 24-11-07 19:31:02[restartedMain] [SqlSessionFactoryBean:49] - Parsed mapper file: 'file [D:\GithubWorkspace\sangbong3\sangbong3\mustacheajax\build\resources\main\mapper\category\CategoryMybatisMapper.xml]'
DEBUG 24-11-07 19:31:02[restartedMain] [SqlSessionFactoryBean:49] - Parsed mapper file: 'file [D:\GithubWorkspace\sangbong3\sangbong3\mustacheajax\build\resources\main\mapper\commentlike\CommentLikeMybatisMapper.xml]'
DEBUG 24-11-07 19:31:02[restartedMain] [SqlSessionFactoryBean:49] - Parsed mapper file: 'file [D:\GithubWorkspace\sangbong3\sangbong3\mustacheajax\build\resources\main\mapper\member\MemberMybatisMapper.xml]'
DEBUG 24-11-07 19:31:02[restartedMain] [SqlSessionFactoryBean:49] - Parsed mapper file: 'file [D:\GithubWorkspace\sangbong3\sangbong3\mustacheajax\build\resources\main\mapper\sbfile\SbFileMybatisMapper.xml]'
DEBUG 24-11-07 19:31:02[restartedMain] [SqlSessionFactoryBean:49] - Parsed mapper file: 'file [D:\GithubWorkspace\sangbong3\sangbong3\mustacheajax\build\resources\main\mapper\sblike\SbLikeMybatisMapper.xml]'
DEBUG 24-11-07 19:31:02[restartedMain] [DefaultListableBeanFactory:945] - Autowiring by type from bean name 'sqlSessionTemplate' via factory method to bean named 'sqlSessionFactory'
DEBUG 24-11-07 19:31:02[restartedMain] [DefaultListableBeanFactory:225] - Creating shared instance of singleton bean 'ISbLikeMybatisMapper'
DEBUG 24-11-07 19:31:02[restartedMain] [DefaultListableBeanFactory:225] - Creating shared instance of singleton bean 'ISbFileMybatisMapper'
DEBUG 24-11-07 19:31:02[restartedMain] [DefaultListableBeanFactory:225] - Creating shared instance of singleton bean 'sbFileServiceImpl'
DEBUG 24-11-07 19:31:02[restartedMain] [DefaultListableBeanFactory:225] - Creating shared instance of singleton bean 'fileCtrlService'
DEBUG 24-11-07 19:31:02[restartedMain] [PropertySourcesPropertyResolver:115] - Found key 'spring.servlet.multipart.location' in PropertySource 'environmentProperties' with value of type String
DEBUG 24-11-07 19:31:02[restartedMain] [DefaultListableBeanFactory:225] - Creating shared instance of singleton bean 'boardWebController'
DEBUG 24-11-07 19:31:02[restartedMain] [DefaultListableBeanFactory:225] - Creating shared instance of singleton bean 'boardWebRestController'
DEBUG 24-11-07 19:31:02[restartedMain] [DefaultListableBeanFactory:225] - Creating shared instance of singleton bean 'sbLikeServiceImpl'
DEBUG 24-11-07 19:31:02[restartedMain] [DefaultListableBeanFactory:225] - Creating shared instance of singleton bean 'boardCommentServiceImpl'
DEBUG 24-11-07 19:31:02[restartedMain] [DefaultListableBeanFactory:225] - Creating shared instance of singleton bean 'IBoardCommentMybatisMapper'
DEBUG 24-11-07 19:31:02[restartedMain] [DefaultListableBeanFactory:225] - Creating shared instance of singleton bean 'ICommentLikeMybatisMapper'
DEBUG 24-11-07 19:31:02[restartedMain] [DefaultListableBeanFactory:225] - Creating shared instance of singleton bean 'boardCommentWebRestController'
DEBUG 24-11-07 19:31:02[restartedMain] [DefaultListableBeanFactory:225] - Creating shared instance of singleton bean 'commentLikeServiceImpl'
DEBUG 24-11-07 19:31:02[restartedMain] [DefaultListableBeanFactory:225] - Creating shared instance of singleton bean 'categoryAjxController'
DEBUG 24-11-07 19:31:02[restartedMain] [DefaultListableBeanFactory:225] - Creating shared instance of singleton bean 'categoryServiceImpl'
DEBUG 24-11-07 19:31:02[restartedMain] [DefaultListableBeanFactory:225] - Creating shared instance of singleton bean 'ICategoryMybatisMapper'
DEBUG 24-11-07 19:31:02[restartedMain] [DefaultListableBeanFactory:225] - Creating shared instance of singleton bean 'categoryWebRestController'
DEBUG 24-11-07 19:31:02[restartedMain] [DefaultListableBeanFactory:225] - Creating shared instance of singleton bean 'catWebOldController'
DEBUG 24-11-07 19:31:02[restartedMain] [DefaultListableBeanFactory:225] - Creating shared instance of singleton bean 'memberServiceImpl'
DEBUG 24-11-07 19:31:02[restartedMain] [DefaultListableBeanFactory:225] - Creating shared instance of singleton bean 'IMemberMybatisMapper'
DEBUG 24-11-07 19:31:02[restartedMain] [DefaultListableBeanFactory:225] - Creating shared instance of singleton bean 'encoder'
DEBUG 24-11-07 19:31:02[restartedMain] [DefaultListableBeanFactory:225] - Creating shared instance of singleton bean 'sbPasswordEncoder'
DEBUG 24-11-07 19:31:02[restartedMain] [DefaultListableBeanFactory:225] - Creating shared instance of singleton bean 'memberWebController'
DEBUG 24-11-07 19:31:02[restartedMain] [DefaultListableBeanFactory:225] - Creating shared instance of singleton bean 'memberWebRestController'
DEBUG 24-11-07 19:31:02[restartedMain] [DefaultListableBeanFactory:225] - Creating shared instance of singleton bean 'sbFileWebRestController'
DEBUG 24-11-07 19:31:02[restartedMain] [DefaultListableBeanFactory:225] - Creating shared instance of singleton bean 'securityConfig'
DEBUG 24-11-07 19:31:02[restartedMain] [DefaultListableBeanFactory:225] - Creating shared instance of singleton bean 'adminController'
DEBUG 24-11-07 19:31:02[restartedMain] [DefaultListableBeanFactory:225] - Creating shared instance of singleton bean 'allControllerAdvice'
DEBUG 24-11-07 19:31:02[restartedMain] [DefaultListableBeanFactory:225] - Creating shared instance of singleton bean 'indexController'
DEBUG 24-11-07 19:31:02[restartedMain] [DefaultListableBeanFactory:225] - Creating shared instance of singleton bean 'loginCookieController'
DEBUG 24-11-07 19:31:02[restartedMain] [DefaultListableBeanFactory:225] - Creating shared instance of singleton bean 'loginSessionController'
DEBUG 24-11-07 19:31:02[restartedMain] [DefaultListableBeanFactory:225] - Creating shared instance of singleton bean 'userController'
DEBUG 24-11-07 19:31:02[restartedMain] [DefaultListableBeanFactory:225] - Creating shared instance of singleton bean 'stompConfiguration'
DEBUG 24-11-07 19:31:02[restartedMain] [DefaultListableBeanFactory:225] - Creating shared instance of singleton bean 'org.springframework.security.config.annotation.configuration.ObjectPostProcessorConfiguration'
DEBUG 24-11-07 19:31:02[restartedMain] [DefaultListableBeanFactory:225] - Creating shared instance of singleton bean 'objectPostProcessor'
DEBUG 24-11-07 19:31:02[restartedMain] [DefaultListableBeanFactory:945] - Autowiring by type from bean name 'objectPostProcessor' via factory method to bean named 'org.springframework.beans.factory.support.DefaultListableBeanFactory@74d0fc27'
DEBUG 24-11-07 19:31:02[restartedMain] [DefaultListableBeanFactory:225] - Creating shared instance of singleton bean 'org.springframework.security.config.annotation.authentication.configuration.AuthenticationConfiguration'
DEBUG 24-11-07 19:31:02[restartedMain] [DefaultListableBeanFactory:225] - Creating shared instance of singleton bean 'enableGlobalAuthenticationAutowiredConfigurer'
DEBUG 24-11-07 19:31:02[restartedMain] [DefaultListableBeanFactory:945] - Autowiring by type from bean name 'enableGlobalAuthenticationAutowiredConfigurer' via factory method to bean named 'org.springframework.boot.web.servlet.context.AnnotationConfigServletWebServerApplicationContext@156b8049'
DEBUG 24-11-07 19:31:02[restartedMain] [DefaultListableBeanFactory:225] - Creating shared instance of singleton bean 'initializeUserDetailsBeanManagerConfigurer'
DEBUG 24-11-07 19:31:02[restartedMain] [DefaultListableBeanFactory:945] - Autowiring by type from bean name 'initializeUserDetailsBeanManagerConfigurer' via factory method to bean named 'org.springframework.boot.web.servlet.context.AnnotationConfigServletWebServerApplicationContext@156b8049'
DEBUG 24-11-07 19:31:02[restartedMain] [DefaultListableBeanFactory:225] - Creating shared instance of singleton bean 'initializeAuthenticationProviderBeanManagerConfigurer'
DEBUG 24-11-07 19:31:02[restartedMain] [DefaultListableBeanFactory:945] - Autowiring by type from bean name 'initializeAuthenticationProviderBeanManagerConfigurer' via factory method to bean named 'org.springframework.boot.web.servlet.context.AnnotationConfigServletWebServerApplicationContext@156b8049'
DEBUG 24-11-07 19:31:02[restartedMain] [DefaultListableBeanFactory:225] - Creating shared instance of singleton bean 'authenticationManagerBuilder'
DEBUG 24-11-07 19:31:02[restartedMain] [DefaultListableBeanFactory:945] - Autowiring by type from bean name 'authenticationManagerBuilder' via factory method to bean named 'objectPostProcessor'
DEBUG 24-11-07 19:31:02[restartedMain] [DefaultListableBeanFactory:945] - Autowiring by type from bean name 'authenticationManagerBuilder' via factory method to bean named 'org.springframework.boot.web.servlet.context.AnnotationConfigServletWebServerApplicationContext@156b8049'
DEBUG 24-11-07 19:31:02[restartedMain] [DefaultListableBeanFactory:225] - Creating shared instance of singleton bean 'authenticationEventPublisher'
DEBUG 24-11-07 19:31:02[restartedMain] [DefaultListableBeanFactory:225] - Creating shared instance of singleton bean 'org.springframework.boot.autoconfigure.security.servlet.SecurityAutoConfiguration'
DEBUG 24-11-07 19:31:02[restartedMain] [DefaultListableBeanFactory:945] - Autowiring by type from bean name 'authenticationEventPublisher' via factory method to bean named 'org.springframework.boot.web.servlet.context.AnnotationConfigServletWebServerApplicationContext@156b8049'
DEBUG 24-11-07 19:31:02[restartedMain] [DefaultListableBeanFactory:225] - Creating shared instance of singleton bean 'org.springframework.security.config.annotation.web.configuration.WebSecurityConfiguration'
DEBUG 24-11-07 19:31:02[restartedMain] [DefaultListableBeanFactory:225] - Creating shared instance of singleton bean 'org.springframework.security.config.annotation.web.configuration.HttpSecurityConfiguration'
DEBUG 24-11-07 19:31:02[restartedMain] [DefaultListableBeanFactory:225] - Creating shared instance of singleton bean 'mvcContentNegotiationManager'
DEBUG 24-11-07 19:31:02[restartedMain] [DefaultListableBeanFactory:225] - Creating shared instance of singleton bean 'org.springframework.boot.autoconfigure.web.servlet.WebMvcAutoConfiguration$EnableWebMvcConfiguration'
DEBUG 24-11-07 19:31:02[restartedMain] [DefaultListableBeanFactory:225] - Creating shared instance of singleton bean 'spring.web-org.springframework.boot.autoconfigure.web.WebProperties'
DEBUG 24-11-07 19:31:02[restartedMain] [DefaultListableBeanFactory:945] - Autowiring by type from bean name 'org.springframework.boot.autoconfigure.web.servlet.WebMvcAutoConfiguration$EnableWebMvcConfiguration' via constructor to bean named 'spring.mvc-org.springframework.boot.autoconfigure.web.servlet.WebMvcProperties'
DEBUG 24-11-07 19:31:02[restartedMain] [DefaultListableBeanFactory:945] - Autowiring by type from bean name 'org.springframework.boot.autoconfigure.web.servlet.WebMvcAutoConfiguration$EnableWebMvcConfiguration' via constructor to bean named 'spring.web-org.springframework.boot.autoconfigure.web.WebProperties'
DEBUG 24-11-07 19:31:02[restartedMain] [DefaultListableBeanFactory:945] - Autowiring by type from bean name 'org.springframework.boot.autoconfigure.web.servlet.WebMvcAutoConfiguration$EnableWebMvcConfiguration' via constructor to bean named 'org.springframework.beans.factory.support.DefaultListableBeanFactory@74d0fc27'
DEBUG 24-11-07 19:31:02[restartedMain] [DefaultListableBeanFactory:225] - Creating shared instance of singleton bean 'org.springframework.security.config.annotation.web.configuration.WebMvcSecurityConfiguration'
DEBUG 24-11-07 19:31:02[restartedMain] [DefaultListableBeanFactory:225] - Creating shared instance of singleton bean 'org.springframework.boot.autoconfigure.web.servlet.WebMvcAutoConfiguration$WebMvcAutoConfigurationAdapter'
DEBUG 24-11-07 19:31:02[restartedMain] [DefaultListableBeanFactory:945] - Autowiring by type from bean name 'org.springframework.boot.autoconfigure.web.servlet.WebMvcAutoConfiguration$WebMvcAutoConfigurationAdapter' via constructor to bean named 'spring.web-org.springframework.boot.autoconfigure.web.WebProperties'
DEBUG 24-11-07 19:31:02[restartedMain] [DefaultListableBeanFactory:945] - Autowiring by type from bean name 'org.springframework.boot.autoconfigure.web.servlet.WebMvcAutoConfiguration$WebMvcAutoConfigurationAdapter' via constructor to bean named 'spring.mvc-org.springframework.boot.autoconfigure.web.servlet.WebMvcProperties'
DEBUG 24-11-07 19:31:02[restartedMain] [DefaultListableBeanFactory:945] - Autowiring by type from bean name 'org.springframework.boot.autoconfigure.web.servlet.WebMvcAutoConfiguration$WebMvcAutoConfigurationAdapter' via constructor to bean named 'org.springframework.beans.factory.support.DefaultListableBeanFactory@74d0fc27'
DEBUG 24-11-07 19:31:02[restartedMain] [DefaultListableBeanFactory:225] - Creating shared instance of singleton bean 'inMemoryUserDetailsManager'
DEBUG 24-11-07 19:31:02[restartedMain] [DefaultListableBeanFactory:225] - Creating shared instance of singleton bean 'org.springframework.boot.autoconfigure.security.servlet.UserDetailsServiceAutoConfiguration'
DEBUG 24-11-07 19:31:02[restartedMain] [DefaultListableBeanFactory:945] - Autowiring by type from bean name 'inMemoryUserDetailsManager' via factory method to bean named 'spring.security-org.springframework.boot.autoconfigure.security.SecurityProperties'
WARN  24-11-07 19:31:02[restartedMain] [UserDetailsServiceAutoConfiguration:86] - 

Using generated security password: b9bf4ecb-d61c-457d-bb0b-4eefd37c0c6e

This generated password is for development use only. Your security configuration must be updated before running your application in production.

INFO  24-11-07 19:31:02[restartedMain] [InitializeUserDetailsBeanManagerConfigurer$InitializeUserDetailsManagerConfigurer:113] - Global AuthenticationManager configured with UserDetailsService bean with name inMemoryUserDetailsManager
DEBUG 24-11-07 19:31:02[restartedMain] [DefaultListableBeanFactory:225] - Creating shared instance of singleton bean 'mvcHandlerMappingIntrospectorRequestTransformer'
DEBUG 24-11-07 19:31:02[restartedMain] [DefaultListableBeanFactory:225] - Creating shared instance of singleton bean 'mvcHandlerMappingIntrospector'
DEBUG 24-11-07 19:31:02[restartedMain] [DefaultListableBeanFactory:225] - Creating shared instance of singleton bean 'stompWebSocketHandlerMapping'
DEBUG 24-11-07 19:31:02[restartedMain] [DefaultListableBeanFactory:225] - Creating shared instance of singleton bean 'org.springframework.web.socket.config.annotation.DelegatingWebSocketMessageBrokerConfiguration'
DEBUG 24-11-07 19:31:02[restartedMain] [DefaultListableBeanFactory:225] - Creating shared instance of singleton bean 'org.springframework.boot.autoconfigure.websocket.servlet.WebSocketMessagingAutoConfiguration$WebSocketMessageConverterConfiguration'
DEBUG 24-11-07 19:31:02[restartedMain] [DefaultListableBeanFactory:225] - Creating shared instance of singleton bean 'jacksonObjectMapper'
DEBUG 24-11-07 19:31:02[restartedMain] [DefaultListableBeanFactory:225] - Creating shared instance of singleton bean 'org.springframework.boot.autoconfigure.jackson.JacksonAutoConfiguration$JacksonObjectMapperConfiguration'
DEBUG 24-11-07 19:31:02[restartedMain] [DefaultListableBeanFactory:225] - Creating shared instance of singleton bean 'org.springframework.boot.autoconfigure.jackson.JacksonAutoConfiguration$JacksonObjectMapperBuilderConfiguration'
DEBUG 24-11-07 19:31:02[restartedMain] [DefaultListableBeanFactory:225] - Creating shared instance of singleton bean 'standardJacksonObjectMapperBuilderCustomizer'
DEBUG 24-11-07 19:31:02[restartedMain] [DefaultListableBeanFactory:225] - Creating shared instance of singleton bean 'org.springframework.boot.autoconfigure.jackson.JacksonAutoConfiguration$Jackson2ObjectMapperBuilderCustomizerConfiguration'
DEBUG 24-11-07 19:31:02[restartedMain] [DefaultListableBeanFactory:225] - Creating shared instance of singleton bean 'spring.jackson-org.springframework.boot.autoconfigure.jackson.JacksonProperties'
DEBUG 24-11-07 19:31:02[restartedMain] [DefaultListableBeanFactory:945] - Autowiring by type from bean name 'standardJacksonObjectMapperBuilderCustomizer' via factory method to bean named 'spring.jackson-org.springframework.boot.autoconfigure.jackson.JacksonProperties'
DEBUG 24-11-07 19:31:02[restartedMain] [DefaultListableBeanFactory:225] - Creating shared instance of singleton bean 'parameterNamesModule'
DEBUG 24-11-07 19:31:02[restartedMain] [DefaultListableBeanFactory:225] - Creating shared instance of singleton bean 'org.springframework.boot.autoconfigure.jackson.JacksonAutoConfiguration$ParameterNamesModuleConfiguration'
DEBUG 24-11-07 19:31:02[restartedMain] [DefaultListableBeanFactory:225] - Creating shared instance of singleton bean 'jsonMixinModule'
DEBUG 24-11-07 19:31:02[restartedMain] [DefaultListableBeanFactory:225] - Creating shared instance of singleton bean 'org.springframework.boot.autoconfigure.jackson.JacksonAutoConfiguration$JacksonMixinConfiguration'
DEBUG 24-11-07 19:31:02[restartedMain] [DefaultListableBeanFactory:225] - Creating shared instance of singleton bean 'jsonMixinModuleEntries'
DEBUG 24-11-07 19:31:02[restartedMain] [DefaultListableBeanFactory:945] - Autowiring by type from bean name 'jsonMixinModuleEntries' via factory method to bean named 'org.springframework.boot.web.servlet.context.AnnotationConfigServletWebServerApplicationContext@156b8049'
DEBUG 24-11-07 19:31:02[restartedMain] [DefaultListableBeanFactory:945] - Autowiring by type from bean name 'jsonMixinModule' via factory method to bean named 'org.springframework.boot.web.servlet.context.AnnotationConfigServletWebServerApplicationContext@156b8049'
DEBUG 24-11-07 19:31:02[restartedMain] [DefaultListableBeanFactory:945] - Autowiring by type from bean name 'jsonMixinModule' via factory method to bean named 'jsonMixinModuleEntries'
DEBUG 24-11-07 19:31:02[restartedMain] [DefaultListableBeanFactory:225] - Creating shared instance of singleton bean 'jsonComponentModule'
DEBUG 24-11-07 19:31:02[restartedMain] [DefaultListableBeanFactory:225] - Creating shared instance of singleton bean 'org.springframework.boot.autoconfigure.jackson.JacksonAutoConfiguration'
DEBUG 24-11-07 19:31:02[restartedMain] [DefaultListableBeanFactory:945] - Autowiring by type from bean name 'jacksonObjectMapperBuilder' via factory method to bean named 'org.springframework.boot.web.servlet.context.AnnotationConfigServletWebServerApplicationContext@156b8049'
DEBUG 24-11-07 19:31:02[restartedMain] [DefaultListableBeanFactory:945] - Autowiring by type from bean name 'jacksonObjectMapperBuilder' via factory method to bean named 'standardJacksonObjectMapperBuilderCustomizer'
DEBUG 24-11-07 19:31:02[restartedMain] [DefaultListableBeanFactory:945] - Autowiring by type from bean name 'jacksonObjectMapper' via factory method to bean named 'jacksonObjectMapperBuilder'
DEBUG 24-11-07 19:31:02[restartedMain] [DefaultListableBeanFactory:945] - Autowiring by type from bean name 'org.springframework.boot.autoconfigure.websocket.servlet.WebSocketMessagingAutoConfiguration$WebSocketMessageConverterConfiguration' via constructor to bean named 'jacksonObjectMapper'
DEBUG 24-11-07 19:31:02[restartedMain] [DefaultListableBeanFactory:225] - Creating shared instance of singleton bean 'subProtocolWebSocketHandler'
DEBUG 24-11-07 19:31:02[restartedMain] [DefaultListableBeanFactory:225] - Creating shared instance of singleton bean 'clientInboundChannel'
DEBUG 24-11-07 19:31:02[restartedMain] [DefaultListableBeanFactory:225] - Creating shared instance of singleton bean 'clientInboundChannelExecutor'
DEBUG 24-11-07 19:31:02[restartedMain] [ThreadPoolTaskExecutor:264] - Initializing ExecutorService 'clientInboundChannelExecutor'
DEBUG 24-11-07 19:31:02[restartedMain] [DefaultListableBeanFactory:945] - Autowiring by type from bean name 'clientInboundChannel' via factory method to bean named 'clientInboundChannelExecutor'
DEBUG 24-11-07 19:31:02[restartedMain] [DefaultListableBeanFactory:225] - Creating shared instance of singleton bean 'clientOutboundChannel'
DEBUG 24-11-07 19:31:02[restartedMain] [DefaultListableBeanFactory:225] - Creating shared instance of singleton bean 'clientOutboundChannelExecutor'
DEBUG 24-11-07 19:31:02[restartedMain] [ThreadPoolTaskExecutor:264] - Initializing ExecutorService 'clientOutboundChannelExecutor'
DEBUG 24-11-07 19:31:02[restartedMain] [DefaultListableBeanFactory:945] - Autowiring by type from bean name 'clientOutboundChannel' via factory method to bean named 'clientOutboundChannelExecutor'
DEBUG 24-11-07 19:31:02[restartedMain] [DefaultListableBeanFactory:945] - Autowiring by type from bean name 'subProtocolWebSocketHandler' via factory method to bean named 'clientInboundChannel'
DEBUG 24-11-07 19:31:02[restartedMain] [DefaultListableBeanFactory:945] - Autowiring by type from bean name 'subProtocolWebSocketHandler' via factory method to bean named 'clientOutboundChannel'
DEBUG 24-11-07 19:31:02[restartedMain] [DefaultListableBeanFactory:225] - Creating shared instance of singleton bean 'messageBrokerTaskScheduler'
DEBUG 24-11-07 19:31:02[restartedMain] [ThreadPoolTaskScheduler:264] - Initializing ExecutorService 'messageBrokerTaskScheduler'
DEBUG 24-11-07 19:31:02[restartedMain] [DefaultListableBeanFactory:945] - Autowiring by type from bean name 'stompWebSocketHandlerMapping' via factory method to bean named 'subProtocolWebSocketHandler'
DEBUG 24-11-07 19:31:02[restartedMain] [DefaultListableBeanFactory:945] - Autowiring by type from bean name 'stompWebSocketHandlerMapping' via factory method to bean named 'messageBrokerTaskScheduler'
DEBUG 24-11-07 19:31:02[restartedMain] [DefaultListableBeanFactory:945] - Autowiring by type from bean name 'stompWebSocketHandlerMapping' via factory method to bean named 'clientInboundChannel'
DEBUG 24-11-07 19:31:02[restartedMain] [Mappings:176] - 'stompWebSocketHandlerMapping' {/stompend/**=org.springframework.web.socket.sockjs.support.SockJsHttpRequestHandler@7529c76}
DEBUG 24-11-07 19:31:02[restartedMain] [DefaultListableBeanFactory:225] - Creating shared instance of singleton bean 'welcomePageHandlerMapping'
DEBUG 24-11-07 19:31:02[restartedMain] [DefaultListableBeanFactory:225] - Creating shared instance of singleton bean 'mvcConversionService'
DEBUG 24-11-07 19:31:02[restartedMain] [DefaultListableBeanFactory:225] - Creating shared instance of singleton bean 'mvcResourceUrlProvider'
DEBUG 24-11-07 19:31:02[restartedMain] [DefaultListableBeanFactory:945] - Autowiring by type from bean name 'welcomePageHandlerMapping' via factory method to bean named 'org.springframework.boot.web.servlet.context.AnnotationConfigServletWebServerApplicationContext@156b8049'
DEBUG 24-11-07 19:31:02[restartedMain] [DefaultListableBeanFactory:945] - Autowiring by type from bean name 'welcomePageHandlerMapping' via factory method to bean named 'mvcConversionService'
DEBUG 24-11-07 19:31:02[restartedMain] [DefaultListableBeanFactory:945] - Autowiring by type from bean name 'welcomePageHandlerMapping' via factory method to bean named 'mvcResourceUrlProvider'
INFO  24-11-07 19:31:02[restartedMain] [WelcomePageHandlerMapping:59] - Adding welcome page template: index
DEBUG 24-11-07 19:31:02[restartedMain] [DefaultListableBeanFactory:225] - Creating shared instance of singleton bean 'welcomePageNotAcceptableHandlerMapping'
DEBUG 24-11-07 19:31:02[restartedMain] [DefaultListableBeanFactory:945] - Autowiring by type from bean name 'welcomePageNotAcceptableHandlerMapping' via factory method to bean named 'org.springframework.boot.web.servlet.context.AnnotationConfigServletWebServerApplicationContext@156b8049'
DEBUG 24-11-07 19:31:02[restartedMain] [DefaultListableBeanFactory:945] - Autowiring by type from bean name 'welcomePageNotAcceptableHandlerMapping' via factory method to bean named 'mvcConversionService'
DEBUG 24-11-07 19:31:02[restartedMain] [DefaultListableBeanFactory:945] - Autowiring by type from bean name 'welcomePageNotAcceptableHandlerMapping' via factory method to bean named 'mvcResourceUrlProvider'
DEBUG 24-11-07 19:31:02[restartedMain] [DefaultListableBeanFactory:225] - Creating shared instance of singleton bean 'requestMappingHandlerMapping'
DEBUG 24-11-07 19:31:02[restartedMain] [DefaultListableBeanFactory:945] - Autowiring by type from bean name 'requestMappingHandlerMapping' via factory method to bean named 'mvcContentNegotiationManager'
DEBUG 24-11-07 19:31:02[restartedMain] [DefaultListableBeanFactory:945] - Autowiring by type from bean name 'requestMappingHandlerMapping' via factory method to bean named 'mvcConversionService'
DEBUG 24-11-07 19:31:02[restartedMain] [DefaultListableBeanFactory:945] - Autowiring by type from bean name 'requestMappingHandlerMapping' via factory method to bean named 'mvcResourceUrlProvider'
DEBUG 24-11-07 19:31:02[restartedMain] [Mappings:294] - 
	c.s.m.b.BoardWebController:
	{GET [/board/board_ajx_list]}: boardAjxList(Model,HttpServletRequest,HttpServletResponse,HttpSession)
DEBUG 24-11-07 19:31:02[restartedMain] [Mappings:294] - 
	c.s.m.b.BoardWebRestController:
	{PATCH [/api/v1/board/{id}]}: update(Model,Long,BoardDto,List,List)
	{POST [/api/v1/board]}: insert(Model,BoardDto,List)
	{GET [/api/v1/board/like/{id}]}: addLikeQty(Model,Long)
	{DELETE [/api/v1/board/deleteFlag/{id}]}: updateDeleteFlag(Model,Long,BoardDto)
	{GET [/api/v1/board/unlike/{id}]}: subLikeQty(Model,Long)
	{DELETE [/api/v1/board/{id}]}: deleteById(Model,Long)
	{GET [/api/v1/board/{id}]}: findById(Model,Long)
	{POST [/api/v1/board/searchName]}: findAllByNameContains(Model,SearchAjaxDto)
	{POST [/api/v1/board/countName]}: countAllByNameContains(Model,SearchAjaxDto)
DEBUG 24-11-07 19:31:02[restartedMain] [Mappings:294] - 
	c.s.m.b.c.BoardCommentWebRestController:
	{PATCH [/api/v1/boardcomment/{id}]}: update(Model,Long,BoardCommentDto)
	{POST [/api/v1/boardcomment]}: insert(Model,BoardCommentDto)
	{GET [/api/v1/boardcomment/like/{id}]}: addLikeQty(Model,Long)
	{DELETE [/api/v1/boardcomment/deleteFlag/{id}]}: updateDeleteFlag(Model,Long,BoardCommentDto)
	{GET [/api/v1/boardcomment/unlike/{id}]}: subLikeQty(Model,Long)
	{DELETE [/api/v1/boardcomment/{id}]}: deleteById(Model,Long)
	{GET [/api/v1/boardcomment/{id}]}: findById(Model,Long)
	{POST [/api/v1/boardcomment/findbyboardid]}: findByBoardId(Model,SearchBoardCommentDto)
DEBUG 24-11-07 19:31:02[restartedMain] [Mappings:294] - 
	c.s.m.c.CategoryAjxController:
	{GET [/catajx/category_ajx_list]}: category_ajx_list(Model)
DEBUG 24-11-07 19:31:02[restartedMain] [Mappings:294] - 
	c.s.m.c.CategoryWebRestController:
	{PATCH [/api/vi/cat/{id}]}: update(Long,CategoryDto)
	{POST [/api/vi/cat]}: insert(CategoryDto)
	{DELETE [/api/vi/cat/{id}]}: delete(Long)
	{GET [/api/vi/cat]}: getAll()
	{GET [/api/vi/cat/{id}]}: findById(Long)
	{POST [/api/vi/cat/searchName]}: findAllByNameContains(Model,SearchAjaxDto)
	{POST [/api/vi/cat/countName]}: countAllByNameContains(Model,SearchAjaxDto)
DEBUG 24-11-07 19:31:02[restartedMain] [Mappings:294] - 
	c.s.m.c.CatWebOldController:
	{GET [/catweb/category_list]}: categoryList(Model,int,String)
	{GET [/catweb/category_add]}: categoryAdd(Model)
	{GET [/catweb/category_view]}: categoryView(Model,Long)
	{POST [/catweb/category_insert]}: categoryInsert(CategoryDto)
	{POST [/catweb/category_update]}: categoryUpdate(CategoryDto)
	{GET [/catweb/category_delete]}: categoryDelete(Long)
DEBUG 24-11-07 19:31:02[restartedMain] [Mappings:294] - 
	c.s.m.m.MemberWebController:
	{GET [/member/member_ajx_list]}: member_ajx_list(Model)
DEBUG 24-11-07 19:31:02[restartedMain] [Mappings:294] - 
	c.s.m.m.MemberWebRestController:
	{PATCH [/api/v1/member/{id}]}: update(Model,Long,MemberDto)
	{POST [/api/v1/member]}: insert(Model,MemberDto)
	{DELETE [/api/v1/member/deleteFlag/{id}]}: updateDeleteFlag(Model,Long,MemberDto)
	{DELETE [/api/v1/member/{id}]}: deleteById(Model,Long)
	{GET [/api/v1/member/{id}]}: findById(Model,Long)
	{POST [/api/v1/member/searchName]}: findAllByNameContains(Model,SearchAjaxDto)
	{POST [/api/v1/member/countName]}: countAllByNameContains(Model,SearchAjaxDto)
DEBUG 24-11-07 19:31:02[restartedMain] [Mappings:294] - 
	c.s.m.s.SbFileWebRestController:
	{POST [/api/v1/sbfile/findbyboardid]}: findByBoardId(Model,SbFileDto)
	{GET [/api/v1/sbfile/downloadfile/{tbl}/{name}/{uniqName}/{fileType}]}: downloadFile(Model,String,String,String,String)
	{GET [/api/v1/sbfile/downloadfileid/{id}]}: downloadFile(Model,Long)
DEBUG 24-11-07 19:31:02[restartedMain] [Mappings:294] - 
	c.s.m.s.c.AdminController:
	{GET [/admin/infoCookie]}: showInfoCookie(Model,String)
	{GET [/admin/infoSession]}: showInfoSession(Model)
DEBUG 24-11-07 19:31:02[restartedMain] [Mappings:294] - 
	c.s.m.s.c.IndexController:
	{GET [/]}: index(Model,String)
	{GET [/signout]}: signout(HttpServletResponse,HttpSession)
DEBUG 24-11-07 19:31:02[restartedMain] [Mappings:294] - 
	c.s.m.s.c.LoginCookieController:
	{GET [/cologin/logout]}: logout(HttpServletResponse)
	{GET [/cologin/signup]}: viewSignUp()
	{POST [/cologin/signin]}: signin(Model,LoginRequest,HttpServletResponse)
	{GET [/cologin/login]}: viewLogin()
	{POST [/cologin/signup]}: signUp(Model,SignUpRequest,BindingResult)
DEBUG 24-11-07 19:31:02[restartedMain] [Mappings:294] - 
	c.s.m.s.c.LoginSessionController:
	{GET [/selogin/logout]}: logout(HttpServletResponse)
	{GET [/selogin/signup]}: viewSignUp()
	{POST [/selogin/signin]}: signin(Model,LoginRequest,HttpServletRequest)
	{GET [/selogin/login]}: viewLogin()
	{POST [/selogin/signup]}: signUp(Model,SignUpRequest,BindingResult)
DEBUG 24-11-07 19:31:02[restartedMain] [Mappings:294] - 
	c.s.m.s.c.UserController:
	{GET [/user/infoCookie]}: showInfoCookie(Model,String)
	{GET [/user/infoSession]}: showInfoSession(Model)
DEBUG 24-11-07 19:31:02[restartedMain] [Mappings:294] - 
	o.s.b.a.w.s.e.BasicErrorController:
	{ [/error]}: error(HttpServletRequest)
	{ [/error], produces [text/html]}: errorHtml(HttpServletRequest,HttpServletResponse)
DEBUG 24-11-07 19:31:02[restartedMain] [RequestMappingHandlerMapping:366] - 61 mappings in 'requestMappingHandlerMapping'
DEBUG 24-11-07 19:31:02[restartedMain] [DefaultListableBeanFactory:225] - Creating shared instance of singleton bean 'viewControllerHandlerMapping'
DEBUG 24-11-07 19:31:02[restartedMain] [DefaultListableBeanFactory:945] - Autowiring by type from bean name 'viewControllerHandlerMapping' via factory method to bean named 'mvcConversionService'
DEBUG 24-11-07 19:31:02[restartedMain] [DefaultListableBeanFactory:945] - Autowiring by type from bean name 'viewControllerHandlerMapping' via factory method to bean named 'mvcResourceUrlProvider'
DEBUG 24-11-07 19:31:02[restartedMain] [DefaultListableBeanFactory:225] - Creating shared instance of singleton bean 'beanNameHandlerMapping'
DEBUG 24-11-07 19:31:02[restartedMain] [DefaultListableBeanFactory:945] - Autowiring by type from bean name 'beanNameHandlerMapping' via factory method to bean named 'mvcConversionService'
DEBUG 24-11-07 19:31:02[restartedMain] [DefaultListableBeanFactory:945] - Autowiring by type from bean name 'beanNameHandlerMapping' via factory method to bean named 'mvcResourceUrlProvider'
DEBUG 24-11-07 19:31:02[restartedMain] [Mappings:86] - 'beanNameHandlerMapping' {}
DEBUG 24-11-07 19:31:02[restartedMain] [DefaultListableBeanFactory:225] - Creating shared instance of singleton bean 'routerFunctionMapping'
DEBUG 24-11-07 19:31:02[restartedMain] [DefaultListableBeanFactory:945] - Autowiring by type from bean name 'routerFunctionMapping' via factory method to bean named 'mvcConversionService'
DEBUG 24-11-07 19:31:02[restartedMain] [DefaultListableBeanFactory:945] - Autowiring by type from bean name 'routerFunctionMapping' via factory method to bean named 'mvcResourceUrlProvider'
DEBUG 24-11-07 19:31:02[restartedMain] [DefaultListableBeanFactory:225] - Creating shared instance of singleton bean 'messageConverters'
DEBUG 24-11-07 19:31:02[restartedMain] [DefaultListableBeanFactory:225] - Creating shared instance of singleton bean 'org.springframework.boot.autoconfigure.http.HttpMessageConvertersAutoConfiguration'
DEBUG 24-11-07 19:31:02[restartedMain] [DefaultListableBeanFactory:225] - Creating shared instance of singleton bean 'stringHttpMessageConverter'
DEBUG 24-11-07 19:31:02[restartedMain] [DefaultListableBeanFactory:225] - Creating shared instance of singleton bean 'org.springframework.boot.autoconfigure.http.HttpMessageConvertersAutoConfiguration$StringHttpMessageConverterConfiguration'
DEBUG 24-11-07 19:31:02[restartedMain] [DefaultListableBeanFactory:945] - Autowiring by type from bean name 'stringHttpMessageConverter' via factory method to bean named 'environment'
DEBUG 24-11-07 19:31:02[restartedMain] [DefaultListableBeanFactory:225] - Creating shared instance of singleton bean 'mappingJackson2HttpMessageConverter'
DEBUG 24-11-07 19:31:02[restartedMain] [DefaultListableBeanFactory:225] - Creating shared instance of singleton bean 'org.springframework.boot.autoconfigure.http.JacksonHttpMessageConvertersConfiguration$MappingJackson2HttpMessageConverterConfiguration'
DEBUG 24-11-07 19:31:02[restartedMain] [DefaultListableBeanFactory:945] - Autowiring by type from bean name 'mappingJackson2HttpMessageConverter' via factory method to bean named 'jacksonObjectMapper'
DEBUG 24-11-07 19:31:02[restartedMain] [DefaultListableBeanFactory:225] - Creating shared instance of singleton bean 'resourceHandlerMapping'
DEBUG 24-11-07 19:31:02[restartedMain] [DefaultListableBeanFactory:945] - Autowiring by type from bean name 'resourceHandlerMapping' via factory method to bean named 'mvcContentNegotiationManager'
DEBUG 24-11-07 19:31:02[restartedMain] [DefaultListableBeanFactory:945] - Autowiring by type from bean name 'resourceHandlerMapping' via factory method to bean named 'mvcConversionService'
DEBUG 24-11-07 19:31:02[restartedMain] [DefaultListableBeanFactory:945] - Autowiring by type from bean name 'resourceHandlerMapping' via factory method to bean named 'mvcResourceUrlProvider'
DEBUG 24-11-07 19:31:02[restartedMain] [Mappings:176] - 'resourceHandlerMapping' {/webjars/**=ResourceHttpRequestHandler [classpath [META-INF/resources/webjars/]], /**=ResourceHttpRequestHandler [classpath [META-INF/resources/], classpath [resources/], classpath [static/], classpath [public/], ServletContext [/]]}
DEBUG 24-11-07 19:31:02[restartedMain] [DefaultListableBeanFactory:225] - Creating shared instance of singleton bean 'defaultServletHandlerMapping'
DEBUG 24-11-07 19:31:02[restartedMain] [DefaultListableBeanFactory:225] - Creating shared instance of singleton bean 'filterChain'
DEBUG 24-11-07 19:31:02[restartedMain] [DefaultListableBeanFactory:945] - Autowiring by type from bean name 'filterChain' via factory method to bean named 'org.springframework.security.config.annotation.web.configuration.HttpSecurityConfiguration.httpSecurity'
DEBUG 24-11-07 19:31:02[restartedMain] [DefaultSecurityFilterChain:61] - Will secure any request with filters: DisableEncodeUrlFilter, WebAsyncManagerIntegrationFilter, SecurityContextHolderFilter, HeaderWriterFilter, CorsFilter, LogoutFilter, RequestCacheAwareFilter, SecurityContextHolderAwareRequestFilter, AnonymousAuthenticationFilter, ExceptionTranslationFilter, AuthorizationFilter
DEBUG 24-11-07 19:31:02[restartedMain] [DefaultListableBeanFactory:225] - Creating shared instance of singleton bean 'webSecurityCustomizer'
DEBUG 24-11-07 19:31:02[restartedMain] [DefaultListableBeanFactory:225] - Creating shared instance of singleton bean 'delegatingApplicationListener'
DEBUG 24-11-07 19:31:02[restartedMain] [DefaultListableBeanFactory:225] - Creating shared instance of singleton bean 'springSecurityFilterChain'
WARN  24-11-07 19:31:02[restartedMain] [WebSecurity:292] - You are asking Spring Security to ignore org.springframework.boot.autoconfigure.security.servlet.StaticResourceRequest$StaticResourceRequestMatcher@193c01df. This is not recommended -- please use permitAll via HttpSecurity#authorizeHttpRequests instead.
DEBUG 24-11-07 19:31:02[restartedMain] [DefaultSecurityFilterChain:53] - Will not secure org.springframework.boot.autoconfigure.security.servlet.StaticResourceRequest$StaticResourceRequestMatcher@193c01df
DEBUG 24-11-07 19:31:02[restartedMain] [DefaultListableBeanFactory:225] - Creating shared instance of singleton bean 'webSecurityExpressionHandler'
DEBUG 24-11-07 19:31:02[restartedMain] [DefaultListableBeanFactory:225] - Creating shared instance of singleton bean 'privilegeEvaluator'
DEBUG 24-11-07 19:31:02[restartedMain] [DefaultListableBeanFactory:225] - Creating shared instance of singleton bean 'requestDataValueProcessor'
DEBUG 24-11-07 19:31:02[restartedMain] [DefaultListableBeanFactory:225] - Creating shared instance of singleton bean 'webSocketMessageBrokerStats'
DEBUG 24-11-07 19:31:02[restartedMain] [DefaultListableBeanFactory:225] - Creating shared instance of singleton bean 'stompBrokerRelayMessageHandler'
DEBUG 24-11-07 19:31:02[restartedMain] [DefaultListableBeanFactory:225] - Creating shared instance of singleton bean 'brokerChannel'
DEBUG 24-11-07 19:31:02[restartedMain] [DefaultListableBeanFactory:225] - Creating shared instance of singleton bean 'brokerChannelExecutor'
DEBUG 24-11-07 19:31:02[restartedMain] [DefaultListableBeanFactory:945] - Autowiring by type from bean name 'brokerChannelExecutor' via factory method to bean named 'clientInboundChannel'
DEBUG 24-11-07 19:31:02[restartedMain] [DefaultListableBeanFactory:945] - Autowiring by type from bean name 'brokerChannelExecutor' via factory method to bean named 'clientOutboundChannel'
DEBUG 24-11-07 19:31:02[restartedMain] [ThreadPoolTaskExecutor:264] - Initializing ExecutorService 'brokerChannelExecutor'
DEBUG 24-11-07 19:31:02[restartedMain] [DefaultListableBeanFactory:945] - Autowiring by type from bean name 'brokerChannel' via factory method to bean named 'clientInboundChannel'
DEBUG 24-11-07 19:31:02[restartedMain] [DefaultListableBeanFactory:945] - Autowiring by type from bean name 'brokerChannel' via factory method to bean named 'clientOutboundChannel'
DEBUG 24-11-07 19:31:02[restartedMain] [DefaultListableBeanFactory:945] - Autowiring by type from bean name 'brokerChannel' via factory method to bean named 'brokerChannelExecutor'
DEBUG 24-11-07 19:31:02[restartedMain] [DefaultListableBeanFactory:225] - Creating shared instance of singleton bean 'userDestinationMessageHandler'
DEBUG 24-11-07 19:31:02[restartedMain] [DefaultListableBeanFactory:225] - Creating shared instance of singleton bean 'userDestinationResolver'
DEBUG 24-11-07 19:31:02[restartedMain] [DefaultListableBeanFactory:225] - Creating shared instance of singleton bean 'userRegistry'
DEBUG 24-11-07 19:31:02[restartedMain] [DefaultListableBeanFactory:945] - Autowiring by type from bean name 'userRegistry' via factory method to bean named 'clientInboundChannel'
DEBUG 24-11-07 19:31:02[restartedMain] [DefaultListableBeanFactory:945] - Autowiring by type from bean name 'userRegistry' via factory method to bean named 'clientOutboundChannel'
DEBUG 24-11-07 19:31:02[restartedMain] [DefaultListableBeanFactory:945] - Autowiring by type from bean name 'userDestinationResolver' via factory method to bean named 'userRegistry'
DEBUG 24-11-07 19:31:02[restartedMain] [DefaultListableBeanFactory:945] - Autowiring by type from bean name 'userDestinationResolver' via factory method to bean named 'clientInboundChannel'
DEBUG 24-11-07 19:31:02[restartedMain] [DefaultListableBeanFactory:945] - Autowiring by type from bean name 'userDestinationResolver' via factory method to bean named 'clientOutboundChannel'
DEBUG 24-11-07 19:31:02[restartedMain] [DefaultListableBeanFactory:945] - Autowiring by type from bean name 'userDestinationMessageHandler' via factory method to bean named 'clientInboundChannel'
DEBUG 24-11-07 19:31:02[restartedMain] [DefaultListableBeanFactory:945] - Autowiring by type from bean name 'userDestinationMessageHandler' via factory method to bean named 'clientOutboundChannel'
DEBUG 24-11-07 19:31:02[restartedMain] [DefaultListableBeanFactory:945] - Autowiring by type from bean name 'userDestinationMessageHandler' via factory method to bean named 'brokerChannel'
DEBUG 24-11-07 19:31:02[restartedMain] [DefaultListableBeanFactory:945] - Autowiring by type from bean name 'userDestinationMessageHandler' via factory method to bean named 'userDestinationResolver'
DEBUG 24-11-07 19:31:02[restartedMain] [DefaultListableBeanFactory:225] - Creating shared instance of singleton bean 'userRegistryMessageHandler'
DEBUG 24-11-07 19:31:02[restartedMain] [DefaultListableBeanFactory:225] - Creating shared instance of singleton bean 'brokerMessagingTemplate'
DEBUG 24-11-07 19:31:02[restartedMain] [DefaultListableBeanFactory:225] - Creating shared instance of singleton bean 'brokerMessageConverter'
DEBUG 24-11-07 19:31:02[restartedMain] [DefaultListableBeanFactory:945] - Autowiring by type from bean name 'brokerMessagingTemplate' via factory method to bean named 'brokerChannel'
DEBUG 24-11-07 19:31:02[restartedMain] [DefaultListableBeanFactory:945] - Autowiring by type from bean name 'brokerMessagingTemplate' via factory method to bean named 'clientInboundChannel'
DEBUG 24-11-07 19:31:02[restartedMain] [DefaultListableBeanFactory:945] - Autowiring by type from bean name 'brokerMessagingTemplate' via factory method to bean named 'clientOutboundChannel'
DEBUG 24-11-07 19:31:02[restartedMain] [DefaultListableBeanFactory:945] - Autowiring by type from bean name 'brokerMessagingTemplate' via factory method to bean named 'brokerMessageConverter'
DEBUG 24-11-07 19:31:02[restartedMain] [DefaultListableBeanFactory:945] - Autowiring by type from bean name 'userRegistryMessageHandler' via factory method to bean named 'clientInboundChannel'
DEBUG 24-11-07 19:31:02[restartedMain] [DefaultListableBeanFactory:945] - Autowiring by type from bean name 'userRegistryMessageHandler' via factory method to bean named 'clientOutboundChannel'
DEBUG 24-11-07 19:31:02[restartedMain] [DefaultListableBeanFactory:945] - Autowiring by type from bean name 'userRegistryMessageHandler' via factory method to bean named 'userRegistry'
DEBUG 24-11-07 19:31:02[restartedMain] [DefaultListableBeanFactory:945] - Autowiring by type from bean name 'userRegistryMessageHandler' via factory method to bean named 'brokerMessagingTemplate'
DEBUG 24-11-07 19:31:02[restartedMain] [DefaultListableBeanFactory:945] - Autowiring by type from bean name 'userRegistryMessageHandler' via factory method to bean named 'messageBrokerTaskScheduler'
DEBUG 24-11-07 19:31:02[restartedMain] [DefaultListableBeanFactory:945] - Autowiring by type from bean name 'stompBrokerRelayMessageHandler' via factory method to bean named 'clientInboundChannel'
DEBUG 24-11-07 19:31:02[restartedMain] [DefaultListableBeanFactory:945] - Autowiring by type from bean name 'stompBrokerRelayMessageHandler' via factory method to bean named 'clientOutboundChannel'
DEBUG 24-11-07 19:31:02[restartedMain] [DefaultListableBeanFactory:945] - Autowiring by type from bean name 'stompBrokerRelayMessageHandler' via factory method to bean named 'brokerChannel'
DEBUG 24-11-07 19:31:02[restartedMain] [DefaultListableBeanFactory:945] - Autowiring by type from bean name 'stompBrokerRelayMessageHandler' via factory method to bean named 'userDestinationMessageHandler'
DEBUG 24-11-07 19:31:02[restartedMain] [DefaultListableBeanFactory:945] - Autowiring by type from bean name 'stompBrokerRelayMessageHandler' via factory method to bean named 'userRegistryMessageHandler'
DEBUG 24-11-07 19:31:02[restartedMain] [DefaultListableBeanFactory:945] - Autowiring by type from bean name 'stompBrokerRelayMessageHandler' via factory method to bean named 'userDestinationResolver'
DEBUG 24-11-07 19:31:02[restartedMain] [DefaultListableBeanFactory:945] - Autowiring by type from bean name 'webSocketMessageBrokerStats' via factory method to bean named 'stompBrokerRelayMessageHandler'
DEBUG 24-11-07 19:31:02[restartedMain] [DefaultListableBeanFactory:945] - Autowiring by type from bean name 'webSocketMessageBrokerStats' via factory method to bean named 'subProtocolWebSocketHandler'
DEBUG 24-11-07 19:31:02[restartedMain] [DefaultListableBeanFactory:945] - Autowiring by type from bean name 'webSocketMessageBrokerStats' via factory method to bean named 'clientInboundChannelExecutor'
DEBUG 24-11-07 19:31:02[restartedMain] [DefaultListableBeanFactory:945] - Autowiring by type from bean name 'webSocketMessageBrokerStats' via factory method to bean named 'clientOutboundChannelExecutor'
DEBUG 24-11-07 19:31:02[restartedMain] [DefaultListableBeanFactory:945] - Autowiring by type from bean name 'webSocketMessageBrokerStats' via factory method to bean named 'messageBrokerTaskScheduler'
DEBUG 24-11-07 19:31:02[restartedMain] [DefaultListableBeanFactory:225] - Creating shared instance of singleton bean 'simpAnnotationMethodMessageHandler'
DEBUG 24-11-07 19:31:02[restartedMain] [DefaultListableBeanFactory:945] - Autowiring by type from bean name 'simpAnnotationMethodMessageHandler' via factory method to bean named 'clientInboundChannel'
DEBUG 24-11-07 19:31:02[restartedMain] [DefaultListableBeanFactory:945] - Autowiring by type from bean name 'simpAnnotationMethodMessageHandler' via factory method to bean named 'clientOutboundChannel'
DEBUG 24-11-07 19:31:02[restartedMain] [DefaultListableBeanFactory:945] - Autowiring by type from bean name 'simpAnnotationMethodMessageHandler' via factory method to bean named 'brokerMessagingTemplate'
DEBUG 24-11-07 19:31:02[restartedMain] [DefaultListableBeanFactory:945] - Autowiring by type from bean name 'simpAnnotationMethodMessageHandler' via factory method to bean named 'brokerMessageConverter'
DEBUG 24-11-07 19:31:02[restartedMain] [DefaultListableBeanFactory:225] - Creating shared instance of singleton bean 'mvcValidator'
DEBUG 24-11-07 19:31:02[restartedMain] [DefaultListableBeanFactory:225] - Creating shared instance of singleton bean 'defaultValidator'
DEBUG 24-11-07 19:31:02[restartedMain] [DefaultListableBeanFactory:945] - Autowiring by type from bean name 'defaultValidator' via factory method to bean named 'org.springframework.boot.web.servlet.context.AnnotationConfigServletWebServerApplicationContext@156b8049'
DEBUG 24-11-07 19:31:02[restartedMain] [ResourceBundleMessageInterpolator:175] - Loaded expression factory via original TCCL
DEBUG 24-11-07 19:31:02[restartedMain] [AbstractConfigurationImpl:176] - Setting custom MessageInterpolator of type org.springframework.validation.beanvalidation.LocaleContextMessageInterpolator
DEBUG 24-11-07 19:31:02[restartedMain] [AbstractConfigurationImpl:208] - Setting custom ConstraintValidatorFactory of type org.springframework.validation.beanvalidation.SpringConstraintValidatorFactory
DEBUG 24-11-07 19:31:02[restartedMain] [ValidationXmlParser:122] - Trying to load META-INF/validation.xml for XML based Validator configuration.
DEBUG 24-11-07 19:31:02[restartedMain] [ResourceLoaderHelper:54] - Trying to load META-INF/validation.xml via user class loader
DEBUG 24-11-07 19:31:02[restartedMain] [ResourceLoaderHelper:61] - Trying to load META-INF/validation.xml via TCCL
DEBUG 24-11-07 19:31:02[restartedMain] [ResourceLoaderHelper:67] - Trying to load META-INF/validation.xml via Hibernate Validator's class loader
DEBUG 24-11-07 19:31:02[restartedMain] [ValidationXmlParser:129] - No META-INF/validation.xml found. Using annotation based configuration only.
DEBUG 24-11-07 19:31:02[restartedMain] [TraversableResolvers:61] - Cannot find jakarta.persistence.Persistence on classpath. Assuming non JPA 2 environment. All properties will per default be traversable.
DEBUG 24-11-07 19:31:02[restartedMain] [ValidatorFactoryConfigurationHelper:355] - HV000252: Using org.hibernate.validator.internal.engine.DefaultPropertyNodeNameProvider as property node name provider.
DEBUG 24-11-07 19:31:02[restartedMain] [ValidatorFactoryConfigurationHelper:447] - HV000234: Using org.springframework.validation.beanvalidation.LocaleContextMessageInterpolator as ValidatorFactory-scoped message interpolator.
DEBUG 24-11-07 19:31:02[restartedMain] [ValidatorFactoryConfigurationHelper:448] - HV000234: Using org.hibernate.validator.internal.engine.resolver.TraverseAllTraversableResolver as ValidatorFactory-scoped traversable resolver.
DEBUG 24-11-07 19:31:02[restartedMain] [ValidatorFactoryConfigurationHelper:449] - HV000234: Using org.hibernate.validator.internal.util.ExecutableParameterNameProvider as ValidatorFactory-scoped parameter name provider.
DEBUG 24-11-07 19:31:02[restartedMain] [ValidatorFactoryConfigurationHelper:450] - HV000234: Using org.hibernate.validator.internal.engine.DefaultClockProvider as ValidatorFactory-scoped clock provider.
DEBUG 24-11-07 19:31:02[restartedMain] [ValidatorFactoryConfigurationHelper:451] - HV000234: Using org.hibernate.validator.internal.engine.scripting.DefaultScriptEvaluatorFactory as ValidatorFactory-scoped script evaluator factory.
DEBUG 24-11-07 19:31:02[restartedMain] [WebSocketAnnotationMethodMessageHandler:316] - 
	c.s.m.b.BoardWebController:
	
DEBUG 24-11-07 19:31:02[restartedMain] [WebSocketAnnotationMethodMessageHandler:316] - 
	c.s.m.b.BoardWebRestController:
	
DEBUG 24-11-07 19:31:02[restartedMain] [WebSocketAnnotationMethodMessageHandler:316] - 
	c.s.m.b.c.BoardCommentWebRestController:
	
DEBUG 24-11-07 19:31:02[restartedMain] [WebSocketAnnotationMethodMessageHandler:316] - 
	c.s.m.c.CategoryAjxController:
	
DEBUG 24-11-07 19:31:02[restartedMain] [WebSocketAnnotationMethodMessageHandler:316] - 
	c.s.m.c.CategoryWebRestController:
	
DEBUG 24-11-07 19:31:02[restartedMain] [WebSocketAnnotationMethodMessageHandler:316] - 
	c.s.m.c.CatWebOldController:
	
DEBUG 24-11-07 19:31:02[restartedMain] [WebSocketAnnotationMethodMessageHandler:316] - 
	c.s.m.m.MemberWebController:
	
DEBUG 24-11-07 19:31:02[restartedMain] [WebSocketAnnotationMethodMessageHandler:316] - 
	c.s.m.m.MemberWebRestController:
	
DEBUG 24-11-07 19:31:02[restartedMain] [WebSocketAnnotationMethodMessageHandler:316] - 
	c.s.m.s.SbFileWebRestController:
	
DEBUG 24-11-07 19:31:02[restartedMain] [WebSocketAnnotationMethodMessageHandler:316] - 
	c.s.m.s.c.AdminController:
	
DEBUG 24-11-07 19:31:02[restartedMain] [WebSocketAnnotationMethodMessageHandler:316] - 
	c.s.m.s.c.IndexController:
	
DEBUG 24-11-07 19:31:02[restartedMain] [WebSocketAnnotationMethodMessageHandler:316] - 
	c.s.m.s.c.LoginCookieController:
	
DEBUG 24-11-07 19:31:02[restartedMain] [WebSocketAnnotationMethodMessageHandler:316] - 
	c.s.m.s.c.LoginSessionController:
	
DEBUG 24-11-07 19:31:02[restartedMain] [WebSocketAnnotationMethodMessageHandler:316] - 
	c.s.m.s.c.UserController:
	
DEBUG 24-11-07 19:31:02[restartedMain] [WebSocketAnnotationMethodMessageHandler:316] - 
	o.s.b.a.w.s.e.BasicErrorController:
	
DEBUG 24-11-07 19:31:02[restartedMain] [DefaultListableBeanFactory:225] - Creating shared instance of singleton bean 'simpleBrokerMessageHandler'
DEBUG 24-11-07 19:31:02[restartedMain] [DefaultListableBeanFactory:945] - Autowiring by type from bean name 'simpleBrokerMessageHandler' via factory method to bean named 'clientInboundChannel'
DEBUG 24-11-07 19:31:02[restartedMain] [DefaultListableBeanFactory:945] - Autowiring by type from bean name 'simpleBrokerMessageHandler' via factory method to bean named 'clientOutboundChannel'
DEBUG 24-11-07 19:31:02[restartedMain] [DefaultListableBeanFactory:945] - Autowiring by type from bean name 'simpleBrokerMessageHandler' via factory method to bean named 'brokerChannel'
DEBUG 24-11-07 19:31:02[restartedMain] [DefaultListableBeanFactory:945] - Autowiring by type from bean name 'simpleBrokerMessageHandler' via factory method to bean named 'userDestinationResolver'
DEBUG 24-11-07 19:31:02[restartedMain] [DefaultListableBeanFactory:225] - Creating shared instance of singleton bean 'org.springframework.boot.autoconfigure.context.PropertyPlaceholderAutoConfiguration'
DEBUG 24-11-07 19:31:02[restartedMain] [DefaultListableBeanFactory:225] - Creating shared instance of singleton bean 'org.springframework.boot.autoconfigure.websocket.servlet.WebSocketServletAutoConfiguration'
DEBUG 24-11-07 19:31:02[restartedMain] [DefaultListableBeanFactory:225] - Creating shared instance of singleton bean 'org.springframework.boot.autoconfigure.web.servlet.DispatcherServletAutoConfiguration'
DEBUG 24-11-07 19:31:02[restartedMain] [DefaultListableBeanFactory:225] - Creating shared instance of singleton bean 'org.springframework.boot.autoconfigure.task.TaskExecutorConfigurations$ThreadPoolTaskExecutorBuilderConfiguration'
DEBUG 24-11-07 19:31:02[restartedMain] [DefaultListableBeanFactory:225] - Creating shared instance of singleton bean 'threadPoolTaskExecutorBuilder'
DEBUG 24-11-07 19:31:02[restartedMain] [DefaultListableBeanFactory:225] - Creating shared instance of singleton bean 'spring.task.execution-org.springframework.boot.autoconfigure.task.TaskExecutionProperties'
DEBUG 24-11-07 19:31:02[restartedMain] [DefaultListableBeanFactory:945] - Autowiring by type from bean name 'threadPoolTaskExecutorBuilder' via factory method to bean named 'spring.task.execution-org.springframework.boot.autoconfigure.task.TaskExecutionProperties'
DEBUG 24-11-07 19:31:02[restartedMain] [DefaultListableBeanFactory:225] - Creating shared instance of singleton bean 'org.springframework.boot.autoconfigure.task.TaskExecutorConfigurations$TaskExecutorBuilderConfiguration'
DEBUG 24-11-07 19:31:02[restartedMain] [DefaultListableBeanFactory:225] - Creating shared instance of singleton bean 'taskExecutorBuilder'
DEBUG 24-11-07 19:31:02[restartedMain] [DefaultListableBeanFactory:945] - Autowiring by type from bean name 'taskExecutorBuilder' via factory method to bean named 'spring.task.execution-org.springframework.boot.autoconfigure.task.TaskExecutionProperties'
DEBUG 24-11-07 19:31:02[restartedMain] [DefaultListableBeanFactory:225] - Creating shared instance of singleton bean 'org.springframework.boot.autoconfigure.task.TaskExecutorConfigurations$SimpleAsyncTaskExecutorBuilderConfiguration'
DEBUG 24-11-07 19:31:02[restartedMain] [DefaultListableBeanFactory:945] - Autowiring by type from bean name 'org.springframework.boot.autoconfigure.task.TaskExecutorConfigurations$SimpleAsyncTaskExecutorBuilderConfiguration' via constructor to bean named 'spring.task.execution-org.springframework.boot.autoconfigure.task.TaskExecutionProperties'
DEBUG 24-11-07 19:31:02[restartedMain] [DefaultListableBeanFactory:225] - Creating shared instance of singleton bean 'simpleAsyncTaskExecutorBuilder'
DEBUG 24-11-07 19:31:02[restartedMain] [DefaultListableBeanFactory:225] - Creating shared instance of singleton bean 'org.springframework.boot.autoconfigure.task.TaskExecutionAutoConfiguration'
DEBUG 24-11-07 19:31:02[restartedMain] [DefaultListableBeanFactory:225] - Creating shared instance of singleton bean 'org.springframework.boot.autoconfigure.validation.ValidationAutoConfiguration'
DEBUG 24-11-07 19:31:02[restartedMain] [DefaultListableBeanFactory:225] - Creating shared instance of singleton bean 'org.springframework.boot.autoconfigure.web.servlet.error.ErrorMvcAutoConfiguration$WhitelabelErrorViewConfiguration'
DEBUG 24-11-07 19:31:02[restartedMain] [DefaultListableBeanFactory:225] - Creating shared instance of singleton bean 'error'
DEBUG 24-11-07 19:31:02[restartedMain] [DefaultListableBeanFactory:225] - Creating shared instance of singleton bean 'beanNameViewResolver'
DEBUG 24-11-07 19:31:02[restartedMain] [DefaultListableBeanFactory:225] - Creating shared instance of singleton bean 'org.springframework.boot.autoconfigure.web.servlet.error.ErrorMvcAutoConfiguration$DefaultErrorViewResolverConfiguration'
DEBUG 24-11-07 19:31:02[restartedMain] [DefaultListableBeanFactory:945] - Autowiring by type from bean name 'org.springframework.boot.autoconfigure.web.servlet.error.ErrorMvcAutoConfiguration$DefaultErrorViewResolverConfiguration' via constructor to bean named 'org.springframework.boot.web.servlet.context.AnnotationConfigServletWebServerApplicationContext@156b8049'
DEBUG 24-11-07 19:31:02[restartedMain] [DefaultListableBeanFactory:945] - Autowiring by type from bean name 'org.springframework.boot.autoconfigure.web.servlet.error.ErrorMvcAutoConfiguration$DefaultErrorViewResolverConfiguration' via constructor to bean named 'spring.web-org.springframework.boot.autoconfigure.web.WebProperties'
DEBUG 24-11-07 19:31:02[restartedMain] [DefaultListableBeanFactory:225] - Creating shared instance of singleton bean 'conventionErrorViewResolver'
DEBUG 24-11-07 19:31:02[restartedMain] [DefaultListableBeanFactory:225] - Creating shared instance of singleton bean 'errorAttributes'
DEBUG 24-11-07 19:31:02[restartedMain] [DefaultListableBeanFactory:225] - Creating shared instance of singleton bean 'basicErrorController'
DEBUG 24-11-07 19:31:02[restartedMain] [DefaultListableBeanFactory:945] - Autowiring by type from bean name 'basicErrorController' via factory method to bean named 'errorAttributes'
DEBUG 24-11-07 19:31:02[restartedMain] [DefaultListableBeanFactory:225] - Creating shared instance of singleton bean 'localeResolver'
DEBUG 24-11-07 19:31:02[restartedMain] [DefaultListableBeanFactory:225] - Creating shared instance of singleton bean 'themeResolver'
DEBUG 24-11-07 19:31:02[restartedMain] [DefaultListableBeanFactory:225] - Creating shared instance of singleton bean 'flashMapManager'
DEBUG 24-11-07 19:31:02[restartedMain] [DefaultListableBeanFactory:225] - Creating shared instance of singleton bean 'mvcPatternParser'
DEBUG 24-11-07 19:31:02[restartedMain] [DefaultListableBeanFactory:225] - Creating shared instance of singleton bean 'mvcUrlPathHelper'
DEBUG 24-11-07 19:31:02[restartedMain] [DefaultListableBeanFactory:225] - Creating shared instance of singleton bean 'mvcPathMatcher'
DEBUG 24-11-07 19:31:02[restartedMain] [DefaultListableBeanFactory:225] - Creating shared instance of singleton bean 'requestMappingHandlerAdapter'
DEBUG 24-11-07 19:31:02[restartedMain] [DefaultListableBeanFactory:945] - Autowiring by type from bean name 'requestMappingHandlerAdapter' via factory method to bean named 'mvcContentNegotiationManager'
DEBUG 24-11-07 19:31:02[restartedMain] [DefaultListableBeanFactory:945] - Autowiring by type from bean name 'requestMappingHandlerAdapter' via factory method to bean named 'mvcConversionService'
DEBUG 24-11-07 19:31:02[restartedMain] [DefaultListableBeanFactory:945] - Autowiring by type from bean name 'requestMappingHandlerAdapter' via factory method to bean named 'mvcValidator'
DEBUG 24-11-07 19:31:02[restartedMain] [RequestMappingHandlerAdapter:634] - ControllerAdvice beans: 1 @ModelAttribute, 0 @InitBinder, 1 RequestBodyAdvice, 1 ResponseBodyAdvice
DEBUG 24-11-07 19:31:02[restartedMain] [DefaultListableBeanFactory:225] - Creating shared instance of singleton bean 'handlerFunctionAdapter'
DEBUG 24-11-07 19:31:02[restartedMain] [DefaultListableBeanFactory:225] - Creating shared instance of singleton bean 'mvcUriComponentsContributor'
DEBUG 24-11-07 19:31:02[restartedMain] [DefaultListableBeanFactory:945] - Autowiring by type from bean name 'mvcUriComponentsContributor' via factory method to bean named 'mvcConversionService'
DEBUG 24-11-07 19:31:02[restartedMain] [DefaultListableBeanFactory:945] - Autowiring by type from bean name 'mvcUriComponentsContributor' via factory method to bean named 'requestMappingHandlerAdapter'
DEBUG 24-11-07 19:31:02[restartedMain] [DefaultListableBeanFactory:225] - Creating shared instance of singleton bean 'httpRequestHandlerAdapter'
DEBUG 24-11-07 19:31:02[restartedMain] [DefaultListableBeanFactory:225] - Creating shared instance of singleton bean 'simpleControllerHandlerAdapter'
DEBUG 24-11-07 19:31:02[restartedMain] [DefaultListableBeanFactory:225] - Creating shared instance of singleton bean 'handlerExceptionResolver'
DEBUG 24-11-07 19:31:02[restartedMain] [DefaultListableBeanFactory:945] - Autowiring by type from bean name 'handlerExceptionResolver' via factory method to bean named 'mvcContentNegotiationManager'
DEBUG 24-11-07 19:31:02[restartedMain] [ExceptionHandlerExceptionResolver:305] - ControllerAdvice beans: 0 @ExceptionHandler, 1 ResponseBodyAdvice
DEBUG 24-11-07 19:31:02[restartedMain] [DefaultListableBeanFactory:225] - Creating shared instance of singleton bean 'mvcViewResolver'
DEBUG 24-11-07 19:31:02[restartedMain] [DefaultListableBeanFactory:945] - Autowiring by type from bean name 'mvcViewResolver' via factory method to bean named 'mvcContentNegotiationManager'
DEBUG 24-11-07 19:31:02[restartedMain] [DefaultListableBeanFactory:225] - Creating shared instance of singleton bean 'viewNameTranslator'
DEBUG 24-11-07 19:31:02[restartedMain] [DefaultListableBeanFactory:225] - Creating shared instance of singleton bean 'defaultViewResolver'
DEBUG 24-11-07 19:31:02[restartedMain] [DefaultListableBeanFactory:225] - Creating shared instance of singleton bean 'viewResolver'
DEBUG 24-11-07 19:31:02[restartedMain] [DefaultListableBeanFactory:945] - Autowiring by type from bean name 'viewResolver' via factory method to bean named 'org.springframework.beans.factory.support.DefaultListableBeanFactory@74d0fc27'
DEBUG 24-11-07 19:31:02[restartedMain] [DefaultListableBeanFactory:225] - Creating shared instance of singleton bean 'viewResolver'
DEBUG 24-11-07 19:31:02[restartedMain] [DefaultListableBeanFactory:225] - Creating shared instance of singleton bean 'mustacheViewResolver'
DEBUG 24-11-07 19:31:02[restartedMain] [DefaultListableBeanFactory:225] - Creating shared instance of singleton bean 'org.springframework.boot.autoconfigure.mustache.MustacheServletWebConfiguration'
DEBUG 24-11-07 19:31:02[restartedMain] [DefaultListableBeanFactory:225] - Creating shared instance of singleton bean 'mustacheCompiler'
DEBUG 24-11-07 19:31:02[restartedMain] [DefaultListableBeanFactory:225] - Creating shared instance of singleton bean 'org.springframework.boot.autoconfigure.mustache.MustacheAutoConfiguration'
DEBUG 24-11-07 19:31:02[restartedMain] [DefaultListableBeanFactory:225] - Creating shared instance of singleton bean 'spring.mustache-org.springframework.boot.autoconfigure.mustache.MustacheProperties'
DEBUG 24-11-07 19:31:02[restartedMain] [DefaultListableBeanFactory:945] - Autowiring by type from bean name 'org.springframework.boot.autoconfigure.mustache.MustacheAutoConfiguration' via constructor to bean named 'spring.mustache-org.springframework.boot.autoconfigure.mustache.MustacheProperties'
DEBUG 24-11-07 19:31:02[restartedMain] [DefaultListableBeanFactory:945] - Autowiring by type from bean name 'org.springframework.boot.autoconfigure.mustache.MustacheAutoConfiguration' via constructor to bean named 'org.springframework.boot.web.servlet.context.AnnotationConfigServletWebServerApplicationContext@156b8049'
DEBUG 24-11-07 19:31:02[restartedMain] [DefaultListableBeanFactory:225] - Creating shared instance of singleton bean 'mustacheTemplateLoader'
DEBUG 24-11-07 19:31:02[restartedMain] [DefaultListableBeanFactory:945] - Autowiring by type from bean name 'mustacheCompiler' via factory method to bean named 'mustacheTemplateLoader'
DEBUG 24-11-07 19:31:02[restartedMain] [DefaultListableBeanFactory:945] - Autowiring by type from bean name 'mustacheViewResolver' via factory method to bean named 'mustacheCompiler'
DEBUG 24-11-07 19:31:02[restartedMain] [DefaultListableBeanFactory:945] - Autowiring by type from bean name 'mustacheViewResolver' via factory method to bean named 'spring.mustache-org.springframework.boot.autoconfigure.mustache.MustacheProperties'
DEBUG 24-11-07 19:31:02[restartedMain] [DefaultListableBeanFactory:225] - Creating shared instance of singleton bean 'org.mybatis.spring.boot.autoconfigure.MybatisLanguageDriverAutoConfiguration'
DEBUG 24-11-07 19:31:02[restartedMain] [DefaultListableBeanFactory:225] - Creating shared instance of singleton bean 'org.springframework.boot.autoconfigure.jdbc.DataSourceJmxConfiguration$Hikari'
DEBUG 24-11-07 19:31:02[restartedMain] [DefaultListableBeanFactory:945] - Autowiring by type from bean name 'org.springframework.boot.autoconfigure.jdbc.DataSourceJmxConfiguration$Hikari' via constructor to bean named 'dataSource'
DEBUG 24-11-07 19:31:02[restartedMain] [DefaultListableBeanFactory:225] - Creating shared instance of singleton bean 'org.springframework.boot.autoconfigure.jdbc.DataSourceJmxConfiguration'
DEBUG 24-11-07 19:31:02[restartedMain] [DefaultListableBeanFactory:225] - Creating shared instance of singleton bean 'org.springframework.boot.autoconfigure.jdbc.metadata.DataSourcePoolMetadataProvidersConfiguration$HikariPoolDataSourceMetadataProviderConfiguration'
DEBUG 24-11-07 19:31:02[restartedMain] [DefaultListableBeanFactory:225] - Creating shared instance of singleton bean 'hikariPoolDataSourceMetadataProvider'
DEBUG 24-11-07 19:31:02[restartedMain] [DefaultListableBeanFactory:225] - Creating shared instance of singleton bean 'org.springframework.boot.autoconfigure.jdbc.metadata.DataSourcePoolMetadataProvidersConfiguration'
DEBUG 24-11-07 19:31:02[restartedMain] [DefaultListableBeanFactory:225] - Creating shared instance of singleton bean 'org.springframework.boot.autoconfigure.jdbc.DataSourceAutoConfiguration'
DEBUG 24-11-07 19:31:02[restartedMain] [DefaultListableBeanFactory:225] - Creating shared instance of singleton bean 'org.mybatis.spring.boot.autoconfigure.MybatisAutoConfiguration$MapperScannerRegistrarNotFoundConfiguration'
DEBUG 24-11-07 19:31:02[restartedMain] [MybatisAutoConfiguration:319] - Not found configuration for registering mapper bean using @MapperScan, MapperFactoryBean and MapperScannerConfigurer.
DEBUG 24-11-07 19:31:02[restartedMain] [DefaultListableBeanFactory:225] - Creating shared instance of singleton bean 'org.springframework.boot.autoconfigure.jmx.JmxAutoConfiguration'
DEBUG 24-11-07 19:31:02[restartedMain] [DefaultListableBeanFactory:225] - Creating shared instance of singleton bean 'spring.jmx-org.springframework.boot.autoconfigure.jmx.JmxProperties'
DEBUG 24-11-07 19:31:02[restartedMain] [DefaultListableBeanFactory:945] - Autowiring by type from bean name 'org.springframework.boot.autoconfigure.jmx.JmxAutoConfiguration' via constructor to bean named 'spring.jmx-org.springframework.boot.autoconfigure.jmx.JmxProperties'
DEBUG 24-11-07 19:31:02[restartedMain] [DefaultListableBeanFactory:225] - Creating shared instance of singleton bean 'mbeanExporter'
DEBUG 24-11-07 19:31:02[restartedMain] [DefaultListableBeanFactory:225] - Creating shared instance of singleton bean 'objectNamingStrategy'
DEBUG 24-11-07 19:31:03[restartedMain] [DefaultListableBeanFactory:945] - Autowiring by type from bean name 'mbeanExporter' via factory method to bean named 'objectNamingStrategy'
DEBUG 24-11-07 19:31:03[restartedMain] [DefaultListableBeanFactory:945] - Autowiring by type from bean name 'mbeanExporter' via factory method to bean named 'org.springframework.beans.factory.support.DefaultListableBeanFactory@74d0fc27'
DEBUG 24-11-07 19:31:03[restartedMain] [DefaultListableBeanFactory:225] - Creating shared instance of singleton bean 'mbeanServer'
DEBUG 24-11-07 19:31:03[restartedMain] [JmxUtils:127] - Found MBeanServer: com.sun.jmx.mbeanserver.JmxMBeanServer@12f40c25
DEBUG 24-11-07 19:31:03[restartedMain] [DefaultListableBeanFactory:225] - Creating shared instance of singleton bean 'org.springframework.boot.autoconfigure.admin.SpringApplicationAdminJmxAutoConfiguration'
DEBUG 24-11-07 19:31:03[restartedMain] [DefaultListableBeanFactory:225] - Creating shared instance of singleton bean 'springApplicationAdminRegistrar'
DEBUG 24-11-07 19:31:03[restartedMain] [DefaultListableBeanFactory:945] - Autowiring by type from bean name 'springApplicationAdminRegistrar' via factory method to bean named 'environment'
DEBUG 24-11-07 19:31:03[restartedMain] [SpringApplicationAdminMXBeanRegistrar$SpringApplicationAdmin:131] - Application Admin MBean registered with name 'org.springframework.boot:type=Admin,name=SpringApplication'
DEBUG 24-11-07 19:31:03[restartedMain] [DefaultListableBeanFactory:225] - Creating shared instance of singleton bean 'org.springframework.boot.autoconfigure.aop.AopAutoConfiguration$ClassProxyingConfiguration'
DEBUG 24-11-07 19:31:03[restartedMain] [DefaultListableBeanFactory:225] - Creating shared instance of singleton bean 'org.springframework.boot.autoconfigure.aop.AopAutoConfiguration'
DEBUG 24-11-07 19:31:03[restartedMain] [DefaultListableBeanFactory:225] - Creating shared instance of singleton bean 'org.springframework.boot.autoconfigure.availability.ApplicationAvailabilityAutoConfiguration'
DEBUG 24-11-07 19:31:03[restartedMain] [DefaultListableBeanFactory:225] - Creating shared instance of singleton bean 'applicationAvailability'
DEBUG 24-11-07 19:31:03[restartedMain] [DefaultListableBeanFactory:225] - Creating shared instance of singleton bean 'org.springframework.boot.autoconfigure.transaction.TransactionManagerCustomizationAutoConfiguration'
DEBUG 24-11-07 19:31:03[restartedMain] [DefaultListableBeanFactory:225] - Creating shared instance of singleton bean 'platformTransactionManagerCustomizers'
DEBUG 24-11-07 19:31:03[restartedMain] [DefaultListableBeanFactory:225] - Creating shared instance of singleton bean 'transactionExecutionListeners'
DEBUG 24-11-07 19:31:03[restartedMain] [DefaultListableBeanFactory:225] - Creating shared instance of singleton bean 'spring.transaction-org.springframework.boot.autoconfigure.transaction.TransactionProperties'
DEBUG 24-11-07 19:31:03[restartedMain] [DefaultListableBeanFactory:225] - Creating shared instance of singleton bean 'org.springframework.boot.autoconfigure.context.ConfigurationPropertiesAutoConfiguration'
DEBUG 24-11-07 19:31:03[restartedMain] [DefaultListableBeanFactory:225] - Creating shared instance of singleton bean 'org.springframework.boot.autoconfigure.context.LifecycleAutoConfiguration'
DEBUG 24-11-07 19:31:03[restartedMain] [DefaultListableBeanFactory:225] - Creating shared instance of singleton bean 'lifecycleProcessor'
DEBUG 24-11-07 19:31:03[restartedMain] [DefaultListableBeanFactory:225] - Creating shared instance of singleton bean 'spring.lifecycle-org.springframework.boot.autoconfigure.context.LifecycleProperties'
DEBUG 24-11-07 19:31:03[restartedMain] [DefaultListableBeanFactory:945] - Autowiring by type from bean name 'lifecycleProcessor' via factory method to bean named 'spring.lifecycle-org.springframework.boot.autoconfigure.context.LifecycleProperties'
DEBUG 24-11-07 19:31:03[restartedMain] [DefaultListableBeanFactory:225] - Creating shared instance of singleton bean 'org.springframework.boot.autoconfigure.dao.PersistenceExceptionTranslationAutoConfiguration'
DEBUG 24-11-07 19:31:03[restartedMain] [DefaultListableBeanFactory:225] - Creating shared instance of singleton bean 'org.springframework.boot.autoconfigure.http.JacksonHttpMessageConvertersConfiguration'
DEBUG 24-11-07 19:31:03[restartedMain] [DefaultListableBeanFactory:225] - Creating shared instance of singleton bean 'org.springframework.boot.autoconfigure.info.ProjectInfoAutoConfiguration'
DEBUG 24-11-07 19:31:03[restartedMain] [DefaultListableBeanFactory:225] - Creating shared instance of singleton bean 'spring.info-org.springframework.boot.autoconfigure.info.ProjectInfoProperties'
DEBUG 24-11-07 19:31:03[restartedMain] [DefaultListableBeanFactory:945] - Autowiring by type from bean name 'org.springframework.boot.autoconfigure.info.ProjectInfoAutoConfiguration' via constructor to bean named 'spring.info-org.springframework.boot.autoconfigure.info.ProjectInfoProperties'
DEBUG 24-11-07 19:31:03[restartedMain] [DefaultListableBeanFactory:225] - Creating shared instance of singleton bean 'org.springframework.boot.autoconfigure.jdbc.JdbcTemplateConfiguration'
DEBUG 24-11-07 19:31:03[restartedMain] [DefaultListableBeanFactory:225] - Creating shared instance of singleton bean 'jdbcTemplate'
DEBUG 24-11-07 19:31:03[restartedMain] [DefaultListableBeanFactory:225] - Creating shared instance of singleton bean 'spring.jdbc-org.springframework.boot.autoconfigure.jdbc.JdbcProperties'
DEBUG 24-11-07 19:31:03[restartedMain] [DefaultListableBeanFactory:945] - Autowiring by type from bean name 'jdbcTemplate' via factory method to bean named 'dataSource'
DEBUG 24-11-07 19:31:03[restartedMain] [DefaultListableBeanFactory:945] - Autowiring by type from bean name 'jdbcTemplate' via factory method to bean named 'spring.jdbc-org.springframework.boot.autoconfigure.jdbc.JdbcProperties'
DEBUG 24-11-07 19:31:03[restartedMain] [DefaultListableBeanFactory:225] - Creating shared instance of singleton bean 'org.springframework.boot.autoconfigure.jdbc.NamedParameterJdbcTemplateConfiguration'
DEBUG 24-11-07 19:31:03[restartedMain] [DefaultListableBeanFactory:225] - Creating shared instance of singleton bean 'namedParameterJdbcTemplate'
DEBUG 24-11-07 19:31:03[restartedMain] [DefaultListableBeanFactory:945] - Autowiring by type from bean name 'namedParameterJdbcTemplate' via factory method to bean named 'jdbcTemplate'
DEBUG 24-11-07 19:31:03[restartedMain] [DefaultListableBeanFactory:225] - Creating shared instance of singleton bean 'org.springframework.boot.autoconfigure.jdbc.JdbcTemplateAutoConfiguration'
DEBUG 24-11-07 19:31:03[restartedMain] [DefaultListableBeanFactory:225] - Creating shared instance of singleton bean 'org.springframework.boot.autoconfigure.jdbc.JdbcClientAutoConfiguration'
DEBUG 24-11-07 19:31:03[restartedMain] [DefaultListableBeanFactory:225] - Creating shared instance of singleton bean 'jdbcClient'
DEBUG 24-11-07 19:31:03[restartedMain] [DefaultListableBeanFactory:945] - Autowiring by type from bean name 'jdbcClient' via factory method to bean named 'namedParameterJdbcTemplate'
DEBUG 24-11-07 19:31:03[restartedMain] [DefaultListableBeanFactory:225] - Creating shared instance of singleton bean 'org.springframework.boot.autoconfigure.security.servlet.SpringBootWebSecurityConfiguration'
DEBUG 24-11-07 19:31:03[restartedMain] [DefaultListableBeanFactory:225] - Creating shared instance of singleton bean 'org.springframework.boot.autoconfigure.sql.init.SqlInitializationAutoConfiguration'
DEBUG 24-11-07 19:31:03[restartedMain] [DefaultListableBeanFactory:225] - Creating shared instance of singleton bean 'org.springframework.boot.autoconfigure.task.TaskSchedulingConfigurations$ThreadPoolTaskSchedulerBuilderConfiguration'
DEBUG 24-11-07 19:31:03[restartedMain] [DefaultListableBeanFactory:225] - Creating shared instance of singleton bean 'threadPoolTaskSchedulerBuilder'
DEBUG 24-11-07 19:31:03[restartedMain] [DefaultListableBeanFactory:225] - Creating shared instance of singleton bean 'spring.task.scheduling-org.springframework.boot.autoconfigure.task.TaskSchedulingProperties'
DEBUG 24-11-07 19:31:03[restartedMain] [DefaultListableBeanFactory:945] - Autowiring by type from bean name 'threadPoolTaskSchedulerBuilder' via factory method to bean named 'spring.task.scheduling-org.springframework.boot.autoconfigure.task.TaskSchedulingProperties'
DEBUG 24-11-07 19:31:03[restartedMain] [DefaultListableBeanFactory:225] - Creating shared instance of singleton bean 'org.springframework.boot.autoconfigure.task.TaskSchedulingConfigurations$TaskSchedulerBuilderConfiguration'
DEBUG 24-11-07 19:31:03[restartedMain] [DefaultListableBeanFactory:225] - Creating shared instance of singleton bean 'taskSchedulerBuilder'
DEBUG 24-11-07 19:31:03[restartedMain] [DefaultListableBeanFactory:945] - Autowiring by type from bean name 'taskSchedulerBuilder' via factory method to bean named 'spring.task.scheduling-org.springframework.boot.autoconfigure.task.TaskSchedulingProperties'
DEBUG 24-11-07 19:31:03[restartedMain] [DefaultListableBeanFactory:225] - Creating shared instance of singleton bean 'org.springframework.boot.autoconfigure.task.TaskSchedulingConfigurations$SimpleAsyncTaskSchedulerBuilderConfiguration'
DEBUG 24-11-07 19:31:03[restartedMain] [DefaultListableBeanFactory:945] - Autowiring by type from bean name 'org.springframework.boot.autoconfigure.task.TaskSchedulingConfigurations$SimpleAsyncTaskSchedulerBuilderConfiguration' via constructor to bean named 'spring.task.scheduling-org.springframework.boot.autoconfigure.task.TaskSchedulingProperties'
DEBUG 24-11-07 19:31:03[restartedMain] [DefaultListableBeanFactory:225] - Creating shared instance of singleton bean 'simpleAsyncTaskSchedulerBuilder'
DEBUG 24-11-07 19:31:03[restartedMain] [DefaultListableBeanFactory:225] - Creating shared instance of singleton bean 'org.springframework.boot.autoconfigure.task.TaskSchedulingAutoConfiguration'
DEBUG 24-11-07 19:31:03[restartedMain] [DefaultListableBeanFactory:225] - Creating shared instance of singleton bean 'org.springframework.boot.autoconfigure.jdbc.DataSourceTransactionManagerAutoConfiguration$JdbcTransactionManagerConfiguration'
DEBUG 24-11-07 19:31:03[restartedMain] [DefaultListableBeanFactory:225] - Creating shared instance of singleton bean 'transactionManager'
DEBUG 24-11-07 19:31:03[restartedMain] [DefaultListableBeanFactory:945] - Autowiring by type from bean name 'transactionManager' via factory method to bean named 'environment'
DEBUG 24-11-07 19:31:03[restartedMain] [DefaultListableBeanFactory:945] - Autowiring by type from bean name 'transactionManager' via factory method to bean named 'dataSource'
DEBUG 24-11-07 19:31:03[restartedMain] [DefaultListableBeanFactory:225] - Creating shared instance of singleton bean 'org.springframework.boot.autoconfigure.jdbc.DataSourceTransactionManagerAutoConfiguration'
DEBUG 24-11-07 19:31:03[restartedMain] [DefaultListableBeanFactory:225] - Creating shared instance of singleton bean 'org.springframework.boot.autoconfigure.transaction.TransactionAutoConfiguration$EnableTransactionManagementConfiguration$CglibAutoProxyConfiguration'
DEBUG 24-11-07 19:31:03[restartedMain] [DefaultListableBeanFactory:225] - Creating shared instance of singleton bean 'org.springframework.boot.autoconfigure.transaction.TransactionAutoConfiguration$EnableTransactionManagementConfiguration'
DEBUG 24-11-07 19:31:03[restartedMain] [DefaultListableBeanFactory:225] - Creating shared instance of singleton bean 'org.springframework.boot.autoconfigure.transaction.TransactionAutoConfiguration$TransactionTemplateConfiguration'
DEBUG 24-11-07 19:31:03[restartedMain] [DefaultListableBeanFactory:225] - Creating shared instance of singleton bean 'transactionTemplate'
DEBUG 24-11-07 19:31:03[restartedMain] [DefaultListableBeanFactory:945] - Autowiring by type from bean name 'transactionTemplate' via factory method to bean named 'transactionManager'
DEBUG 24-11-07 19:31:03[restartedMain] [DefaultListableBeanFactory:225] - Creating shared instance of singleton bean 'org.springframework.boot.autoconfigure.transaction.TransactionAutoConfiguration'
DEBUG 24-11-07 19:31:03[restartedMain] [DefaultListableBeanFactory:225] - Creating shared instance of singleton bean 'org.springframework.boot.autoconfigure.web.client.RestClientAutoConfiguration'
DEBUG 24-11-07 19:31:03[restartedMain] [DefaultListableBeanFactory:225] - Creating shared instance of singleton bean 'httpMessageConvertersRestClientCustomizer'
DEBUG 24-11-07 19:31:03[restartedMain] [DefaultListableBeanFactory:225] - Creating shared instance of singleton bean 'restClientSsl'
DEBUG 24-11-07 19:31:03[restartedMain] [DefaultListableBeanFactory:945] - Autowiring by type from bean name 'restClientSsl' via factory method to bean named 'sslBundleRegistry'
DEBUG 24-11-07 19:31:03[restartedMain] [DefaultListableBeanFactory:225] - Creating shared instance of singleton bean 'restClientBuilderConfigurer'
DEBUG 24-11-07 19:31:03[restartedMain] [DefaultListableBeanFactory:225] - Creating shared instance of singleton bean 'org.springframework.boot.autoconfigure.web.client.RestTemplateAutoConfiguration'
DEBUG 24-11-07 19:31:03[restartedMain] [DefaultListableBeanFactory:225] - Creating shared instance of singleton bean 'org.springframework.boot.autoconfigure.web.embedded.EmbeddedWebServerFactoryCustomizerAutoConfiguration'
DEBUG 24-11-07 19:31:03[restartedMain] [DefaultListableBeanFactory:225] - Creating shared instance of singleton bean 'multipartResolver'
DEBUG 24-11-07 19:31:03[restartedMain] [DefaultListableBeanFactory:225] - Creating shared instance of singleton bean 'eagerStompWebSocketHandlerMapping'
DEBUG 24-11-07 19:31:03[restartedMain] [DefaultListableBeanFactory:225] - Creating shared instance of singleton bean 'org.springframework.boot.autoconfigure.websocket.servlet.WebSocketMessagingAutoConfiguration'
DEBUG 24-11-07 19:31:03[restartedMain] [DefaultListableBeanFactory:225] - Creating shared instance of singleton bean 'org.springframework.boot.devtools.autoconfigure.DevToolsDataSourceAutoConfiguration'
DEBUG 24-11-07 19:31:03[restartedMain] [DefaultListableBeanFactory:225] - Creating shared instance of singleton bean 'inMemoryDatabaseShutdownExecutor'
DEBUG 24-11-07 19:31:03[restartedMain] [DefaultListableBeanFactory:945] - Autowiring by type from bean name 'inMemoryDatabaseShutdownExecutor' via factory method to bean named 'dataSource'
DEBUG 24-11-07 19:31:03[restartedMain] [DefaultListableBeanFactory:945] - Autowiring by type from bean name 'inMemoryDatabaseShutdownExecutor' via factory method to bean named 'spring.datasource-org.springframework.boot.autoconfigure.jdbc.DataSourceProperties'
DEBUG 24-11-07 19:31:03[restartedMain] [DefaultListableBeanFactory:225] - Creating shared instance of singleton bean 'org.springframework.boot.devtools.autoconfigure.LocalDevToolsAutoConfiguration$RestartConfiguration'
DEBUG 24-11-07 19:31:03[restartedMain] [DefaultListableBeanFactory:225] - Creating shared instance of singleton bean 'spring.devtools-org.springframework.boot.devtools.autoconfigure.DevToolsProperties'
DEBUG 24-11-07 19:31:03[restartedMain] [DefaultListableBeanFactory:945] - Autowiring by type from bean name 'org.springframework.boot.devtools.autoconfigure.LocalDevToolsAutoConfiguration$RestartConfiguration' via constructor to bean named 'spring.devtools-org.springframework.boot.devtools.autoconfigure.DevToolsProperties'
DEBUG 24-11-07 19:31:03[restartedMain] [DefaultListableBeanFactory:225] - Creating shared instance of singleton bean 'restartingClassPathChangedEventListener'
DEBUG 24-11-07 19:31:03[restartedMain] [DefaultListableBeanFactory:225] - Creating shared instance of singleton bean 'fileSystemWatcherFactory'
DEBUG 24-11-07 19:31:03[restartedMain] [DefaultListableBeanFactory:945] - Autowiring by type from bean name 'restartingClassPathChangedEventListener' via factory method to bean named 'fileSystemWatcherFactory'
DEBUG 24-11-07 19:31:03[restartedMain] [DefaultListableBeanFactory:225] - Creating shared instance of singleton bean 'classPathFileSystemWatcher'
DEBUG 24-11-07 19:31:03[restartedMain] [DefaultListableBeanFactory:225] - Creating shared instance of singleton bean 'classPathRestartStrategy'
DEBUG 24-11-07 19:31:03[restartedMain] [DefaultListableBeanFactory:945] - Autowiring by type from bean name 'classPathFileSystemWatcher' via factory method to bean named 'fileSystemWatcherFactory'
DEBUG 24-11-07 19:31:03[restartedMain] [DefaultListableBeanFactory:945] - Autowiring by type from bean name 'classPathFileSystemWatcher' via factory method to bean named 'classPathRestartStrategy'
DEBUG 24-11-07 19:31:03[restartedMain] [DefaultListableBeanFactory:225] - Creating shared instance of singleton bean 'conditionEvaluationDeltaLoggingListener'
DEBUG 24-11-07 19:31:03[restartedMain] [DefaultListableBeanFactory:225] - Creating shared instance of singleton bean 'org.springframework.boot.devtools.autoconfigure.LocalDevToolsAutoConfiguration$LiveReloadConfiguration'
DEBUG 24-11-07 19:31:03[restartedMain] [DefaultListableBeanFactory:225] - Creating shared instance of singleton bean 'optionalLiveReloadServer'
DEBUG 24-11-07 19:31:03[restartedMain] [DefaultListableBeanFactory:945] - Autowiring by type from bean name 'optionalLiveReloadServer' via factory method to bean named 'liveReloadServer'
INFO  24-11-07 19:31:03[restartedMain] [OptionalLiveReloadServer:59] - LiveReload server is running on port 35729
DEBUG 24-11-07 19:31:03[restartedMain] [DefaultListableBeanFactory:225] - Creating shared instance of singleton bean 'liveReloadServerEventListener'
DEBUG 24-11-07 19:31:03[restartedMain] [DefaultListableBeanFactory:945] - Autowiring by type from bean name 'liveReloadServerEventListener' via factory method to bean named 'optionalLiveReloadServer'
DEBUG 24-11-07 19:31:03[restartedMain] [DefaultListableBeanFactory:225] - Creating shared instance of singleton bean 'org.springframework.boot.devtools.autoconfigure.LocalDevToolsAutoConfiguration'
DEBUG 24-11-07 19:31:03[restartedMain] [AnnotationMBeanExporter:450] - Registering beans for JMX exposure on startup
DEBUG 24-11-07 19:31:03[restartedMain] [AnnotationMBeanExporter:557] - Auto-detecting user-defined JMX MBeans
DEBUG 24-11-07 19:31:03[restartedMain] [AnnotationMBeanExporter:911] - Bean with name 'dataSource' has been autodetected for JMX exposure
DEBUG 24-11-07 19:31:03[restartedMain] [AnnotationMBeanExporter:684] - Located MBean 'dataSource': registering with JMX server as MBean [com.zaxxer.hikari:name=dataSource,type=HikariDataSource]
DEBUG 24-11-07 19:31:03[restartedMain] [DefaultLifecycleProcessor:466] - Starting beans in phase -2147483647
DEBUG 24-11-07 19:31:03[restartedMain] [DefaultLifecycleProcessor:291] - Successfully started bean 'springBootLoggingLifecycle'
DEBUG 24-11-07 19:31:03[restartedMain] [DefaultLifecycleProcessor:466] - Starting beans in phase 2147481599
INFO  24-11-07 19:31:03[restartedMain] [Http11NioProtocol:173] - Starting ProtocolHandler ["http-nio-8088"]
INFO  24-11-07 19:31:03[restartedMain] [TomcatWebServer:243] - Tomcat started on port 8088 (http) with context path '/'
DEBUG 24-11-07 19:31:03[restartedMain] [DefaultLifecycleProcessor:291] - Successfully started bean 'webServerStartStop'
DEBUG 24-11-07 19:31:03[restartedMain] [DefaultLifecycleProcessor:466] - Starting beans in phase 2147482623
DEBUG 24-11-07 19:31:03[restartedMain] [DefaultLifecycleProcessor:291] - Successfully started bean 'webServerGracefulShutdown'
DEBUG 24-11-07 19:31:03[restartedMain] [DefaultLifecycleProcessor:466] - Starting beans in phase 2147483647
DEBUG 24-11-07 19:31:03[restartedMain] [ExecutorSubscribableChannel:127] - clientOutboundChannel added SubProtocolWebSocketHandler[StompSubProtocolHandler[v10.stomp, v11.stomp, v12.stomp]]
DEBUG 24-11-07 19:31:03[restartedMain] [DefaultLifecycleProcessor:291] - Successfully started bean 'subProtocolWebSocketHandler'
DEBUG 24-11-07 19:31:03[restartedMain] [DefaultLifecycleProcessor:291] - Successfully started bean 'stompWebSocketHandlerMapping'
DEBUG 24-11-07 19:31:03[restartedMain] [ExecutorSubscribableChannel:127] - clientInboundChannel added WebSocketAnnotationMethodMessageHandler[prefixes=[/pub/]]
DEBUG 24-11-07 19:31:03[restartedMain] [DefaultLifecycleProcessor:291] - Successfully started bean 'simpAnnotationMethodMessageHandler'
INFO  24-11-07 19:31:03[restartedMain] [SimpleBrokerMessageHandler:117] - Starting...
DEBUG 24-11-07 19:31:03[restartedMain] [ExecutorSubscribableChannel:127] - clientInboundChannel added SimpleBrokerMessageHandler [org.springframework.messaging.simp.broker.DefaultSubscriptionRegistry@f8b2aa5]
DEBUG 24-11-07 19:31:03[restartedMain] [ExecutorSubscribableChannel:127] - brokerChannel added SimpleBrokerMessageHandler [org.springframework.messaging.simp.broker.DefaultSubscriptionRegistry@f8b2aa5]
INFO  24-11-07 19:31:03[restartedMain] [SimpleBrokerMessageHandler:117] - BrokerAvailabilityEvent[available=true, SimpleBrokerMessageHandler [org.springframework.messaging.simp.broker.DefaultSubscriptionRegistry@f8b2aa5]]
INFO  24-11-07 19:31:03[restartedMain] [SimpleBrokerMessageHandler:117] - Started.
DEBUG 24-11-07 19:31:03[restartedMain] [DefaultLifecycleProcessor:291] - Successfully started bean 'simpleBrokerMessageHandler'
DEBUG 24-11-07 19:31:03[restartedMain] [ExecutorSubscribableChannel:127] - clientInboundChannel added UserDestinationMessageHandler[DefaultUserDestinationResolver[prefix=/user/]]
DEBUG 24-11-07 19:31:03[restartedMain] [ExecutorSubscribableChannel:127] - brokerChannel added UserDestinationMessageHandler[DefaultUserDestinationResolver[prefix=/user/]]
DEBUG 24-11-07 19:31:03[restartedMain] [DefaultLifecycleProcessor:291] - Successfully started bean 'userDestinationMessageHandler'
DEBUG 24-11-07 19:31:03[restartedMain] [ConditionEvaluationReportLogger:72] - 


============================
CONDITIONS EVALUATION REPORT
============================


Positive matches:
-----------------

   AopAutoConfiguration matched:
      - @ConditionalOnProperty (spring.aop.auto=true) matched (OnPropertyCondition)

   AopAutoConfiguration.ClassProxyingConfiguration matched:
      - @ConditionalOnMissingClass did not find unwanted class 'org.aspectj.weaver.Advice' (OnClassCondition)
      - @ConditionalOnProperty (spring.aop.proxy-target-class=true) matched (OnPropertyCondition)

   ApplicationAvailabilityAutoConfiguration#applicationAvailability matched:
      - @ConditionalOnMissingBean (types: org.springframework.boot.availability.ApplicationAvailability; SearchStrategy: all) did not find any beans (OnBeanCondition)

   DataSourceAutoConfiguration matched:
      - @ConditionalOnClass found required classes 'javax.sql.DataSource', 'org.springframework.jdbc.datasource.embedded.EmbeddedDatabaseType' (OnClassCondition)
      - @ConditionalOnMissingBean (types: io.r2dbc.spi.ConnectionFactory; SearchStrategy: all) did not find any beans (OnBeanCondition)

   DataSourceAutoConfiguration.PooledDataSourceConfiguration matched:
      - AnyNestedCondition 1 matched 1 did not; NestedCondition on DataSourceAutoConfiguration.PooledDataSourceCondition.PooledDataSourceAvailable PooledDataSource found supported DataSource; NestedCondition on DataSourceAutoConfiguration.PooledDataSourceCondition.ExplicitType @ConditionalOnProperty (spring.datasource.type) did not find property 'type' (DataSourceAutoConfiguration.PooledDataSourceCondition)
      - @ConditionalOnMissingBean (types: javax.sql.DataSource,javax.sql.XADataSource; SearchStrategy: all) did not find any beans (OnBeanCondition)

   DataSourceAutoConfiguration.PooledDataSourceConfiguration#jdbcConnectionDetails matched:
      - @ConditionalOnMissingBean (types: org.springframework.boot.autoconfigure.jdbc.JdbcConnectionDetails; SearchStrategy: all) did not find any beans (OnBeanCondition)

   DataSourceConfiguration.Hikari matched:
      - @ConditionalOnClass found required class 'com.zaxxer.hikari.HikariDataSource' (OnClassCondition)
      - @ConditionalOnProperty (spring.datasource.type=com.zaxxer.hikari.HikariDataSource) matched (OnPropertyCondition)
      - @ConditionalOnMissingBean (types: javax.sql.DataSource; SearchStrategy: all) did not find any beans (OnBeanCondition)

   DataSourceInitializationConfiguration matched:
      - @ConditionalOnClass found required class 'org.springframework.jdbc.datasource.init.DatabasePopulator' (OnClassCondition)
      - @ConditionalOnSingleCandidate (types: javax.sql.DataSource; SearchStrategy: all) found a single bean 'dataSource'; @ConditionalOnMissingBean (types: org.springframework.boot.autoconfigure.sql.init.SqlDataSourceScriptDatabaseInitializer,org.springframework.boot.autoconfigure.sql.init.SqlR2dbcScriptDatabaseInitializer; SearchStrategy: all) did not find any beans (OnBeanCondition)

   DataSourceJmxConfiguration matched:
      - @ConditionalOnProperty (spring.jmx.enabled=true) matched (OnPropertyCondition)

   DataSourceJmxConfiguration.Hikari matched:
      - @ConditionalOnClass found required class 'com.zaxxer.hikari.HikariDataSource' (OnClassCondition)
      - @ConditionalOnSingleCandidate (types: javax.sql.DataSource; SearchStrategy: all) found a single bean 'dataSource' (OnBeanCondition)

   DataSourcePoolMetadataProvidersConfiguration.HikariPoolDataSourceMetadataProviderConfiguration matched:
      - @ConditionalOnClass found required class 'com.zaxxer.hikari.HikariDataSource' (OnClassCondition)

   DataSourceTransactionManagerAutoConfiguration matched:
      - @ConditionalOnClass found required classes 'javax.sql.DataSource', 'org.springframework.jdbc.core.JdbcTemplate', 'org.springframework.transaction.TransactionManager' (OnClassCondition)

   DataSourceTransactionManagerAutoConfiguration.JdbcTransactionManagerConfiguration matched:
      - @ConditionalOnSingleCandidate (types: javax.sql.DataSource; SearchStrategy: all) found a single bean 'dataSource' (OnBeanCondition)

   DataSourceTransactionManagerAutoConfiguration.JdbcTransactionManagerConfiguration#transactionManager matched:
      - @ConditionalOnMissingBean (types: org.springframework.transaction.TransactionManager; SearchStrategy: all) did not find any beans (OnBeanCondition)

   DevToolsDataSourceAutoConfiguration matched:
      - @ConditionalOnClass found required class 'javax.sql.DataSource' (OnClassCondition)
      - Devtools devtools enabled. (OnEnabledDevToolsCondition)
      - DevTools DataSource Condition found auto-configured DataSource (DevToolsDataSourceAutoConfiguration.DevToolsDataSourceCondition)

   DispatcherServletAutoConfiguration matched:
      - @ConditionalOnClass found required class 'org.springframework.web.servlet.DispatcherServlet' (OnClassCondition)
      - found 'session' scope (OnWebApplicationCondition)

   DispatcherServletAutoConfiguration.DispatcherServletConfiguration matched:
      - @ConditionalOnClass found required class 'jakarta.servlet.ServletRegistration' (OnClassCondition)
      - Default DispatcherServlet did not find dispatcher servlet beans (DispatcherServletAutoConfiguration.DefaultDispatcherServletCondition)

   DispatcherServletAutoConfiguration.DispatcherServletRegistrationConfiguration matched:
      - @ConditionalOnClass found required class 'jakarta.servlet.ServletRegistration' (OnClassCondition)
      - DispatcherServlet Registration did not find servlet registration bean (DispatcherServletAutoConfiguration.DispatcherServletRegistrationCondition)

   DispatcherServletAutoConfiguration.DispatcherServletRegistrationConfiguration#dispatcherServletRegistration matched:
      - @ConditionalOnBean (names: dispatcherServlet types: org.springframework.web.servlet.DispatcherServlet; SearchStrategy: all) found bean 'dispatcherServlet' (OnBeanCondition)

   EmbeddedWebServerFactoryCustomizerAutoConfiguration matched:
      - @ConditionalOnWebApplication (required) found 'session' scope (OnWebApplicationCondition)
      - @ConditionalOnWarDeployment the application is not deployed as a WAR file. (OnWarDeploymentCondition)

   EmbeddedWebServerFactoryCustomizerAutoConfiguration.TomcatWebServerFactoryCustomizerConfiguration matched:
      - @ConditionalOnClass found required classes 'org.apache.catalina.startup.Tomcat', 'org.apache.coyote.UpgradeProtocol' (OnClassCondition)

   ErrorMvcAutoConfiguration matched:
      - @ConditionalOnClass found required classes 'jakarta.servlet.Servlet', 'org.springframework.web.servlet.DispatcherServlet' (OnClassCondition)
      - found 'session' scope (OnWebApplicationCondition)

   ErrorMvcAutoConfiguration#basicErrorController matched:
      - @ConditionalOnMissingBean (types: org.springframework.boot.web.servlet.error.ErrorController; SearchStrategy: current) did not find any beans (OnBeanCondition)

   ErrorMvcAutoConfiguration#errorAttributes matched:
      - @ConditionalOnMissingBean (types: org.springframework.boot.web.servlet.error.ErrorAttributes; SearchStrategy: current) did not find any beans (OnBeanCondition)

   ErrorMvcAutoConfiguration.DefaultErrorViewResolverConfiguration#conventionErrorViewResolver matched:
      - @ConditionalOnBean (types: org.springframework.web.servlet.DispatcherServlet; SearchStrategy: all) found bean 'dispatcherServlet'; @ConditionalOnMissingBean (types: org.springframework.boot.autoconfigure.web.servlet.error.ErrorViewResolver; SearchStrategy: all) did not find any beans (OnBeanCondition)

   ErrorMvcAutoConfiguration.WhitelabelErrorViewConfiguration matched:
      - @ConditionalOnProperty (server.error.whitelabel.enabled) matched (OnPropertyCondition)
      - ErrorTemplate Missing did not find error template view (ErrorMvcAutoConfiguration.ErrorTemplateMissingCondition)

   ErrorMvcAutoConfiguration.WhitelabelErrorViewConfiguration#beanNameViewResolver matched:
      - @ConditionalOnMissingBean (types: org.springframework.web.servlet.view.BeanNameViewResolver; SearchStrategy: all) did not find any beans (OnBeanCondition)

   ErrorMvcAutoConfiguration.WhitelabelErrorViewConfiguration#defaultErrorView matched:
      - @ConditionalOnMissingBean (names: error; SearchStrategy: all) did not find any beans (OnBeanCondition)

   GenericCacheConfiguration matched:
      - Cache org.springframework.boot.autoconfigure.cache.GenericCacheConfiguration automatic cache type (CacheCondition)

   HttpEncodingAutoConfiguration matched:
      - @ConditionalOnClass found required class 'org.springframework.web.filter.CharacterEncodingFilter' (OnClassCondition)
      - found 'session' scope (OnWebApplicationCondition)
      - @ConditionalOnProperty (server.servlet.encoding.enabled) matched (OnPropertyCondition)

   HttpEncodingAutoConfiguration#characterEncodingFilter matched:
      - @ConditionalOnMissingBean (types: org.springframework.web.filter.CharacterEncodingFilter; SearchStrategy: all) did not find any beans (OnBeanCondition)

   HttpMessageConvertersAutoConfiguration matched:
      - @ConditionalOnClass found required class 'org.springframework.http.converter.HttpMessageConverter' (OnClassCondition)
      - NoneNestedConditions 0 matched 1 did not; NestedCondition on HttpMessageConvertersAutoConfiguration.NotReactiveWebApplicationCondition.ReactiveWebApplication did not find reactive web application classes (HttpMessageConvertersAutoConfiguration.NotReactiveWebApplicationCondition)

   HttpMessageConvertersAutoConfiguration#messageConverters matched:
      - @ConditionalOnMissingBean (types: org.springframework.boot.autoconfigure.http.HttpMessageConverters; SearchStrategy: all) did not find any beans (OnBeanCondition)

   HttpMessageConvertersAutoConfiguration.StringHttpMessageConverterConfiguration matched:
      - @ConditionalOnClass found required class 'org.springframework.http.converter.StringHttpMessageConverter' (OnClassCondition)

   HttpMessageConvertersAutoConfiguration.StringHttpMessageConverterConfiguration#stringHttpMessageConverter matched:
      - @ConditionalOnMissingBean (types: org.springframework.http.converter.StringHttpMessageConverter; SearchStrategy: all) did not find any beans (OnBeanCondition)

   JacksonAutoConfiguration matched:
      - @ConditionalOnClass found required class 'com.fasterxml.jackson.databind.ObjectMapper' (OnClassCondition)

   JacksonAutoConfiguration.Jackson2ObjectMapperBuilderCustomizerConfiguration matched:
      - @ConditionalOnClass found required class 'org.springframework.http.converter.json.Jackson2ObjectMapperBuilder' (OnClassCondition)

   JacksonAutoConfiguration.JacksonObjectMapperBuilderConfiguration matched:
      - @ConditionalOnClass found required class 'org.springframework.http.converter.json.Jackson2ObjectMapperBuilder' (OnClassCondition)

   JacksonAutoConfiguration.JacksonObjectMapperBuilderConfiguration#jacksonObjectMapperBuilder matched:
      - @ConditionalOnMissingBean (types: org.springframework.http.converter.json.Jackson2ObjectMapperBuilder; SearchStrategy: all) did not find any beans (OnBeanCondition)

   JacksonAutoConfiguration.JacksonObjectMapperConfiguration matched:
      - @ConditionalOnClass found required class 'org.springframework.http.converter.json.Jackson2ObjectMapperBuilder' (OnClassCondition)

   JacksonAutoConfiguration.JacksonObjectMapperConfiguration#jacksonObjectMapper matched:
      - @ConditionalOnMissingBean (types: com.fasterxml.jackson.databind.ObjectMapper; SearchStrategy: all) did not find any beans (OnBeanCondition)

   JacksonAutoConfiguration.ParameterNamesModuleConfiguration matched:
      - @ConditionalOnClass found required class 'com.fasterxml.jackson.module.paramnames.ParameterNamesModule' (OnClassCondition)

   JacksonAutoConfiguration.ParameterNamesModuleConfiguration#parameterNamesModule matched:
      - @ConditionalOnMissingBean (types: com.fasterxml.jackson.module.paramnames.ParameterNamesModule; SearchStrategy: all) did not find any beans (OnBeanCondition)

   JacksonHttpMessageConvertersConfiguration.MappingJackson2HttpMessageConverterConfiguration matched:
      - @ConditionalOnClass found required class 'com.fasterxml.jackson.databind.ObjectMapper' (OnClassCondition)
      - @ConditionalOnProperty (spring.mvc.converters.preferred-json-mapper=jackson) matched (OnPropertyCondition)
      - @ConditionalOnBean (types: com.fasterxml.jackson.databind.ObjectMapper; SearchStrategy: all) found bean 'jacksonObjectMapper' (OnBeanCondition)

   JacksonHttpMessageConvertersConfiguration.MappingJackson2HttpMessageConverterConfiguration#mappingJackson2HttpMessageConverter matched:
      - @ConditionalOnMissingBean (types: org.springframework.http.converter.json.MappingJackson2HttpMessageConverter ignored: org.springframework.hateoas.server.mvc.TypeConstrainedMappingJackson2HttpMessageConverter,org.springframework.data.rest.webmvc.alps.AlpsJsonHttpMessageConverter; SearchStrategy: all) did not find any beans (OnBeanCondition)

   JdbcClientAutoConfiguration matched:
      - @ConditionalOnSingleCandidate (types: org.springframework.jdbc.core.namedparam.NamedParameterJdbcTemplate; SearchStrategy: all) found a single bean 'namedParameterJdbcTemplate'; @ConditionalOnMissingBean (types: org.springframework.jdbc.core.simple.JdbcClient; SearchStrategy: all) did not find any beans (OnBeanCondition)

   JdbcTemplateAutoConfiguration matched:
      - @ConditionalOnClass found required classes 'javax.sql.DataSource', 'org.springframework.jdbc.core.JdbcTemplate' (OnClassCondition)
      - @ConditionalOnSingleCandidate (types: javax.sql.DataSource; SearchStrategy: all) found a single bean 'dataSource' (OnBeanCondition)

   JdbcTemplateConfiguration matched:
      - @ConditionalOnMissingBean (types: org.springframework.jdbc.core.JdbcOperations; SearchStrategy: all) did not find any beans (OnBeanCondition)

   JmxAutoConfiguration matched:
      - @ConditionalOnClass found required class 'org.springframework.jmx.export.MBeanExporter' (OnClassCondition)
      - @ConditionalOnProperty (spring.jmx.enabled=true) matched (OnPropertyCondition)

   JmxAutoConfiguration#mbeanExporter matched:
      - @ConditionalOnMissingBean (types: org.springframework.jmx.export.MBeanExporter; SearchStrategy: current) did not find any beans (OnBeanCondition)

   JmxAutoConfiguration#mbeanServer matched:
      - @ConditionalOnMissingBean (types: javax.management.MBeanServer; SearchStrategy: all) did not find any beans (OnBeanCondition)

   JmxAutoConfiguration#objectNamingStrategy matched:
      - @ConditionalOnMissingBean (types: org.springframework.jmx.export.naming.ObjectNamingStrategy; SearchStrategy: current) did not find any beans (OnBeanCondition)

   LifecycleAutoConfiguration#defaultLifecycleProcessor matched:
      - @ConditionalOnMissingBean (names: lifecycleProcessor; SearchStrategy: current) did not find any beans (OnBeanCondition)

   LocalDevToolsAutoConfiguration matched:
      - Initialized Restarter Condition available and initialized (OnInitializedRestarterCondition)

   LocalDevToolsAutoConfiguration.LiveReloadConfiguration matched:
      - @ConditionalOnProperty (spring.devtools.livereload.enabled) matched (OnPropertyCondition)

   LocalDevToolsAutoConfiguration.LiveReloadConfiguration#liveReloadServer matched:
      - @ConditionalOnMissingBean (types: org.springframework.boot.devtools.livereload.LiveReloadServer; SearchStrategy: all) did not find any beans (OnBeanCondition)

   LocalDevToolsAutoConfiguration.RestartConfiguration matched:
      - @ConditionalOnProperty (spring.devtools.restart.enabled) matched (OnPropertyCondition)

   LocalDevToolsAutoConfiguration.RestartConfiguration#classPathFileSystemWatcher matched:
      - @ConditionalOnMissingBean (types: org.springframework.boot.devtools.classpath.ClassPathFileSystemWatcher; SearchStrategy: all) did not find any beans (OnBeanCondition)

   LocalDevToolsAutoConfiguration.RestartConfiguration#classPathRestartStrategy matched:
      - @ConditionalOnMissingBean (types: org.springframework.boot.devtools.classpath.ClassPathRestartStrategy; SearchStrategy: all) did not find any beans (OnBeanCondition)

   LocalDevToolsAutoConfiguration.RestartConfiguration#conditionEvaluationDeltaLoggingListener matched:
      - @ConditionalOnProperty (spring.devtools.restart.log-condition-evaluation-delta) matched (OnPropertyCondition)

   MultipartAutoConfiguration matched:
      - @ConditionalOnClass found required classes 'jakarta.servlet.Servlet', 'org.springframework.web.multipart.support.StandardServletMultipartResolver', 'jakarta.servlet.MultipartConfigElement' (OnClassCondition)
      - found 'session' scope (OnWebApplicationCondition)
      - @ConditionalOnProperty (spring.servlet.multipart.enabled) matched (OnPropertyCondition)

   MultipartAutoConfiguration#multipartConfigElement matched:
      - @ConditionalOnMissingBean (types: jakarta.servlet.MultipartConfigElement; SearchStrategy: all) did not find any beans (OnBeanCondition)

   MultipartAutoConfiguration#multipartResolver matched:
      - @ConditionalOnMissingBean (types: org.springframework.web.multipart.MultipartResolver; SearchStrategy: all) did not find any beans (OnBeanCondition)

   MustacheAutoConfiguration matched:
      - @ConditionalOnClass found required class 'com.samskivert.mustache.Mustache' (OnClassCondition)

   MustacheAutoConfiguration#mustacheCompiler matched:
      - @ConditionalOnMissingBean (types: com.samskivert.mustache.Mustache$Compiler; SearchStrategy: all) did not find any beans (OnBeanCondition)

   MustacheAutoConfiguration#mustacheTemplateLoader matched:
      - @ConditionalOnMissingBean (types: com.samskivert.mustache.Mustache$TemplateLoader; SearchStrategy: all) did not find any beans (OnBeanCondition)

   MustacheServletWebConfiguration matched:
      - @ConditionalOnClass found required class 'org.springframework.boot.web.servlet.view.MustacheViewResolver' (OnClassCondition)
      - found 'session' scope (OnWebApplicationCondition)

   MustacheServletWebConfiguration#mustacheViewResolver matched:
      - @ConditionalOnProperty (spring.mustache.enabled) matched (OnPropertyCondition)
      - @ConditionalOnMissingBean (types: org.springframework.boot.web.servlet.view.MustacheViewResolver; SearchStrategy: all) did not find any beans (OnBeanCondition)

   MybatisAutoConfiguration matched:
      - @ConditionalOnClass found required classes 'org.apache.ibatis.session.SqlSessionFactory', 'org.mybatis.spring.SqlSessionFactoryBean' (OnClassCondition)
      - @ConditionalOnSingleCandidate (types: javax.sql.DataSource; SearchStrategy: all) found a single bean 'dataSource' (OnBeanCondition)

   MybatisAutoConfiguration#sqlSessionFactory matched:
      - @ConditionalOnMissingBean (types: org.apache.ibatis.session.SqlSessionFactory; SearchStrategy: all) did not find any beans (OnBeanCondition)

   MybatisAutoConfiguration#sqlSessionTemplate matched:
      - @ConditionalOnMissingBean (types: org.mybatis.spring.SqlSessionTemplate; SearchStrategy: all) did not find any beans (OnBeanCondition)

   MybatisAutoConfiguration.MapperScannerRegistrarNotFoundConfiguration matched:
      - @ConditionalOnMissingBean (types: org.mybatis.spring.mapper.MapperFactoryBean,org.mybatis.spring.mapper.MapperScannerConfigurer; SearchStrategy: all) did not find any beans (OnBeanCondition)

   MybatisLanguageDriverAutoConfiguration matched:
      - @ConditionalOnClass found required class 'org.apache.ibatis.scripting.LanguageDriver' (OnClassCondition)

   NamedParameterJdbcTemplateConfiguration matched:
      - @ConditionalOnSingleCandidate (types: org.springframework.jdbc.core.JdbcTemplate; SearchStrategy: all) found a single bean 'jdbcTemplate'; @ConditionalOnMissingBean (types: org.springframework.jdbc.core.namedparam.NamedParameterJdbcOperations; SearchStrategy: all) did not find any beans (OnBeanCondition)

   NoOpCacheConfiguration matched:
      - Cache org.springframework.boot.autoconfigure.cache.NoOpCacheConfiguration automatic cache type (CacheCondition)

   PersistenceExceptionTranslationAutoConfiguration matched:
      - @ConditionalOnClass found required class 'org.springframework.dao.annotation.PersistenceExceptionTranslationPostProcessor' (OnClassCondition)

   PersistenceExceptionTranslationAutoConfiguration#persistenceExceptionTranslationPostProcessor matched:
      - @ConditionalOnProperty (spring.dao.exceptiontranslation.enabled) matched (OnPropertyCondition)
      - @ConditionalOnMissingBean (types: org.springframework.dao.annotation.PersistenceExceptionTranslationPostProcessor; SearchStrategy: all) did not find any beans (OnBeanCondition)

   PropertyPlaceholderAutoConfiguration#propertySourcesPlaceholderConfigurer matched:
      - @ConditionalOnMissingBean (types: org.springframework.context.support.PropertySourcesPlaceholderConfigurer; SearchStrategy: current) did not find any beans (OnBeanCondition)

   RestClientAutoConfiguration matched:
      - @ConditionalOnClass found required class 'org.springframework.web.client.RestClient' (OnClassCondition)
      - NoneNestedConditions 0 matched 1 did not; NestedCondition on NotReactiveWebApplicationCondition.ReactiveWebApplication did not find reactive web application classes (NotReactiveWebApplicationCondition)

   RestClientAutoConfiguration#httpMessageConvertersRestClientCustomizer matched:
      - @ConditionalOnMissingBean (types: org.springframework.boot.autoconfigure.web.client.HttpMessageConvertersRestClientCustomizer; SearchStrategy: all) did not find any beans (OnBeanCondition)

   RestClientAutoConfiguration#restClientBuilder matched:
      - @ConditionalOnMissingBean (types: org.springframework.web.client.RestClient$Builder; SearchStrategy: all) did not find any beans (OnBeanCondition)

   RestClientAutoConfiguration#restClientBuilderConfigurer matched:
      - @ConditionalOnMissingBean (types: org.springframework.boot.autoconfigure.web.client.RestClientBuilderConfigurer; SearchStrategy: all) did not find any beans (OnBeanCondition)

   RestClientAutoConfiguration#restClientSsl matched:
      - @ConditionalOnBean (types: org.springframework.boot.ssl.SslBundles; SearchStrategy: all) found bean 'sslBundleRegistry'; @ConditionalOnMissingBean (types: org.springframework.boot.autoconfigure.web.client.RestClientSsl; SearchStrategy: all) did not find any beans (OnBeanCondition)

   RestTemplateAutoConfiguration matched:
      - @ConditionalOnClass found required class 'org.springframework.web.client.RestTemplate' (OnClassCondition)
      - NoneNestedConditions 0 matched 1 did not; NestedCondition on NotReactiveWebApplicationCondition.ReactiveWebApplication did not find reactive web application classes (NotReactiveWebApplicationCondition)

   RestTemplateAutoConfiguration#restTemplateBuilder matched:
      - @ConditionalOnMissingBean (types: org.springframework.boot.web.client.RestTemplateBuilder; SearchStrategy: all) did not find any beans (OnBeanCondition)

   SecurityAutoConfiguration matched:
      - @ConditionalOnClass found required class 'org.springframework.security.authentication.DefaultAuthenticationEventPublisher' (OnClassCondition)

   SecurityAutoConfiguration#authenticationEventPublisher matched:
      - @ConditionalOnMissingBean (types: org.springframework.security.authentication.AuthenticationEventPublisher; SearchStrategy: all) did not find any beans (OnBeanCondition)

   SecurityFilterAutoConfiguration matched:
      - @ConditionalOnClass found required classes 'org.springframework.security.web.context.AbstractSecurityWebApplicationInitializer', 'org.springframework.security.config.http.SessionCreationPolicy' (OnClassCondition)
      - found 'session' scope (OnWebApplicationCondition)

   SecurityFilterAutoConfiguration#securityFilterChainRegistration matched:
      - @ConditionalOnBean (names: springSecurityFilterChain; SearchStrategy: all) found bean 'springSecurityFilterChain' (OnBeanCondition)

   ServletWebServerFactoryAutoConfiguration matched:
      - @ConditionalOnClass found required class 'jakarta.servlet.ServletRequest' (OnClassCondition)
      - found 'session' scope (OnWebApplicationCondition)

   ServletWebServerFactoryAutoConfiguration#tomcatServletWebServerFactoryCustomizer matched:
      - @ConditionalOnClass found required class 'org.apache.catalina.startup.Tomcat' (OnClassCondition)

   ServletWebServerFactoryConfiguration.EmbeddedTomcat matched:
      - @ConditionalOnClass found required classes 'jakarta.servlet.Servlet', 'org.apache.catalina.startup.Tomcat', 'org.apache.coyote.UpgradeProtocol' (OnClassCondition)
      - @ConditionalOnMissingBean (types: org.springframework.boot.web.servlet.server.ServletWebServerFactory; SearchStrategy: current) did not find any beans (OnBeanCondition)

   SimpleCacheConfiguration matched:
      - Cache org.springframework.boot.autoconfigure.cache.SimpleCacheConfiguration automatic cache type (CacheCondition)

   SpringApplicationAdminJmxAutoConfiguration matched:
      - @ConditionalOnProperty (spring.application.admin.enabled=true) matched (OnPropertyCondition)

   SpringApplicationAdminJmxAutoConfiguration#springApplicationAdminRegistrar matched:
      - @ConditionalOnMissingBean (types: org.springframework.boot.admin.SpringApplicationAdminMXBeanRegistrar; SearchStrategy: all) did not find any beans (OnBeanCondition)

   SpringBootWebSecurityConfiguration matched:
      - found 'session' scope (OnWebApplicationCondition)

   SqlInitializationAutoConfiguration matched:
      - @ConditionalOnProperty (spring.sql.init.enabled) matched (OnPropertyCondition)
      - NoneNestedConditions 0 matched 1 did not; NestedCondition on SqlInitializationAutoConfiguration.SqlInitializationModeCondition.ModeIsNever @ConditionalOnProperty (spring.sql.init.mode=never) did not find property 'mode' (SqlInitializationAutoConfiguration.SqlInitializationModeCondition)

   SslAutoConfiguration#sslBundleRegistry matched:
      - @ConditionalOnMissingBean (types: org.springframework.boot.ssl.SslBundleRegistry,org.springframework.boot.ssl.SslBundles; SearchStrategy: all) did not find any beans (OnBeanCondition)

   TaskExecutionAutoConfiguration matched:
      - @ConditionalOnClass found required class 'org.springframework.scheduling.concurrent.ThreadPoolTaskExecutor' (OnClassCondition)

   TaskExecutorConfigurations.SimpleAsyncTaskExecutorBuilderConfiguration#simpleAsyncTaskExecutorBuilder matched:
      - @ConditionalOnMissingBean (types: org.springframework.boot.task.SimpleAsyncTaskExecutorBuilder; SearchStrategy: all) did not find any beans (OnBeanCondition)
      - @ConditionalOnThreading found PLATFORM (OnThreadingCondition)

   TaskExecutorConfigurations.TaskExecutorBuilderConfiguration#taskExecutorBuilder matched:
      - @ConditionalOnMissingBean (types: org.springframework.boot.task.TaskExecutorBuilder; SearchStrategy: all) did not find any beans (OnBeanCondition)

   TaskExecutorConfigurations.ThreadPoolTaskExecutorBuilderConfiguration#threadPoolTaskExecutorBuilder matched:
      - @ConditionalOnMissingBean (types: org.springframework.boot.task.TaskExecutorBuilder,org.springframework.boot.task.ThreadPoolTaskExecutorBuilder; SearchStrategy: all) did not find any beans (OnBeanCondition)

   TaskSchedulingAutoConfiguration matched:
      - @ConditionalOnClass found required class 'org.springframework.scheduling.concurrent.ThreadPoolTaskScheduler' (OnClassCondition)

   TaskSchedulingConfigurations.SimpleAsyncTaskSchedulerBuilderConfiguration#simpleAsyncTaskSchedulerBuilder matched:
      - @ConditionalOnMissingBean (types: org.springframework.boot.task.SimpleAsyncTaskSchedulerBuilder; SearchStrategy: all) did not find any beans (OnBeanCondition)
      - @ConditionalOnThreading found PLATFORM (OnThreadingCondition)

   TaskSchedulingConfigurations.TaskSchedulerBuilderConfiguration#taskSchedulerBuilder matched:
      - @ConditionalOnMissingBean (types: org.springframework.boot.task.TaskSchedulerBuilder; SearchStrategy: all) did not find any beans (OnBeanCondition)

   TaskSchedulingConfigurations.ThreadPoolTaskSchedulerBuilderConfiguration#threadPoolTaskSchedulerBuilder matched:
      - @ConditionalOnMissingBean (types: org.springframework.boot.task.TaskSchedulerBuilder,org.springframework.boot.task.ThreadPoolTaskSchedulerBuilder; SearchStrategy: all) did not find any beans (OnBeanCondition)

   TransactionAutoConfiguration matched:
      - @ConditionalOnClass found required class 'org.springframework.transaction.PlatformTransactionManager' (OnClassCondition)

   TransactionAutoConfiguration.EnableTransactionManagementConfiguration matched:
      - @ConditionalOnBean (types: org.springframework.transaction.TransactionManager; SearchStrategy: all) found bean 'transactionManager'; @ConditionalOnMissingBean (types: org.springframework.transaction.annotation.AbstractTransactionManagementConfiguration; SearchStrategy: all) did not find any beans (OnBeanCondition)

   TransactionAutoConfiguration.EnableTransactionManagementConfiguration.CglibAutoProxyConfiguration matched:
      - @ConditionalOnProperty (spring.aop.proxy-target-class=true) matched (OnPropertyCondition)

   TransactionAutoConfiguration.TransactionTemplateConfiguration matched:
      - @ConditionalOnSingleCandidate (types: org.springframework.transaction.PlatformTransactionManager; SearchStrategy: all) found a single bean 'transactionManager' (OnBeanCondition)

   TransactionAutoConfiguration.TransactionTemplateConfiguration#transactionTemplate matched:
      - @ConditionalOnMissingBean (types: org.springframework.transaction.support.TransactionOperations; SearchStrategy: all) did not find any beans (OnBeanCondition)

   TransactionManagerCustomizationAutoConfiguration matched:
      - @ConditionalOnClass found required class 'org.springframework.transaction.PlatformTransactionManager' (OnClassCondition)

   TransactionManagerCustomizationAutoConfiguration#platformTransactionManagerCustomizers matched:
      - @ConditionalOnMissingBean (types: org.springframework.boot.autoconfigure.transaction.TransactionManagerCustomizers; SearchStrategy: all) did not find any beans (OnBeanCondition)

   UserDetailsServiceAutoConfiguration matched:
      - @ConditionalOnClass found required class 'org.springframework.security.authentication.AuthenticationManager' (OnClassCondition)
      - AnyNestedCondition 1 matched 2 did not; NestedCondition on UserDetailsServiceAutoConfiguration.MissingAlternativeOrUserPropertiesConfigured.PasswordConfigured @ConditionalOnProperty (spring.security.user.password) did not find property 'password'; NestedCondition on UserDetailsServiceAutoConfiguration.MissingAlternativeOrUserPropertiesConfigured.NameConfigured @ConditionalOnProperty (spring.security.user.name) did not find property 'name'; NestedCondition on UserDetailsServiceAutoConfiguration.MissingAlternativeOrUserPropertiesConfigured.MissingAlternative @ConditionalOnMissingClass did not find unwanted classes 'org.springframework.security.oauth2.client.registration.ClientRegistrationRepository', 'org.springframework.security.oauth2.server.resource.introspection.OpaqueTokenIntrospector', 'org.springframework.security.saml2.provider.service.registration.RelyingPartyRegistrationRepository' (UserDetailsServiceAutoConfiguration.MissingAlternativeOrUserPropertiesConfigured)
      - @ConditionalOnBean (types: org.springframework.security.config.annotation.ObjectPostProcessor; SearchStrategy: all) found bean 'objectPostProcessor'; @ConditionalOnMissingBean (types: org.springframework.security.authentication.AuthenticationManager,org.springframework.security.authentication.AuthenticationProvider,org.springframework.security.core.userdetails.UserDetailsService,org.springframework.security.authentication.AuthenticationManagerResolver,org.springframework.security.oauth2.jwt.JwtDecoder; SearchStrategy: all) did not find any beans (OnBeanCondition)

   ValidationAutoConfiguration matched:
      - @ConditionalOnClass found required class 'jakarta.validation.executable.ExecutableValidator' (OnClassCondition)
      - @ConditionalOnResource found location classpath:META-INF/services/jakarta.validation.spi.ValidationProvider (OnResourceCondition)

   ValidationAutoConfiguration#defaultValidator matched:
      - @ConditionalOnMissingBean (types: jakarta.validation.Validator; SearchStrategy: all) did not find any beans (OnBeanCondition)

   ValidationAutoConfiguration#methodValidationPostProcessor matched:
      - @ConditionalOnMissingBean (types: org.springframework.validation.beanvalidation.MethodValidationPostProcessor; SearchStrategy: current) did not find any beans (OnBeanCondition)

   WebMvcAutoConfiguration matched:
      - @ConditionalOnClass found required classes 'jakarta.servlet.Servlet', 'org.springframework.web.servlet.DispatcherServlet', 'org.springframework.web.servlet.config.annotation.WebMvcConfigurer' (OnClassCondition)
      - found 'session' scope (OnWebApplicationCondition)
      - @ConditionalOnMissingBean (types: org.springframework.web.servlet.config.annotation.WebMvcConfigurationSupport; SearchStrategy: all) did not find any beans (OnBeanCondition)

   WebMvcAutoConfiguration#formContentFilter matched:
      - @ConditionalOnProperty (spring.mvc.formcontent.filter.enabled) matched (OnPropertyCondition)
      - @ConditionalOnMissingBean (types: org.springframework.web.filter.FormContentFilter; SearchStrategy: all) did not find any beans (OnBeanCondition)

   WebMvcAutoConfiguration.EnableWebMvcConfiguration#flashMapManager matched:
      - @ConditionalOnMissingBean (names: flashMapManager; SearchStrategy: all) did not find any beans (OnBeanCondition)

   WebMvcAutoConfiguration.EnableWebMvcConfiguration#localeResolver matched:
      - @ConditionalOnMissingBean (names: localeResolver; SearchStrategy: all) did not find any beans (OnBeanCondition)

   WebMvcAutoConfiguration.EnableWebMvcConfiguration#themeResolver matched:
      - @ConditionalOnMissingBean (names: themeResolver; SearchStrategy: all) did not find any beans (OnBeanCondition)

   WebMvcAutoConfiguration.WebMvcAutoConfigurationAdapter#defaultViewResolver matched:
      - @ConditionalOnMissingBean (types: org.springframework.web.servlet.view.InternalResourceViewResolver; SearchStrategy: all) did not find any beans (OnBeanCondition)

   WebMvcAutoConfiguration.WebMvcAutoConfigurationAdapter#requestContextFilter matched:
      - @ConditionalOnMissingBean (types: org.springframework.web.context.request.RequestContextListener,org.springframework.web.filter.RequestContextFilter; SearchStrategy: all) did not find any beans (OnBeanCondition)

   WebMvcAutoConfiguration.WebMvcAutoConfigurationAdapter#viewResolver matched:
      - @ConditionalOnBean (types: org.springframework.web.servlet.ViewResolver; SearchStrategy: all) found beans 'defaultViewResolver', 'beanNameViewResolver', 'mvcViewResolver'; @ConditionalOnMissingBean (names: viewResolver types: org.springframework.web.servlet.view.ContentNegotiatingViewResolver; SearchStrategy: all) did not find any beans (OnBeanCondition)

   WebSocketMessagingAutoConfiguration matched:
      - @ConditionalOnClass found required class 'org.springframework.web.socket.config.annotation.WebSocketMessageBrokerConfigurer' (OnClassCondition)
      - found 'session' scope (OnWebApplicationCondition)

   WebSocketMessagingAutoConfiguration.WebSocketMessageConverterConfiguration matched:
      - @ConditionalOnClass found required classes 'com.fasterxml.jackson.databind.ObjectMapper', 'org.springframework.messaging.simp.config.AbstractMessageBrokerConfiguration' (OnClassCondition)
      - @ConditionalOnBean (types: org.springframework.web.socket.config.annotation.DelegatingWebSocketMessageBrokerConfiguration,com.fasterxml.jackson.databind.ObjectMapper; SearchStrategy: all) found beans 'jacksonObjectMapper', 'org.springframework.web.socket.config.annotation.DelegatingWebSocketMessageBrokerConfiguration' (OnBeanCondition)

   WebSocketServletAutoConfiguration matched:
      - @ConditionalOnClass found required classes 'jakarta.servlet.Servlet', 'jakarta.websocket.server.ServerContainer' (OnClassCondition)
      - found 'session' scope (OnWebApplicationCondition)

   WebSocketServletAutoConfiguration.TomcatWebSocketConfiguration matched:
      - @ConditionalOnClass found required classes 'org.apache.catalina.startup.Tomcat', 'org.apache.tomcat.websocket.server.WsSci' (OnClassCondition)

   WebSocketServletAutoConfiguration.TomcatWebSocketConfiguration#websocketServletWebServerCustomizer matched:
      - @ConditionalOnMissingBean (names: websocketServletWebServerCustomizer; SearchStrategy: all) did not find any beans (OnBeanCondition)


Negative matches:
-----------------

   ActiveMQAutoConfiguration:
      Did not match:
         - @ConditionalOnClass did not find required class 'jakarta.jms.ConnectionFactory' (OnClassCondition)

   AopAutoConfiguration.AspectJAutoProxyingConfiguration:
      Did not match:
         - @ConditionalOnClass did not find required class 'org.aspectj.weaver.Advice' (OnClassCondition)

   ArtemisAutoConfiguration:
      Did not match:
         - @ConditionalOnClass did not find required class 'jakarta.jms.ConnectionFactory' (OnClassCondition)

   BatchAutoConfiguration:
      Did not match:
         - @ConditionalOnClass did not find required class 'org.springframework.batch.core.launch.JobLauncher' (OnClassCondition)

   Cache2kCacheConfiguration:
      Did not match:
         - @ConditionalOnClass did not find required class 'org.cache2k.Cache2kBuilder' (OnClassCondition)

   CacheAutoConfiguration:
      Did not match:
         - @ConditionalOnBean (types: org.springframework.cache.interceptor.CacheAspectSupport; SearchStrategy: all) did not find any beans of type org.springframework.cache.interceptor.CacheAspectSupport (OnBeanCondition)
      Matched:
         - @ConditionalOnClass found required class 'org.springframework.cache.CacheManager' (OnClassCondition)

   CacheAutoConfiguration.CacheManagerEntityManagerFactoryDependsOnPostProcessor:
      Did not match:
         - @ConditionalOnClass did not find required class 'org.springframework.orm.jpa.LocalContainerEntityManagerFactoryBean' (OnClassCondition)
         - Ancestor org.springframework.boot.autoconfigure.cache.CacheAutoConfiguration did not match (ConditionEvaluationReport.AncestorsMatchedCondition)

   CaffeineCacheConfiguration:
      Did not match:
         - @ConditionalOnClass did not find required class 'com.github.benmanes.caffeine.cache.Caffeine' (OnClassCondition)

   CassandraAutoConfiguration:
      Did not match:
         - @ConditionalOnClass did not find required class 'com.datastax.oss.driver.api.core.CqlSession' (OnClassCondition)

   CassandraDataAutoConfiguration:
      Did not match:
         - @ConditionalOnClass did not find required class 'com.datastax.oss.driver.api.core.CqlSession' (OnClassCondition)

   CassandraReactiveDataAutoConfiguration:
      Did not match:
         - @ConditionalOnClass did not find required class 'com.datastax.oss.driver.api.core.CqlSession' (OnClassCondition)

   CassandraReactiveRepositoriesAutoConfiguration:
      Did not match:
         - @ConditionalOnClass did not find required class 'org.springframework.data.cassandra.ReactiveSession' (OnClassCondition)

   CassandraRepositoriesAutoConfiguration:
      Did not match:
         - @ConditionalOnClass did not find required class 'com.datastax.oss.driver.api.core.CqlSession' (OnClassCondition)

   ClientHttpConnectorAutoConfiguration:
      Did not match:
         - @ConditionalOnClass did not find required class 'org.springframework.web.reactive.function.client.WebClient' (OnClassCondition)

   CodecsAutoConfiguration:
      Did not match:
         - @ConditionalOnClass did not find required class 'org.springframework.web.reactive.function.client.WebClient' (OnClassCondition)

   CouchbaseAutoConfiguration:
      Did not match:
         - @ConditionalOnClass did not find required class 'com.couchbase.client.java.Cluster' (OnClassCondition)

   CouchbaseCacheConfiguration:
      Did not match:
         - @ConditionalOnClass did not find required class 'com.couchbase.client.java.Cluster' (OnClassCondition)

   CouchbaseDataAutoConfiguration:
      Did not match:
         - @ConditionalOnClass did not find required class 'com.couchbase.client.java.Bucket' (OnClassCondition)

   CouchbaseReactiveDataAutoConfiguration:
      Did not match:
         - @ConditionalOnClass did not find required class 'com.couchbase.client.java.Cluster' (OnClassCondition)

   CouchbaseReactiveRepositoriesAutoConfiguration:
      Did not match:
         - @ConditionalOnClass did not find required class 'com.couchbase.client.java.Cluster' (OnClassCondition)

   CouchbaseRepositoriesAutoConfiguration:
      Did not match:
         - @ConditionalOnClass did not find required class 'com.couchbase.client.java.Bucket' (OnClassCondition)

   DataSourceAutoConfiguration.EmbeddedDatabaseConfiguration:
      Did not match:
         - EmbeddedDataSource spring.datasource.url is set (DataSourceAutoConfiguration.EmbeddedDatabaseCondition)

   DataSourceCheckpointRestoreConfiguration:
      Did not match:
         - @ConditionalOnClass did not find required class 'org.crac.Resource' (OnClassCondition)

   DataSourceConfiguration.Dbcp2:
      Did not match:
         - @ConditionalOnClass did not find required class 'org.apache.commons.dbcp2.BasicDataSource' (OnClassCondition)

   DataSourceConfiguration.Generic:
      Did not match:
         - @ConditionalOnProperty (spring.datasource.type) did not find property 'spring.datasource.type' (OnPropertyCondition)

   DataSourceConfiguration.OracleUcp:
      Did not match:
         - @ConditionalOnClass did not find required classes 'oracle.ucp.jdbc.PoolDataSourceImpl', 'oracle.jdbc.OracleConnection' (OnClassCondition)

   DataSourceConfiguration.Tomcat:
      Did not match:
         - @ConditionalOnClass did not find required class 'org.apache.tomcat.jdbc.pool.DataSource' (OnClassCondition)

   DataSourceJmxConfiguration.TomcatDataSourceJmxConfiguration:
      Did not match:
         - @ConditionalOnClass did not find required class 'org.apache.tomcat.jdbc.pool.DataSourceProxy' (OnClassCondition)

   DataSourcePoolMetadataProvidersConfiguration.CommonsDbcp2PoolDataSourceMetadataProviderConfiguration:
      Did not match:
         - @ConditionalOnClass did not find required class 'org.apache.commons.dbcp2.BasicDataSource' (OnClassCondition)

   DataSourcePoolMetadataProvidersConfiguration.OracleUcpPoolDataSourceMetadataProviderConfiguration:
      Did not match:
         - @ConditionalOnClass did not find required classes 'oracle.ucp.jdbc.PoolDataSource', 'oracle.jdbc.OracleConnection' (OnClassCondition)

   DataSourcePoolMetadataProvidersConfiguration.TomcatDataSourcePoolMetadataProviderConfiguration:
      Did not match:
         - @ConditionalOnClass did not find required class 'org.apache.tomcat.jdbc.pool.DataSource' (OnClassCondition)

   DevToolsDataSourceAutoConfiguration.DatabaseShutdownExecutorEntityManagerFactoryDependsOnPostProcessor:
      Did not match:
         - @ConditionalOnClass did not find required class 'org.springframework.orm.jpa.LocalContainerEntityManagerFactoryBean' (OnClassCondition)

   DevToolsR2dbcAutoConfiguration:
      Did not match:
         - @ConditionalOnClass did not find required class 'io.r2dbc.spi.ConnectionFactory' (OnClassCondition)

   DispatcherServletAutoConfiguration.DispatcherServletConfiguration#multipartResolver:
      Did not match:
         - @ConditionalOnBean (types: org.springframework.web.multipart.MultipartResolver; SearchStrategy: all) did not find any beans of type org.springframework.web.multipart.MultipartResolver (OnBeanCondition)

   ElasticsearchClientAutoConfiguration:
      Did not match:
         - @ConditionalOnClass did not find required class 'co.elastic.clients.elasticsearch.ElasticsearchClient' (OnClassCondition)

   ElasticsearchDataAutoConfiguration:
      Did not match:
         - @ConditionalOnClass did not find required class 'org.springframework.data.elasticsearch.client.elc.ElasticsearchTemplate' (OnClassCondition)

   ElasticsearchRepositoriesAutoConfiguration:
      Did not match:
         - @ConditionalOnClass did not find required class 'org.springframework.data.elasticsearch.repository.ElasticsearchRepository' (OnClassCondition)

   ElasticsearchRestClientAutoConfiguration:
      Did not match:
         - @ConditionalOnClass did not find required class 'org.elasticsearch.client.RestClientBuilder' (OnClassCondition)

   EmbeddedLdapAutoConfiguration:
      Did not match:
         - @ConditionalOnClass did not find required class 'com.unboundid.ldap.listener.InMemoryDirectoryServer' (OnClassCondition)

   EmbeddedWebServerFactoryCustomizerAutoConfiguration.JettyWebServerFactoryCustomizerConfiguration:
      Did not match:
         - @ConditionalOnClass did not find required classes 'org.eclipse.jetty.server.Server', 'org.eclipse.jetty.util.Loader', 'org.eclipse.jetty.ee10.webapp.WebAppContext' (OnClassCondition)

   EmbeddedWebServerFactoryCustomizerAutoConfiguration.NettyWebServerFactoryCustomizerConfiguration:
      Did not match:
         - @ConditionalOnClass did not find required class 'reactor.netty.http.server.HttpServer' (OnClassCondition)

   EmbeddedWebServerFactoryCustomizerAutoConfiguration.TomcatWebServerFactoryCustomizerConfiguration#tomcatVirtualThreadsProtocolHandlerCustomizer:
      Did not match:
         - @ConditionalOnThreading did not find VIRTUAL (OnThreadingCondition)

   EmbeddedWebServerFactoryCustomizerAutoConfiguration.UndertowWebServerFactoryCustomizerConfiguration:
      Did not match:
         - @ConditionalOnClass did not find required classes 'io.undertow.Undertow', 'org.xnio.SslClientAuthMode' (OnClassCondition)

   ErrorWebFluxAutoConfiguration:
      Did not match:
         - @ConditionalOnClass did not find required class 'org.springframework.web.reactive.config.WebFluxConfigurer' (OnClassCondition)

   FlywayAutoConfiguration:
      Did not match:
         - @ConditionalOnClass did not find required class 'org.flywaydb.core.Flyway' (OnClassCondition)

   FreeMarkerAutoConfiguration:
      Did not match:
         - @ConditionalOnClass did not find required class 'freemarker.template.Configuration' (OnClassCondition)

   GraphQlAutoConfiguration:
      Did not match:
         - @ConditionalOnClass did not find required class 'graphql.GraphQL' (OnClassCondition)

   GraphQlQueryByExampleAutoConfiguration:
      Did not match:
         - @ConditionalOnClass did not find required class 'graphql.GraphQL' (OnClassCondition)

   GraphQlQuerydslAutoConfiguration:
      Did not match:
         - @ConditionalOnClass did not find required class 'com.querydsl.core.Query' (OnClassCondition)

   GraphQlRSocketAutoConfiguration:
      Did not match:
         - @ConditionalOnClass did not find required class 'graphql.GraphQL' (OnClassCondition)

   GraphQlReactiveQueryByExampleAutoConfiguration:
      Did not match:
         - @ConditionalOnClass did not find required class 'graphql.GraphQL' (OnClassCondition)

   GraphQlReactiveQuerydslAutoConfiguration:
      Did not match:
         - @ConditionalOnClass did not find required class 'com.querydsl.core.Query' (OnClassCondition)

   GraphQlWebFluxAutoConfiguration:
      Did not match:
         - @ConditionalOnClass did not find required class 'graphql.GraphQL' (OnClassCondition)

   GraphQlWebFluxSecurityAutoConfiguration:
      Did not match:
         - @ConditionalOnClass did not find required class 'graphql.GraphQL' (OnClassCondition)

   GraphQlWebMvcAutoConfiguration:
      Did not match:
         - @ConditionalOnClass did not find required class 'graphql.GraphQL' (OnClassCondition)

   GraphQlWebMvcSecurityAutoConfiguration:
      Did not match:
         - @ConditionalOnClass did not find required class 'graphql.GraphQL' (OnClassCondition)

   GroovyTemplateAutoConfiguration:
      Did not match:
         - @ConditionalOnClass did not find required class 'groovy.text.markup.MarkupTemplateEngine' (OnClassCondition)

   GsonAutoConfiguration:
      Did not match:
         - @ConditionalOnClass did not find required class 'com.google.gson.Gson' (OnClassCondition)

   GsonHttpMessageConvertersConfiguration:
      Did not match:
         - @ConditionalOnClass did not find required class 'com.google.gson.Gson' (OnClassCondition)

   H2ConsoleAutoConfiguration:
      Did not match:
         - @ConditionalOnClass did not find required class 'org.h2.server.web.JakartaWebServlet' (OnClassCondition)

   HazelcastAutoConfiguration:
      Did not match:
         - @ConditionalOnClass did not find required class 'com.hazelcast.core.HazelcastInstance' (OnClassCondition)

   HazelcastCacheConfiguration:
      Did not match:
         - @ConditionalOnClass did not find required class 'com.hazelcast.core.HazelcastInstance' (OnClassCondition)

   HazelcastJpaDependencyAutoConfiguration:
      Did not match:
         - @ConditionalOnClass did not find required class 'com.hazelcast.core.HazelcastInstance' (OnClassCondition)

   HibernateJpaAutoConfiguration:
      Did not match:
         - @ConditionalOnClass did not find required class 'jakarta.persistence.EntityManager' (OnClassCondition)

   HttpHandlerAutoConfiguration:
      Did not match:
         - @ConditionalOnClass did not find required class 'org.springframework.web.reactive.DispatcherHandler' (OnClassCondition)

   HypermediaAutoConfiguration:
      Did not match:
         - @ConditionalOnClass did not find required class 'org.springframework.hateoas.EntityModel' (OnClassCondition)

   InfinispanCacheConfiguration:
      Did not match:
         - @ConditionalOnClass did not find required class 'org.infinispan.spring.embedded.provider.SpringEmbeddedCacheManager' (OnClassCondition)

   InfluxDbAutoConfiguration:
      Did not match:
         - @ConditionalOnClass did not find required class 'org.influxdb.InfluxDB' (OnClassCondition)

   IntegrationAutoConfiguration:
      Did not match:
         - @ConditionalOnClass did not find required class 'org.springframework.integration.config.EnableIntegration' (OnClassCondition)

   JCacheCacheConfiguration:
      Did not match:
         - @ConditionalOnClass did not find required class 'javax.cache.Caching' (OnClassCondition)

   JacksonHttpMessageConvertersConfiguration.MappingJackson2XmlHttpMessageConverterConfiguration:
      Did not match:
         - @ConditionalOnClass did not find required class 'com.fasterxml.jackson.dataformat.xml.XmlMapper' (OnClassCondition)

   JdbcRepositoriesAutoConfiguration:
      Did not match:
         - @ConditionalOnClass did not find required class 'org.springframework.data.jdbc.repository.config.AbstractJdbcConfiguration' (OnClassCondition)

   JerseyAutoConfiguration:
      Did not match:
         - @ConditionalOnClass did not find required class 'org.glassfish.jersey.server.spring.SpringComponentProvider' (OnClassCondition)

   JmsAutoConfiguration:
      Did not match:
         - @ConditionalOnClass did not find required class 'jakarta.jms.Message' (OnClassCondition)

   JndiConnectionFactoryAutoConfiguration:
      Did not match:
         - @ConditionalOnClass did not find required class 'org.springframework.jms.core.JmsTemplate' (OnClassCondition)

   JndiDataSourceAutoConfiguration:
      Did not match:
         - @ConditionalOnProperty (spring.datasource.jndi-name) did not find property 'jndi-name' (OnPropertyCondition)
      Matched:
         - @ConditionalOnClass found required classes 'javax.sql.DataSource', 'org.springframework.jdbc.datasource.embedded.EmbeddedDatabaseType' (OnClassCondition)

   JooqAutoConfiguration:
      Did not match:
         - @ConditionalOnClass did not find required class 'org.jooq.DSLContext' (OnClassCondition)

   JpaRepositoriesAutoConfiguration:
      Did not match:
         - @ConditionalOnClass did not find required class 'org.springframework.data.jpa.repository.JpaRepository' (OnClassCondition)

   JsonbAutoConfiguration:
      Did not match:
         - @ConditionalOnClass did not find required class 'jakarta.json.bind.Jsonb' (OnClassCondition)

   JsonbHttpMessageConvertersConfiguration:
      Did not match:
         - @ConditionalOnClass did not find required class 'jakarta.json.bind.Jsonb' (OnClassCondition)

   JtaAutoConfiguration:
      Did not match:
         - @ConditionalOnClass did not find required class 'jakarta.transaction.Transaction' (OnClassCondition)

   KafkaAutoConfiguration:
      Did not match:
         - @ConditionalOnClass did not find required class 'org.springframework.kafka.core.KafkaTemplate' (OnClassCondition)

   LdapAutoConfiguration:
      Did not match:
         - @ConditionalOnClass did not find required class 'org.springframework.ldap.core.ContextSource' (OnClassCondition)

   LdapRepositoriesAutoConfiguration:
      Did not match:
         - @ConditionalOnClass did not find required class 'org.springframework.data.ldap.repository.LdapRepository' (OnClassCondition)

   LiquibaseAutoConfiguration:
      Did not match:
         - @ConditionalOnClass did not find required class 'liquibase.change.DatabaseChange' (OnClassCondition)

   MailSenderAutoConfiguration:
      Did not match:
         - @ConditionalOnClass did not find required class 'jakarta.activation.MimeType' (OnClassCondition)

   MailSenderValidatorAutoConfiguration:
      Did not match:
         - @ConditionalOnSingleCandidate did not find required type 'org.springframework.mail.javamail.JavaMailSenderImpl' (OnBeanCondition)

   MessageSourceAutoConfiguration:
      Did not match:
         - ResourceBundle did not find bundle with basename messages (MessageSourceAutoConfiguration.ResourceBundleCondition)

   MongoAutoConfiguration:
      Did not match:
         - @ConditionalOnClass did not find required class 'com.mongodb.client.MongoClient' (OnClassCondition)

   MongoDataAutoConfiguration:
      Did not match:
         - @ConditionalOnClass did not find required class 'com.mongodb.client.MongoClient' (OnClassCondition)

   MongoReactiveAutoConfiguration:
      Did not match:
         - @ConditionalOnClass did not find required class 'com.mongodb.reactivestreams.client.MongoClient' (OnClassCondition)

   MongoReactiveDataAutoConfiguration:
      Did not match:
         - @ConditionalOnClass did not find required class 'com.mongodb.reactivestreams.client.MongoClient' (OnClassCondition)

   MongoReactiveRepositoriesAutoConfiguration:
      Did not match:
         - @ConditionalOnClass did not find required class 'com.mongodb.reactivestreams.client.MongoClient' (OnClassCondition)

   MongoRepositoriesAutoConfiguration:
      Did not match:
         - @ConditionalOnClass did not find required class 'com.mongodb.client.MongoClient' (OnClassCondition)

   MustacheReactiveWebConfiguration:
      Did not match:
         - did not find reactive web application classes (OnWebApplicationCondition)

   MybatisLanguageDriverAutoConfiguration.FreeMarkerConfiguration:
      Did not match:
         - @ConditionalOnClass did not find required classes 'org.mybatis.scripting.freemarker.FreeMarkerLanguageDriver', 'org.mybatis.scripting.freemarker.FreeMarkerLanguageDriverConfig' (OnClassCondition)

   MybatisLanguageDriverAutoConfiguration.LegacyFreeMarkerConfiguration:
      Did not match:
         - @ConditionalOnClass did not find required class 'org.mybatis.scripting.freemarker.FreeMarkerLanguageDriver' (OnClassCondition)

   MybatisLanguageDriverAutoConfiguration.LegacyVelocityConfiguration:
      Did not match:
         - @ConditionalOnClass did not find required class 'org.mybatis.scripting.velocity.Driver' (OnClassCondition)

   MybatisLanguageDriverAutoConfiguration.ThymeleafConfiguration:
      Did not match:
         - @ConditionalOnClass did not find required class 'org.mybatis.scripting.thymeleaf.ThymeleafLanguageDriver' (OnClassCondition)

   MybatisLanguageDriverAutoConfiguration.VelocityConfiguration:
      Did not match:
         - @ConditionalOnClass did not find required classes 'org.mybatis.scripting.velocity.VelocityLanguageDriver', 'org.mybatis.scripting.velocity.VelocityLanguageDriverConfig' (OnClassCondition)

   Neo4jAutoConfiguration:
      Did not match:
         - @ConditionalOnClass did not find required class 'org.neo4j.driver.Driver' (OnClassCondition)

   Neo4jDataAutoConfiguration:
      Did not match:
         - @ConditionalOnClass did not find required class 'org.neo4j.driver.Driver' (OnClassCondition)

   Neo4jReactiveDataAutoConfiguration:
      Did not match:
         - @ConditionalOnClass did not find required class 'org.neo4j.driver.Driver' (OnClassCondition)

   Neo4jReactiveRepositoriesAutoConfiguration:
      Did not match:
         - @ConditionalOnClass did not find required class 'org.neo4j.driver.Driver' (OnClassCondition)

   Neo4jRepositoriesAutoConfiguration:
      Did not match:
         - @ConditionalOnClass did not find required class 'org.neo4j.driver.Driver' (OnClassCondition)

   NettyAutoConfiguration:
      Did not match:
         - @ConditionalOnClass did not find required class 'io.netty.util.NettyRuntime' (OnClassCondition)

   OAuth2AuthorizationServerAutoConfiguration:
      Did not match:
         - @ConditionalOnClass did not find required class 'org.springframework.security.oauth2.server.authorization.OAuth2Authorization' (OnClassCondition)

   OAuth2AuthorizationServerJwtAutoConfiguration:
      Did not match:
         - @ConditionalOnClass did not find required class 'org.springframework.security.oauth2.server.authorization.OAuth2Authorization' (OnClassCondition)

   OAuth2ClientAutoConfiguration:
      Did not match:
         - @ConditionalOnClass did not find required class 'org.springframework.security.oauth2.client.registration.ClientRegistration' (OnClassCondition)

   OAuth2ResourceServerAutoConfiguration:
      Did not match:
         - @ConditionalOnClass did not find required class 'org.springframework.security.oauth2.server.resource.authentication.BearerTokenAuthenticationToken' (OnClassCondition)

   ProjectInfoAutoConfiguration#buildProperties:
      Did not match:
         - @ConditionalOnResource did not find resource '${spring.info.build.location:classpath:META-INF/build-info.properties}' (OnResourceCondition)

   ProjectInfoAutoConfiguration#gitProperties:
      Did not match:
         - GitResource did not find git info at classpath:git.properties (ProjectInfoAutoConfiguration.GitResourceAvailableCondition)

   PulsarAutoConfiguration:
      Did not match:
         - @ConditionalOnClass did not find required class 'org.apache.pulsar.client.api.PulsarClient' (OnClassCondition)

   PulsarReactiveAutoConfiguration:
      Did not match:
         - @ConditionalOnClass did not find required class 'org.apache.pulsar.client.api.PulsarClient' (OnClassCondition)

   QuartzAutoConfiguration:
      Did not match:
         - @ConditionalOnClass did not find required class 'org.quartz.Scheduler' (OnClassCondition)

   R2dbcAutoConfiguration:
      Did not match:
         - @ConditionalOnClass did not find required class 'io.r2dbc.spi.ConnectionFactory' (OnClassCondition)

   R2dbcDataAutoConfiguration:
      Did not match:
         - @ConditionalOnClass did not find required class 'org.springframework.data.r2dbc.core.R2dbcEntityTemplate' (OnClassCondition)

   R2dbcInitializationConfiguration:
      Did not match:
         - @ConditionalOnClass did not find required classes 'io.r2dbc.spi.ConnectionFactory', 'org.springframework.r2dbc.connection.init.DatabasePopulator' (OnClassCondition)

   R2dbcRepositoriesAutoConfiguration:
      Did not match:
         - @ConditionalOnClass did not find required class 'io.r2dbc.spi.ConnectionFactory' (OnClassCondition)

   R2dbcTransactionManagerAutoConfiguration:
      Did not match:
         - @ConditionalOnClass did not find required class 'org.springframework.r2dbc.connection.R2dbcTransactionManager' (OnClassCondition)

   RSocketGraphQlClientAutoConfiguration:
      Did not match:
         - @ConditionalOnClass did not find required class 'graphql.GraphQL' (OnClassCondition)

   RSocketMessagingAutoConfiguration:
      Did not match:
         - @ConditionalOnClass did not find required class 'io.rsocket.RSocket' (OnClassCondition)

   RSocketRequesterAutoConfiguration:
      Did not match:
         - @ConditionalOnClass did not find required class 'io.rsocket.RSocket' (OnClassCondition)

   RSocketSecurityAutoConfiguration:
      Did not match:
         - @ConditionalOnClass did not find required class 'org.springframework.security.rsocket.core.SecuritySocketAcceptorInterceptor' (OnClassCondition)

   RSocketServerAutoConfiguration:
      Did not match:
         - @ConditionalOnClass did not find required class 'io.rsocket.core.RSocketServer' (OnClassCondition)

   RSocketStrategiesAutoConfiguration:
      Did not match:
         - @ConditionalOnClass did not find required class 'io.netty.buffer.PooledByteBufAllocator' (OnClassCondition)

   RabbitAutoConfiguration:
      Did not match:
         - @ConditionalOnClass did not find required class 'com.rabbitmq.client.Channel' (OnClassCondition)

   ReactiveElasticsearchClientAutoConfiguration:
      Did not match:
         - @ConditionalOnClass did not find required class 'co.elastic.clients.transport.ElasticsearchTransport' (OnClassCondition)

   ReactiveElasticsearchRepositoriesAutoConfiguration:
      Did not match:
         - @ConditionalOnClass did not find required class 'org.springframework.data.elasticsearch.client.elc.ReactiveElasticsearchClient' (OnClassCondition)

   ReactiveMultipartAutoConfiguration:
      Did not match:
         - @ConditionalOnClass did not find required class 'org.springframework.web.reactive.config.WebFluxConfigurer' (OnClassCondition)

   ReactiveOAuth2ClientAutoConfiguration:
      Did not match:
         - @ConditionalOnClass did not find required class 'reactor.core.publisher.Flux' (OnClassCondition)

   ReactiveOAuth2ResourceServerAutoConfiguration:
      Did not match:
         - @ConditionalOnWebApplication did not find reactive web application classes (OnWebApplicationCondition)

   ReactiveSecurityAutoConfiguration:
      Did not match:
         - @ConditionalOnClass did not find required class 'reactor.core.publisher.Flux' (OnClassCondition)

   ReactiveUserDetailsServiceAutoConfiguration:
      Did not match:
         - AnyNestedCondition 0 matched 2 did not; NestedCondition on ReactiveUserDetailsServiceAutoConfiguration.RSocketEnabledOrReactiveWebApplication.ReactiveWebApplicationCondition did not find reactive web application classes; NestedCondition on ReactiveUserDetailsServiceAutoConfiguration.RSocketEnabledOrReactiveWebApplication.RSocketSecurityEnabledCondition @ConditionalOnBean (types: org.springframework.messaging.rsocket.annotation.support.RSocketMessageHandler; SearchStrategy: all) did not find any beans of type org.springframework.messaging.rsocket.annotation.support.RSocketMessageHandler (ReactiveUserDetailsServiceAutoConfiguration.RSocketEnabledOrReactiveWebApplication)
      Matched:
         - @ConditionalOnClass found required class 'org.springframework.security.authentication.ReactiveAuthenticationManager' (OnClassCondition)
         - AnyNestedCondition 1 matched 2 did not; NestedCondition on ReactiveUserDetailsServiceAutoConfiguration.MissingAlternativeOrUserPropertiesConfigured.PasswordConfigured @ConditionalOnProperty (spring.security.user.password) did not find property 'password'; NestedCondition on ReactiveUserDetailsServiceAutoConfiguration.MissingAlternativeOrUserPropertiesConfigured.NameConfigured @ConditionalOnProperty (spring.security.user.name) did not find property 'name'; NestedCondition on ReactiveUserDetailsServiceAutoConfiguration.MissingAlternativeOrUserPropertiesConfigured.MissingAlternative @ConditionalOnMissingClass did not find unwanted classes 'org.springframework.security.oauth2.client.registration.ClientRegistrationRepository', 'org.springframework.security.oauth2.server.resource.introspection.ReactiveOpaqueTokenIntrospector' (ReactiveUserDetailsServiceAutoConfiguration.MissingAlternativeOrUserPropertiesConfigured)

   ReactiveWebServerFactoryAutoConfiguration:
      Did not match:
         - @ConditionalOnWebApplication did not find reactive web application classes (OnWebApplicationCondition)

   ReactorAutoConfiguration:
      Did not match:
         - @ConditionalOnClass did not find required class 'reactor.core.publisher.Hooks' (OnClassCondition)

   RedisAutoConfiguration:
      Did not match:
         - @ConditionalOnClass did not find required class 'org.springframework.data.redis.core.RedisOperations' (OnClassCondition)

   RedisCacheConfiguration:
      Did not match:
         - @ConditionalOnClass did not find required class 'org.springframework.data.redis.connection.RedisConnectionFactory' (OnClassCondition)

   RedisReactiveAutoConfiguration:
      Did not match:
         - @ConditionalOnClass did not find required class 'reactor.core.publisher.Flux' (OnClassCondition)

   RedisRepositoriesAutoConfiguration:
      Did not match:
         - @ConditionalOnClass did not find required class 'org.springframework.data.redis.repository.configuration.EnableRedisRepositories' (OnClassCondition)

   RemoteDevToolsAutoConfiguration:
      Did not match:
         - @ConditionalOnProperty (spring.devtools.remote.secret) did not find property 'secret' (OnPropertyCondition)
      Matched:
         - @ConditionalOnClass found required classes 'jakarta.servlet.Filter', 'org.springframework.http.server.ServerHttpRequest' (OnClassCondition)

   RepositoryRestMvcAutoConfiguration:
      Did not match:
         - @ConditionalOnClass did not find required class 'org.springframework.data.rest.webmvc.config.RepositoryRestMvcConfiguration' (OnClassCondition)

   Saml2RelyingPartyAutoConfiguration:
      Did not match:
         - @ConditionalOnClass did not find required class 'org.springframework.security.saml2.provider.service.registration.RelyingPartyRegistrationRepository' (OnClassCondition)

   SecurityDataConfiguration:
      Did not match:
         - @ConditionalOnClass did not find required class 'org.springframework.security.data.repository.query.SecurityEvaluationContextExtension' (OnClassCondition)

   SendGridAutoConfiguration:
      Did not match:
         - @ConditionalOnClass did not find required class 'com.sendgrid.SendGrid' (OnClassCondition)

   ServletWebServerFactoryAutoConfiguration.ForwardedHeaderFilterConfiguration:
      Did not match:
         - @ConditionalOnProperty (server.forward-headers-strategy=framework) did not find property 'server.forward-headers-strategy' (OnPropertyCondition)

   ServletWebServerFactoryConfiguration.EmbeddedJetty:
      Did not match:
         - @ConditionalOnClass did not find required classes 'org.eclipse.jetty.server.Server', 'org.eclipse.jetty.util.Loader', 'org.eclipse.jetty.ee10.webapp.WebAppContext' (OnClassCondition)

   ServletWebServerFactoryConfiguration.EmbeddedUndertow:
      Did not match:
         - @ConditionalOnClass did not find required classes 'io.undertow.Undertow', 'org.xnio.SslClientAuthMode' (OnClassCondition)

   SessionAutoConfiguration:
      Did not match:
         - @ConditionalOnClass did not find required class 'org.springframework.session.Session' (OnClassCondition)

   SpringBootWebSecurityConfiguration.SecurityFilterChainConfiguration:
      Did not match:
         - AllNestedConditions 1 matched 1 did not; NestedCondition on DefaultWebSecurityCondition.Beans @ConditionalOnMissingBean (types: org.springframework.security.web.SecurityFilterChain; SearchStrategy: all) found beans of type 'org.springframework.security.web.SecurityFilterChain' filterChain; NestedCondition on DefaultWebSecurityCondition.Classes @ConditionalOnClass found required classes 'org.springframework.security.web.SecurityFilterChain', 'org.springframework.security.config.annotation.web.builders.HttpSecurity' (DefaultWebSecurityCondition)

   SpringBootWebSecurityConfiguration.WebSecurityEnablerConfiguration:
      Did not match:
         - @ConditionalOnMissingBean (names: springSecurityFilterChain; SearchStrategy: all) found beans named springSecurityFilterChain (OnBeanCondition)
      Matched:
         - @ConditionalOnClass found required class 'org.springframework.security.config.annotation.web.configuration.EnableWebSecurity' (OnClassCondition)

   SpringDataWebAutoConfiguration:
      Did not match:
         - @ConditionalOnClass did not find required class 'org.springframework.data.web.PageableHandlerMethodArgumentResolver' (OnClassCondition)

   TaskExecutorConfigurations.SimpleAsyncTaskExecutorBuilderConfiguration#simpleAsyncTaskExecutorBuilderVirtualThreads:
      Did not match:
         - @ConditionalOnMissingBean (types: org.springframework.boot.task.SimpleAsyncTaskExecutorBuilder; SearchStrategy: all) found beans of type 'org.springframework.boot.task.SimpleAsyncTaskExecutorBuilder' simpleAsyncTaskExecutorBuilder (OnBeanCondition)

   TaskExecutorConfigurations.TaskExecutorConfiguration:
      Did not match:
         - @ConditionalOnMissingBean (types: java.util.concurrent.Executor; SearchStrategy: all) found beans of type 'java.util.concurrent.Executor' clientInboundChannelExecutor, clientOutboundChannelExecutor, brokerChannelExecutor (OnBeanCondition)

   TaskSchedulingAutoConfiguration#scheduledBeanLazyInitializationExcludeFilter:
      Did not match:
         - @ConditionalOnBean (names: org.springframework.context.annotation.internalScheduledAnnotationProcessor; SearchStrategy: all) did not find any beans named org.springframework.context.annotation.internalScheduledAnnotationProcessor (OnBeanCondition)

   TaskSchedulingConfigurations.SimpleAsyncTaskSchedulerBuilderConfiguration#simpleAsyncTaskSchedulerBuilderVirtualThreads:
      Did not match:
         - @ConditionalOnMissingBean (types: org.springframework.boot.task.SimpleAsyncTaskSchedulerBuilder; SearchStrategy: all) found beans of type 'org.springframework.boot.task.SimpleAsyncTaskSchedulerBuilder' simpleAsyncTaskSchedulerBuilder (OnBeanCondition)

   TaskSchedulingConfigurations.TaskSchedulerConfiguration:
      Did not match:
         - @ConditionalOnBean (names: org.springframework.context.annotation.internalScheduledAnnotationProcessor; SearchStrategy: all) did not find any beans named org.springframework.context.annotation.internalScheduledAnnotationProcessor (OnBeanCondition)

   ThymeleafAutoConfiguration:
      Did not match:
         - @ConditionalOnClass did not find required class 'org.thymeleaf.spring6.SpringTemplateEngine' (OnClassCondition)

   TransactionAutoConfiguration#transactionalOperator:
      Did not match:
         - @ConditionalOnSingleCandidate (types: org.springframework.transaction.ReactiveTransactionManager; SearchStrategy: all) did not find any beans (OnBeanCondition)

   TransactionAutoConfiguration.AspectJTransactionManagementConfiguration:
      Did not match:
         - @ConditionalOnBean did not find required type 'org.springframework.transaction.aspectj.AbstractTransactionAspect' (OnBeanCondition)
         - @ConditionalOnBean (types: org.springframework.transaction.aspectj.AbstractTransactionAspect; SearchStrategy: all) did not find any beans of type org.springframework.transaction.aspectj.AbstractTransactionAspect (OnBeanCondition)

   TransactionAutoConfiguration.EnableTransactionManagementConfiguration.JdkDynamicAutoProxyConfiguration:
      Did not match:
         - @ConditionalOnProperty (spring.aop.proxy-target-class=false) did not find property 'proxy-target-class' (OnPropertyCondition)

   WebClientAutoConfiguration:
      Did not match:
         - @ConditionalOnClass did not find required class 'org.springframework.web.reactive.function.client.WebClient' (OnClassCondition)

   WebFluxAutoConfiguration:
      Did not match:
         - @ConditionalOnClass did not find required class 'org.springframework.web.reactive.config.WebFluxConfigurer' (OnClassCondition)

   WebMvcAutoConfiguration#hiddenHttpMethodFilter:
      Did not match:
         - @ConditionalOnProperty (spring.mvc.hiddenmethod.filter.enabled) did not find property 'enabled' (OnPropertyCondition)

   WebMvcAutoConfiguration.ProblemDetailsErrorHandlingConfiguration:
      Did not match:
         - @ConditionalOnProperty (spring.mvc.problemdetails.enabled=true) did not find property 'enabled' (OnPropertyCondition)

   WebMvcAutoConfiguration.ResourceChainCustomizerConfiguration:
      Did not match:
         - @ConditionalOnEnabledResourceChain did not find class org.webjars.WebJarAssetLocator (OnEnabledResourceChainCondition)

   WebMvcAutoConfiguration.WebMvcAutoConfigurationAdapter#beanNameViewResolver:
      Did not match:
         - @ConditionalOnMissingBean (types: org.springframework.web.servlet.view.BeanNameViewResolver; SearchStrategy: all) found beans of type 'org.springframework.web.servlet.view.BeanNameViewResolver' beanNameViewResolver (OnBeanCondition)

   WebServiceTemplateAutoConfiguration:
      Did not match:
         - @ConditionalOnClass did not find required class 'org.springframework.oxm.Marshaller' (OnClassCondition)

   WebServicesAutoConfiguration:
      Did not match:
         - @ConditionalOnClass did not find required class 'org.springframework.ws.transport.http.MessageDispatcherServlet' (OnClassCondition)

   WebSessionIdResolverAutoConfiguration:
      Did not match:
         - @ConditionalOnClass did not find required class 'reactor.core.publisher.Mono' (OnClassCondition)

   WebSocketReactiveAutoConfiguration:
      Did not match:
         - @ConditionalOnWebApplication did not find reactive web application classes (OnWebApplicationCondition)

   WebSocketServletAutoConfiguration.JettyWebSocketConfiguration:
      Did not match:
         - @ConditionalOnClass did not find required class 'org.eclipse.jetty.ee10.websocket.jakarta.server.config.JakartaWebSocketServletContainerInitializer' (OnClassCondition)

   WebSocketServletAutoConfiguration.UndertowWebSocketConfiguration:
      Did not match:
         - @ConditionalOnClass did not find required class 'io.undertow.websockets.jsr.Bootstrap' (OnClassCondition)

   XADataSourceAutoConfiguration:
      Did not match:
         - @ConditionalOnClass did not find required class 'jakarta.transaction.TransactionManager' (OnClassCondition)


Exclusions:
-----------

    None


Unconditional classes:
----------------------

    org.springframework.boot.autoconfigure.context.ConfigurationPropertiesAutoConfiguration

    org.springframework.boot.autoconfigure.ssl.SslAutoConfiguration

    org.springframework.boot.autoconfigure.context.LifecycleAutoConfiguration

    org.springframework.boot.autoconfigure.context.PropertyPlaceholderAutoConfiguration

    org.springframework.boot.autoconfigure.availability.ApplicationAvailabilityAutoConfiguration

    org.springframework.boot.autoconfigure.info.ProjectInfoAutoConfiguration



INFO  24-11-07 19:31:03[restartedMain] [MustacheajaxApplication:56] - Started MustacheajaxApplication in 2.943 seconds (process running for 849.284)
DEBUG 24-11-07 19:31:03[restartedMain] [ApplicationAvailabilityBean:77] - Application availability state LivenessState changed to CORRECT
INFO  24-11-07 19:31:03[restartedMain] [ConditionEvaluationDeltaLoggingListener:63] - Condition evaluation unchanged
DEBUG 24-11-07 19:31:03[restartedMain] [ApplicationAvailabilityBean:77] - Application availability state ReadinessState changed to ACCEPTING_TRAFFIC
INFO  24-11-07 19:31:04[File Watcher] [LocalDevToolsAutoConfiguration$RestartingClassPathChangeChangedEventListener:211] - Restarting due to 62 class path changes (8 additions, 0 deletions, 54 modifications)
DEBUG 24-11-07 19:31:04[File Watcher] [LocalDevToolsAutoConfiguration$RestartingClassPathChangeChangedEventListener:212] - Change set: [D:\GithubWorkspace\sangbong3\sangbong3\mustacheajax\build\classes\java\main [D:\GithubWorkspace\sangbong3\sangbong3\mustacheajax\build\classes\java\main\com\softagape\mustacheajax\stomp\StompChatController.class (ADD), D:\GithubWorkspace\sangbong3\sangbong3\mustacheajax\build\classes\java\main\com\softagape\mustacheajax\stomp\StompRoomController.class (ADD), D:\GithubWorkspace\sangbong3\sangbong3\mustacheajax\build\classes\java\main\com\softagape\mustacheajax\stomp\StompRoomDto$StompRoomDtoBuilder.class (ADD), D:\GithubWorkspace\sangbong3\sangbong3\mustacheajax\build\classes\java\main\com\softagape\mustacheajax\stomp\StompRoomDto$StompRoomDtoBuilderImpl.class (ADD), D:\GithubWorkspace\sangbong3\sangbong3\mustacheajax\build\classes\java\main\com\softagape\mustacheajax\stomp\StompRoomDto.class (ADD), D:\GithubWorkspace\sangbong3\sangbong3\mustacheajax\build\classes\java\main\com\softagape\mustacheajax\stomp\StompRoomService.class (ADD)], D:\GithubWorkspace\sangbong3\sangbong3\mustacheajax\build\resources\main [D:\GithubWorkspace\sangbong3\sangbong3\mustacheajax\build\resources\main\application-dev.yml (MODIFY), D:\GithubWorkspace\sangbong3\sangbong3\mustacheajax\build\resources\main\application-local.yml (MODIFY), D:\GithubWorkspace\sangbong3\sangbong3\mustacheajax\build\resources\main\application-prod.yml (MODIFY), D:\GithubWorkspace\sangbong3\sangbong3\mustacheajax\build\resources\main\application.yml (MODIFY), D:\GithubWorkspace\sangbong3\sangbong3\mustacheajax\build\resources\main\log4jdbc.log4j2.properties (MODIFY), D:\GithubWorkspace\sangbong3\sangbong3\mustacheajax\build\resources\main\logback-dev.properties (MODIFY), D:\GithubWorkspace\sangbong3\sangbong3\mustacheajax\build\resources\main\logback-local.properties (MODIFY), D:\GithubWorkspace\sangbong3\sangbong3\mustacheajax\build\resources\main\logback-prod.properties (MODIFY), D:\GithubWorkspace\sangbong3\sangbong3\mustacheajax\build\resources\main\logback-spring.xml (MODIFY), D:\GithubWorkspace\sangbong3\sangbong3\mustacheajax\build\resources\main\mapper\board\BoardMybatisMapper.xml (MODIFY), D:\GithubWorkspace\sangbong3\sangbong3\mustacheajax\build\resources\main\mapper\board\comment\BoardCommentMybatisMapper.xml (MODIFY), D:\GithubWorkspace\sangbong3\sangbong3\mustacheajax\build\resources\main\mapper\category\CategoryMybatisMapper.xml (MODIFY), D:\GithubWorkspace\sangbong3\sangbong3\mustacheajax\build\resources\main\mapper\commentlike\CommentLikeMybatisMapper.xml (MODIFY), D:\GithubWorkspace\sangbong3\sangbong3\mustacheajax\build\resources\main\mapper\member\MemberMybatisMapper.xml (MODIFY), D:\GithubWorkspace\sangbong3\sangbong3\mustacheajax\build\resources\main\mapper\sbfile\SbFileMybatisMapper.xml (MODIFY), D:\GithubWorkspace\sangbong3\sangbong3\mustacheajax\build\resources\main\mapper\sblike\SbLikeMybatisMapper.xml (MODIFY), D:\GithubWorkspace\sangbong3\sangbong3\mustacheajax\build\resources\main\static\js\jquery-3.7.1.min.js (MODIFY), D:\GithubWorkspace\sangbong3\sangbong3\mustacheajax\build\resources\main\static\mazer\assets\compiled\css\app-dark.css (MODIFY), D:\GithubWorkspace\sangbong3\sangbong3\mustacheajax\build\resources\main\static\mazer\assets\compiled\css\app.css (MODIFY), D:\GithubWorkspace\sangbong3\sangbong3\mustacheajax\build\resources\main\static\mazer\assets\compiled\css\fonts\bootstrap-icons.woff2 (MODIFY), D:\GithubWorkspace\sangbong3\sangbong3\mustacheajax\build\resources\main\static\mazer\assets\compiled\css\fonts\Iconly---Bold.ttf (MODIFY), D:\GithubWorkspace\sangbong3\sangbong3\mustacheajax\build\resources\main\static\mazer\assets\compiled\css\fonts\Iconly---Bold.woff (MODIFY), D:\GithubWorkspace\sangbong3\sangbong3\mustacheajax\build\resources\main\static\mazer\assets\compiled\css\fonts\nunito-latin-300-normal.woff (MODIFY), D:\GithubWorkspace\sangbong3\sangbong3\mustacheajax\build\resources\main\static\mazer\assets\compiled\css\fonts\nunito-latin-300-normal.woff2 (MODIFY), D:\GithubWorkspace\sangbong3\sangbong3\mustacheajax\build\resources\main\static\mazer\assets\compiled\css\fonts\nunito-latin-400-normal.woff (MODIFY), D:\GithubWorkspace\sangbong3\sangbong3\mustacheajax\build\resources\main\static\mazer\assets\compiled\css\fonts\nunito-latin-400-normal.woff2 (MODIFY), D:\GithubWorkspace\sangbong3\sangbong3\mustacheajax\build\resources\main\static\mazer\assets\compiled\css\fonts\nunito-latin-600-normal.woff (MODIFY), D:\GithubWorkspace\sangbong3\sangbong3\mustacheajax\build\resources\main\static\mazer\assets\compiled\css\fonts\nunito-latin-600-normal.woff2 (MODIFY), D:\GithubWorkspace\sangbong3\sangbong3\mustacheajax\build\resources\main\static\mazer\assets\compiled\css\fonts\nunito-latin-700-normal.woff (MODIFY), D:\GithubWorkspace\sangbong3\sangbong3\mustacheajax\build\resources\main\static\mazer\assets\compiled\css\fonts\nunito-latin-700-normal.woff2 (MODIFY), D:\GithubWorkspace\sangbong3\sangbong3\mustacheajax\build\resources\main\static\mazer\assets\compiled\css\fonts\nunito-latin-800-normal.woff (MODIFY), D:\GithubWorkspace\sangbong3\sangbong3\mustacheajax\build\resources\main\static\mazer\assets\compiled\css\fonts\nunito-latin-800-normal.woff2 (MODIFY), D:\GithubWorkspace\sangbong3\sangbong3\mustacheajax\build\resources\main\static\mazer\assets\compiled\css\iconly.css (MODIFY), D:\GithubWorkspace\sangbong3\sangbong3\mustacheajax\build\resources\main\static\svg\heartOff.svg (MODIFY), D:\GithubWorkspace\sangbong3\sangbong3\mustacheajax\build\resources\main\static\svg\heartOn.svg (MODIFY), D:\GithubWorkspace\sangbong3\sangbong3\mustacheajax\build\resources\main\static\testmodal.html (MODIFY), D:\GithubWorkspace\sangbong3\sangbong3\mustacheajax\build\resources\main\stomp\stomproomdetail.html (MODIFY), D:\GithubWorkspace\sangbong3\sangbong3\mustacheajax\build\resources\main\stomp\stomproomlist.html (MODIFY), D:\GithubWorkspace\sangbong3\sangbong3\mustacheajax\build\resources\main\templates\admin\info.html (MODIFY), D:\GithubWorkspace\sangbong3\sangbong3\mustacheajax\build\resources\main\templates\board\board_ajx_list.html (MODIFY), D:\GithubWorkspace\sangbong3\sangbong3\mustacheajax\build\resources\main\templates\catajx\category_ajx_list.html (MODIFY), D:\GithubWorkspace\sangbong3\sangbong3\mustacheajax\build\resources\main\templates\catweb\category_add.html (MODIFY), D:\GithubWorkspace\sangbong3\sangbong3\mustacheajax\build\resources\main\templates\catweb\category_list.html (MODIFY), D:\GithubWorkspace\sangbong3\sangbong3\mustacheajax\build\resources\main\templates\catweb\category_view.html (MODIFY), D:\GithubWorkspace\sangbong3\sangbong3\mustacheajax\build\resources\main\templates\error\400.html (MODIFY), D:\GithubWorkspace\sangbong3\sangbong3\mustacheajax\build\resources\main\templates\error\404.html (MODIFY), D:\GithubWorkspace\sangbong3\sangbong3\mustacheajax\build\resources\main\templates\error\500.html (MODIFY), D:\GithubWorkspace\sangbong3\sangbong3\mustacheajax\build\resources\main\templates\index.html (MODIFY), D:\GithubWorkspace\sangbong3\sangbong3\mustacheajax\build\resources\main\templates\login\fail.html (MODIFY), D:\GithubWorkspace\sangbong3\sangbong3\mustacheajax\build\resources\main\templates\login\login.html (MODIFY), D:\GithubWorkspace\sangbong3\sangbong3\mustacheajax\build\resources\main\templates\login\signout.html (MODIFY), D:\GithubWorkspace\sangbong3\sangbong3\mustacheajax\build\resources\main\templates\login\signup.html (MODIFY), D:\GithubWorkspace\sangbong3\sangbong3\mustacheajax\build\resources\main\templates\member\member_ajx_list.html (MODIFY), D:\GithubWorkspace\sangbong3\sangbong3\mustacheajax\build\resources\main\templates\stomp\stomproomdetail.html (ADD), D:\GithubWorkspace\sangbong3\sangbong3\mustacheajax\build\resources\main\templates\stomp\stomproomlist.html (ADD), D:\GithubWorkspace\sangbong3\sangbong3\mustacheajax\build\resources\main\templates\user\info.html (MODIFY)]]
DEBUG 24-11-07 19:31:04[File Watcher] [Restarter:248] - Restarting application
DEBUG 24-11-07 19:31:04[Thread-7] [Restarter:304] - Stopping application
DEBUG 24-11-07 19:31:04[Thread-7] [ApplicationAvailabilityBean:77] - Application availability state ReadinessState changed from ACCEPTING_TRAFFIC to REFUSING_TRAFFIC
DEBUG 24-11-07 19:31:04[Thread-7] [AnnotationConfigServletWebServerApplicationContext:1134] - Closing org.springframework.boot.web.servlet.context.AnnotationConfigServletWebServerApplicationContext@156b8049, started on Thu Nov 07 19:31:00 KST 2024
DEBUG 24-11-07 19:31:04[Thread-7] [DefaultLifecycleProcessor:478] - Stopping beans in phase 2147483647
DEBUG 24-11-07 19:31:04[Thread-7] [DefaultLifecycleProcessor:350] - Bean 'stompWebSocketHandlerMapping' completed its stop procedure
DEBUG 24-11-07 19:31:04[Thread-7] [ExecutorSubscribableChannel:127] - clientOutboundChannel removed SubProtocolWebSocketHandler[StompSubProtocolHandler[v10.stomp, v11.stomp, v12.stomp]]
DEBUG 24-11-07 19:31:04[Thread-7] [DefaultLifecycleProcessor:350] - Bean 'subProtocolWebSocketHandler' completed its stop procedure
DEBUG 24-11-07 19:31:04[Thread-7] [DefaultLifecycleProcessor:350] - Bean 'clientInboundChannelExecutor' completed its stop procedure
DEBUG 24-11-07 19:31:04[Thread-7] [DefaultLifecycleProcessor:350] - Bean 'clientOutboundChannelExecutor' completed its stop procedure
DEBUG 24-11-07 19:31:04[Thread-7] [DefaultLifecycleProcessor:350] - Bean 'brokerChannelExecutor' completed its stop procedure
DEBUG 24-11-07 19:31:04[Thread-7] [ExecutorSubscribableChannel:127] - clientInboundChannel removed WebSocketAnnotationMethodMessageHandler[prefixes=[/pub/]]
DEBUG 24-11-07 19:31:04[Thread-7] [DefaultLifecycleProcessor:350] - Bean 'simpAnnotationMethodMessageHandler' completed its stop procedure
INFO  24-11-07 19:31:04[Thread-7] [SimpleBrokerMessageHandler:117] - Stopping...
INFO  24-11-07 19:31:04[Thread-7] [SimpleBrokerMessageHandler:117] - BrokerAvailabilityEvent[available=false, SimpleBrokerMessageHandler [org.springframework.messaging.simp.broker.DefaultSubscriptionRegistry@f8b2aa5]]
DEBUG 24-11-07 19:31:04[Thread-7] [ExecutorSubscribableChannel:127] - clientInboundChannel removed SimpleBrokerMessageHandler [org.springframework.messaging.simp.broker.DefaultSubscriptionRegistry@f8b2aa5]
DEBUG 24-11-07 19:31:04[Thread-7] [ExecutorSubscribableChannel:127] - brokerChannel removed SimpleBrokerMessageHandler [org.springframework.messaging.simp.broker.DefaultSubscriptionRegistry@f8b2aa5]
INFO  24-11-07 19:31:04[Thread-7] [SimpleBrokerMessageHandler:117] - Stopped.
DEBUG 24-11-07 19:31:04[Thread-7] [DefaultLifecycleProcessor:350] - Bean 'simpleBrokerMessageHandler' completed its stop procedure
DEBUG 24-11-07 19:31:04[Thread-7] [ExecutorSubscribableChannel:127] - clientInboundChannel removed UserDestinationMessageHandler[DefaultUserDestinationResolver[prefix=/user/]]
DEBUG 24-11-07 19:31:04[Thread-7] [ExecutorSubscribableChannel:127] - brokerChannel removed UserDestinationMessageHandler[DefaultUserDestinationResolver[prefix=/user/]]
DEBUG 24-11-07 19:31:04[Thread-7] [DefaultLifecycleProcessor:350] - Bean 'userDestinationMessageHandler' completed its stop procedure
DEBUG 24-11-07 19:31:04[Thread-7] [DefaultLifecycleProcessor:478] - Stopping beans in phase 2147482623
DEBUG 24-11-07 19:31:04[Thread-7] [DefaultLifecycleProcessor:350] - Bean 'webServerGracefulShutdown' completed its stop procedure
DEBUG 24-11-07 19:31:04[Thread-7] [DefaultLifecycleProcessor:478] - Stopping beans in phase 2147481599
INFO  24-11-07 19:31:04[Thread-7] [Http11NioProtocol:173] - Stopping ProtocolHandler ["http-nio-8088"]
DEBUG 24-11-07 19:31:04[Thread-7] [DefaultLifecycleProcessor:350] - Bean 'webServerStartStop' completed its stop procedure
DEBUG 24-11-07 19:31:04[Thread-7] [DefaultLifecycleProcessor:478] - Stopping beans in phase -2147483647
DEBUG 24-11-07 19:31:04[Thread-7] [DefaultLifecycleProcessor:350] - Bean 'springBootLoggingLifecycle' completed its stop procedure
DEBUG 24-11-07 19:31:04[Thread-7] [AnnotationMBeanExporter:468] - Unregistering JMX-exposed beans on shutdown
DEBUG 24-11-07 19:31:04[Thread-7] [AnnotationMBeanExporter:186] - Unregistering JMX-exposed beans
DEBUG 24-11-07 19:31:04[Thread-7] [ThreadPoolTaskExecutor:328] - Shutting down ExecutorService 'brokerChannelExecutor'
DEBUG 24-11-07 19:31:04[Thread-7] [ThreadPoolTaskScheduler:328] - Shutting down ExecutorService 'messageBrokerTaskScheduler'
DEBUG 24-11-07 19:31:04[Thread-7] [ThreadPoolTaskExecutor:328] - Shutting down ExecutorService 'clientOutboundChannelExecutor'
DEBUG 24-11-07 19:31:04[Thread-7] [ThreadPoolTaskExecutor:328] - Shutting down ExecutorService 'clientInboundChannelExecutor'
DEBUG 24-11-07 19:31:04[Thread-7] [Restarter:280] - Starting application com.softagape.mustacheajax.MustacheajaxApplication with URLs [file:/D:/GithubWorkspace/sangbong3/sangbong3/mustacheajax/build/classes/java/main/, file:/D:/GithubWorkspace/sangbong3/sangbong3/mustacheajax/build/resources/main/]
INFO  24-11-07 19:31:04[restartedMain] [MustacheajaxApplication:50] - Starting MustacheajaxApplication using Java 17 with PID 12088 (D:\GithubWorkspace\sangbong3\sangbong3\mustacheajax\build\classes\java\main started by admin in D:\GithubWorkspace\sangbong3\sangbong3\mustacheajax)
DEBUG 24-11-07 19:31:04[restartedMain] [MustacheajaxApplication:51] - Running with Spring Boot v3.3.2, Spring v6.1.11
INFO  24-11-07 19:31:04[restartedMain] [MustacheajaxApplication:660] - The following 1 profile is active: "local"
DEBUG 24-11-07 19:31:04[restartedMain] [SpringApplication:687] - Loading source class com.softagape.mustacheajax.MustacheajaxApplication
DEBUG 24-11-07 19:31:04[restartedMain] [AnnotationConfigServletWebServerApplicationContext:672] - Refreshing org.springframework.boot.web.servlet.context.AnnotationConfigServletWebServerApplicationContext@7b047844
DEBUG 24-11-07 19:31:04[restartedMain] [DefaultListableBeanFactory:225] - Creating shared instance of singleton bean 'org.springframework.context.annotation.internalConfigurationAnnotationProcessor'
DEBUG 24-11-07 19:31:04[restartedMain] [DefaultListableBeanFactory:225] - Creating shared instance of singleton bean 'org.springframework.boot.autoconfigure.internalCachingMetadataReaderFactory'
DEBUG 24-11-07 19:31:04[restartedMain] [ClassPathBeanDefinitionScanner:476] - Identified candidate component class: file [D:\GithubWorkspace\sangbong3\sangbong3\mustacheajax\build\classes\java\main\com\softagape\mustacheajax\board\BoardServiceImpl.class]
DEBUG 24-11-07 19:31:04[restartedMain] [ClassPathBeanDefinitionScanner:476] - Identified candidate component class: file [D:\GithubWorkspace\sangbong3\sangbong3\mustacheajax\build\classes\java\main\com\softagape\mustacheajax\board\BoardWebController.class]
DEBUG 24-11-07 19:31:04[restartedMain] [ClassPathBeanDefinitionScanner:476] - Identified candidate component class: file [D:\GithubWorkspace\sangbong3\sangbong3\mustacheajax\build\classes\java\main\com\softagape\mustacheajax\board\BoardWebRestController.class]
DEBUG 24-11-07 19:31:04[restartedMain] [ClassPathBeanDefinitionScanner:476] - Identified candidate component class: file [D:\GithubWorkspace\sangbong3\sangbong3\mustacheajax\build\classes\java\main\com\softagape\mustacheajax\board\comment\BoardCommentServiceImpl.class]
DEBUG 24-11-07 19:31:04[restartedMain] [ClassPathBeanDefinitionScanner:476] - Identified candidate component class: file [D:\GithubWorkspace\sangbong3\sangbong3\mustacheajax\build\classes\java\main\com\softagape\mustacheajax\board\comment\BoardCommentWebRestController.class]
DEBUG 24-11-07 19:31:04[restartedMain] [ClassPathBeanDefinitionScanner:476] - Identified candidate component class: file [D:\GithubWorkspace\sangbong3\sangbong3\mustacheajax\build\classes\java\main\com\softagape\mustacheajax\category\CategoryAjxController.class]
DEBUG 24-11-07 19:31:04[restartedMain] [ClassPathBeanDefinitionScanner:476] - Identified candidate component class: file [D:\GithubWorkspace\sangbong3\sangbong3\mustacheajax\build\classes\java\main\com\softagape\mustacheajax\category\CategoryServiceImpl.class]
DEBUG 24-11-07 19:31:04[restartedMain] [ClassPathBeanDefinitionScanner:476] - Identified candidate component class: file [D:\GithubWorkspace\sangbong3\sangbong3\mustacheajax\build\classes\java\main\com\softagape\mustacheajax\category\CategoryWebRestController.class]
DEBUG 24-11-07 19:31:04[restartedMain] [ClassPathBeanDefinitionScanner:476] - Identified candidate component class: file [D:\GithubWorkspace\sangbong3\sangbong3\mustacheajax\build\classes\java\main\com\softagape\mustacheajax\category\CatWebOldController.class]
DEBUG 24-11-07 19:31:04[restartedMain] [ClassPathBeanDefinitionScanner:476] - Identified candidate component class: file [D:\GithubWorkspace\sangbong3\sangbong3\mustacheajax\build\classes\java\main\com\softagape\mustacheajax\commentlike\CommentLikeServiceImpl.class]
DEBUG 24-11-07 19:31:04[restartedMain] [ClassPathBeanDefinitionScanner:476] - Identified candidate component class: file [D:\GithubWorkspace\sangbong3\sangbong3\mustacheajax\build\classes\java\main\com\softagape\mustacheajax\filecntl\FileCtrlService.class]
DEBUG 24-11-07 19:31:04[restartedMain] [ClassPathBeanDefinitionScanner:476] - Identified candidate component class: file [D:\GithubWorkspace\sangbong3\sangbong3\mustacheajax\build\classes\java\main\com\softagape\mustacheajax\member\MemberServiceImpl.class]
DEBUG 24-11-07 19:31:04[restartedMain] [ClassPathBeanDefinitionScanner:476] - Identified candidate component class: file [D:\GithubWorkspace\sangbong3\sangbong3\mustacheajax\build\classes\java\main\com\softagape\mustacheajax\member\MemberWebController.class]
DEBUG 24-11-07 19:31:04[restartedMain] [ClassPathBeanDefinitionScanner:476] - Identified candidate component class: file [D:\GithubWorkspace\sangbong3\sangbong3\mustacheajax\build\classes\java\main\com\softagape\mustacheajax\member\MemberWebRestController.class]
DEBUG 24-11-07 19:31:04[restartedMain] [ClassPathBeanDefinitionScanner:476] - Identified candidate component class: file [D:\GithubWorkspace\sangbong3\sangbong3\mustacheajax\build\classes\java\main\com\softagape\mustacheajax\sbfile\SbFileServiceImpl.class]
DEBUG 24-11-07 19:31:04[restartedMain] [ClassPathBeanDefinitionScanner:476] - Identified candidate component class: file [D:\GithubWorkspace\sangbong3\sangbong3\mustacheajax\build\classes\java\main\com\softagape\mustacheajax\sbfile\SbFileWebRestController.class]
DEBUG 24-11-07 19:31:04[restartedMain] [ClassPathBeanDefinitionScanner:476] - Identified candidate component class: file [D:\GithubWorkspace\sangbong3\sangbong3\mustacheajax\build\classes\java\main\com\softagape\mustacheajax\sblike\SbLikeServiceImpl.class]
DEBUG 24-11-07 19:31:04[restartedMain] [ClassPathBeanDefinitionScanner:476] - Identified candidate component class: file [D:\GithubWorkspace\sangbong3\sangbong3\mustacheajax\build\classes\java\main\com\softagape\mustacheajax\security\config\SbPasswordEncoder.class]
DEBUG 24-11-07 19:31:04[restartedMain] [ClassPathBeanDefinitionScanner:476] - Identified candidate component class: file [D:\GithubWorkspace\sangbong3\sangbong3\mustacheajax\build\classes\java\main\com\softagape\mustacheajax\security\config\SecurityConfig.class]
DEBUG 24-11-07 19:31:04[restartedMain] [ClassPathBeanDefinitionScanner:476] - Identified candidate component class: file [D:\GithubWorkspace\sangbong3\sangbong3\mustacheajax\build\classes\java\main\com\softagape\mustacheajax\security\controller\AdminController.class]
DEBUG 24-11-07 19:31:04[restartedMain] [ClassPathBeanDefinitionScanner:476] - Identified candidate component class: file [D:\GithubWorkspace\sangbong3\sangbong3\mustacheajax\build\classes\java\main\com\softagape\mustacheajax\security\controller\AllControllerAdvice.class]
DEBUG 24-11-07 19:31:04[restartedMain] [ClassPathBeanDefinitionScanner:476] - Identified candidate component class: file [D:\GithubWorkspace\sangbong3\sangbong3\mustacheajax\build\classes\java\main\com\softagape\mustacheajax\security\controller\IndexController.class]
DEBUG 24-11-07 19:31:04[restartedMain] [ClassPathBeanDefinitionScanner:476] - Identified candidate component class: file [D:\GithubWorkspace\sangbong3\sangbong3\mustacheajax\build\classes\java\main\com\softagape\mustacheajax\security\controller\LoginCookieController.class]
DEBUG 24-11-07 19:31:04[restartedMain] [ClassPathBeanDefinitionScanner:476] - Identified candidate component class: file [D:\GithubWorkspace\sangbong3\sangbong3\mustacheajax\build\classes\java\main\com\softagape\mustacheajax\security\controller\LoginSessionController.class]
DEBUG 24-11-07 19:31:04[restartedMain] [ClassPathBeanDefinitionScanner:476] - Identified candidate component class: file [D:\GithubWorkspace\sangbong3\sangbong3\mustacheajax\build\classes\java\main\com\softagape\mustacheajax\security\controller\UserController.class]
DEBUG 24-11-07 19:31:04[restartedMain] [ClassPathBeanDefinitionScanner:476] - Identified candidate component class: file [D:\GithubWorkspace\sangbong3\sangbong3\mustacheajax\build\classes\java\main\com\softagape\mustacheajax\stomp\StompChatController.class]
DEBUG 24-11-07 19:31:04[restartedMain] [ClassPathBeanDefinitionScanner:476] - Identified candidate component class: file [D:\GithubWorkspace\sangbong3\sangbong3\mustacheajax\build\classes\java\main\com\softagape\mustacheajax\stomp\StompConfiguration.class]
DEBUG 24-11-07 19:31:04[restartedMain] [ClassPathBeanDefinitionScanner:476] - Identified candidate component class: file [D:\GithubWorkspace\sangbong3\sangbong3\mustacheajax\build\classes\java\main\com\softagape\mustacheajax\stomp\StompRoomController.class]
DEBUG 24-11-07 19:31:04[restartedMain] [ClassPathBeanDefinitionScanner:476] - Identified candidate component class: file [D:\GithubWorkspace\sangbong3\sangbong3\mustacheajax\build\classes\java\main\com\softagape\mustacheajax\stomp\StompRoomService.class]
DEBUG 24-11-07 19:31:05[restartedMain] [DefaultListableBeanFactory:225] - Creating shared instance of singleton bean 'org.springframework.boot.autoconfigure.AutoConfigurationPackages'
DEBUG 24-11-07 19:31:05[restartedMain] [AutoConfigurationPackages:213] - @EnableAutoConfiguration was declared on a class in the package 'com.softagape.mustacheajax'. Automatic @Repository and @Entity scanning is enabled.
DEBUG 24-11-07 19:31:05[restartedMain] [MybatisAutoConfiguration:247] - Searching for mappers annotated with @Mapper
DEBUG 24-11-07 19:31:05[restartedMain] [MybatisAutoConfiguration:251] - Using auto-configuration base package 'com.softagape.mustacheajax'
DEBUG 24-11-07 19:31:05[restartedMain] [DefaultListableBeanFactory:225] - Creating shared instance of singleton bean 'springSecurityHandlerMappingIntrospectorBeanDefinitionRegistryPostProcessor'
DEBUG 24-11-07 19:31:05[restartedMain] [DefaultListableBeanFactory:225] - Creating shared instance of singleton bean 'org.mybatis.spring.mapper.MapperScannerConfigurer'
DEBUG 24-11-07 19:31:05[restartedMain] [DefaultListableBeanFactory:225] - Creating shared instance of singleton bean 'propertySourcesPlaceholderConfigurer'
DEBUG 24-11-07 19:31:05[restartedMain] [ClassPathMapperScanner:476] - Identified candidate component class: file [D:\GithubWorkspace\sangbong3\sangbong3\mustacheajax\build\classes\java\main\com\softagape\mustacheajax\board\comment\IBoardCommentMybatisMapper.class]
DEBUG 24-11-07 19:31:05[restartedMain] [ClassPathMapperScanner:476] - Identified candidate component class: file [D:\GithubWorkspace\sangbong3\sangbong3\mustacheajax\build\classes\java\main\com\softagape\mustacheajax\board\IBoardMybatisMapper.class]
DEBUG 24-11-07 19:31:05[restartedMain] [ClassPathMapperScanner:476] - Identified candidate component class: file [D:\GithubWorkspace\sangbong3\sangbong3\mustacheajax\build\classes\java\main\com\softagape\mustacheajax\category\ICategoryMybatisMapper.class]
DEBUG 24-11-07 19:31:05[restartedMain] [ClassPathMapperScanner:476] - Identified candidate component class: file [D:\GithubWorkspace\sangbong3\sangbong3\mustacheajax\build\classes\java\main\com\softagape\mustacheajax\commentlike\ICommentLikeMybatisMapper.class]
DEBUG 24-11-07 19:31:05[restartedMain] [ClassPathMapperScanner:476] - Identified candidate component class: file [D:\GithubWorkspace\sangbong3\sangbong3\mustacheajax\build\classes\java\main\com\softagape\mustacheajax\member\IMemberMybatisMapper.class]
DEBUG 24-11-07 19:31:05[restartedMain] [ClassPathMapperScanner:476] - Identified candidate component class: file [D:\GithubWorkspace\sangbong3\sangbong3\mustacheajax\build\classes\java\main\com\softagape\mustacheajax\sbfile\ISbFileMybatisMapper.class]
DEBUG 24-11-07 19:31:05[restartedMain] [ClassPathMapperScanner:476] - Identified candidate component class: file [D:\GithubWorkspace\sangbong3\sangbong3\mustacheajax\build\classes\java\main\com\softagape\mustacheajax\sblike\ISbLikeMybatisMapper.class]
DEBUG 24-11-07 19:31:05[restartedMain] [ClassPathMapperScanner:49] - Creating MapperFactoryBean with name 'IBoardCommentMybatisMapper' and 'com.softagape.mustacheajax.board.comment.IBoardCommentMybatisMapper' mapperInterface
DEBUG 24-11-07 19:31:05[restartedMain] [ClassPathMapperScanner:49] - Creating MapperFactoryBean with name 'IBoardMybatisMapper' and 'com.softagape.mustacheajax.board.IBoardMybatisMapper' mapperInterface
DEBUG 24-11-07 19:31:05[restartedMain] [ClassPathMapperScanner:49] - Creating MapperFactoryBean with name 'ICategoryMybatisMapper' and 'com.softagape.mustacheajax.category.ICategoryMybatisMapper' mapperInterface
DEBUG 24-11-07 19:31:05[restartedMain] [ClassPathMapperScanner:49] - Creating MapperFactoryBean with name 'ICommentLikeMybatisMapper' and 'com.softagape.mustacheajax.commentlike.ICommentLikeMybatisMapper' mapperInterface
DEBUG 24-11-07 19:31:05[restartedMain] [ClassPathMapperScanner:49] - Creating MapperFactoryBean with name 'IMemberMybatisMapper' and 'com.softagape.mustacheajax.member.IMemberMybatisMapper' mapperInterface
DEBUG 24-11-07 19:31:05[restartedMain] [ClassPathMapperScanner:49] - Creating MapperFactoryBean with name 'ISbFileMybatisMapper' and 'com.softagape.mustacheajax.sbfile.ISbFileMybatisMapper' mapperInterface
DEBUG 24-11-07 19:31:05[restartedMain] [ClassPathMapperScanner:49] - Creating MapperFactoryBean with name 'ISbLikeMybatisMapper' and 'com.softagape.mustacheajax.sblike.ISbLikeMybatisMapper' mapperInterface
DEBUG 24-11-07 19:31:05[restartedMain] [DefaultListableBeanFactory:225] - Creating shared instance of singleton bean 'webSocketScopeConfigurer'
DEBUG 24-11-07 19:31:05[restartedMain] [DefaultListableBeanFactory:225] - Creating shared instance of singleton bean 'org.springframework.boot.sql.init.dependency.DatabaseInitializationDependencyConfigurer$DependsOnDatabaseInitializationPostProcessor'
DEBUG 24-11-07 19:31:05[restartedMain] [DefaultListableBeanFactory:225] - Creating shared instance of singleton bean 'org.springframework.context.event.internalEventListenerProcessor'
DEBUG 24-11-07 19:31:05[restartedMain] [DefaultListableBeanFactory:225] - Creating shared instance of singleton bean 'conversionServicePostProcessor'
DEBUG 24-11-07 19:31:05[restartedMain] [DefaultListableBeanFactory:225] - Creating shared instance of singleton bean 'preserveErrorControllerTargetClassPostProcessor'
DEBUG 24-11-07 19:31:05[restartedMain] [DefaultListableBeanFactory:225] - Creating shared instance of singleton bean 'forceAutoProxyCreatorToUseClassProxying'
DEBUG 24-11-07 19:31:05[restartedMain] [DefaultListableBeanFactory:225] - Creating shared instance of singleton bean 'org.springframework.context.event.internalEventListenerFactory'
DEBUG 24-11-07 19:31:05[restartedMain] [DefaultListableBeanFactory:225] - Creating shared instance of singleton bean 'org.springframework.transaction.config.internalTransactionalEventListenerFactory'
DEBUG 24-11-07 19:31:05[restartedMain] [DefaultListableBeanFactory:225] - Creating shared instance of singleton bean 'org.springframework.context.annotation.internalAutowiredAnnotationProcessor'
DEBUG 24-11-07 19:31:05[restartedMain] [DefaultListableBeanFactory:225] - Creating shared instance of singleton bean 'org.springframework.context.annotation.internalCommonAnnotationProcessor'
DEBUG 24-11-07 19:31:05[restartedMain] [DefaultListableBeanFactory:225] - Creating shared instance of singleton bean 'org.springframework.boot.context.properties.ConfigurationPropertiesBindingPostProcessor'
DEBUG 24-11-07 19:31:05[restartedMain] [DefaultListableBeanFactory:225] - Creating shared instance of singleton bean 'org.springframework.boot.context.internalConfigurationPropertiesBinder'
DEBUG 24-11-07 19:31:05[restartedMain] [DefaultListableBeanFactory:225] - Creating shared instance of singleton bean 'jdbcConnectionDetailsHikariBeanPostProcessor'
DEBUG 24-11-07 19:31:05[restartedMain] [DefaultListableBeanFactory:225] - Creating shared instance of singleton bean 'methodValidationPostProcessor'
DEBUG 24-11-07 19:31:05[restartedMain] [DefaultListableBeanFactory:945] - Autowiring by type from bean name 'methodValidationPostProcessor' via factory method to bean named 'environment'
DEBUG 24-11-07 19:31:05[restartedMain] [DefaultListableBeanFactory:225] - Creating shared instance of singleton bean 'org.springframework.boot.context.properties.EnableConfigurationPropertiesRegistrar.methodValidationExcludeFilter'
DEBUG 24-11-07 19:31:05[restartedMain] [DefaultListableBeanFactory:225] - Creating shared instance of singleton bean 'persistenceExceptionTranslationPostProcessor'
DEBUG 24-11-07 19:31:05[restartedMain] [DefaultListableBeanFactory:945] - Autowiring by type from bean name 'persistenceExceptionTranslationPostProcessor' via factory method to bean named 'environment'
DEBUG 24-11-07 19:31:05[restartedMain] [DefaultListableBeanFactory:225] - Creating shared instance of singleton bean 'org.springframework.aop.config.internalAutoProxyCreator'
DEBUG 24-11-07 19:31:05[restartedMain] [DefaultListableBeanFactory:225] - Creating shared instance of singleton bean 'webServerFactoryCustomizerBeanPostProcessor'
DEBUG 24-11-07 19:31:05[restartedMain] [DefaultListableBeanFactory:225] - Creating shared instance of singleton bean 'errorPageRegistrarBeanPostProcessor'
DEBUG 24-11-07 19:31:05[restartedMain] [UiApplicationContextUtils:86] - Unable to locate ThemeSource with name 'themeSource': using default [org.springframework.ui.context.support.ResourceBundleThemeSource@21d8515e]
DEBUG 24-11-07 19:31:05[restartedMain] [DefaultListableBeanFactory:225] - Creating shared instance of singleton bean 'tomcatServletWebServerFactory'
DEBUG 24-11-07 19:31:05[restartedMain] [DefaultListableBeanFactory:225] - Creating shared instance of singleton bean 'org.springframework.boot.autoconfigure.web.servlet.ServletWebServerFactoryConfiguration$EmbeddedTomcat'
DEBUG 24-11-07 19:31:05[restartedMain] [DefaultListableBeanFactory:225] - Creating shared instance of singleton bean 'org.springframework.transaction.config.internalTransactionAdvisor'
DEBUG 24-11-07 19:31:05[restartedMain] [DefaultListableBeanFactory:225] - Creating shared instance of singleton bean 'org.springframework.transaction.annotation.ProxyTransactionManagementConfiguration'
DEBUG 24-11-07 19:31:05[restartedMain] [DefaultListableBeanFactory:225] - Creating shared instance of singleton bean 'transactionAttributeSource'
DEBUG 24-11-07 19:31:05[restartedMain] [DefaultListableBeanFactory:225] - Creating shared instance of singleton bean 'transactionInterceptor'
DEBUG 24-11-07 19:31:05[restartedMain] [DefaultListableBeanFactory:945] - Autowiring by type from bean name 'transactionInterceptor' via factory method to bean named 'transactionAttributeSource'
DEBUG 24-11-07 19:31:05[restartedMain] [DefaultListableBeanFactory:945] - Autowiring by type from bean name 'org.springframework.transaction.config.internalTransactionAdvisor' via factory method to bean named 'transactionAttributeSource'
DEBUG 24-11-07 19:31:05[restartedMain] [DefaultListableBeanFactory:945] - Autowiring by type from bean name 'org.springframework.transaction.config.internalTransactionAdvisor' via factory method to bean named 'transactionInterceptor'
DEBUG 24-11-07 19:31:05[restartedMain] [DefaultListableBeanFactory:225] - Creating shared instance of singleton bean 'websocketServletWebServerCustomizer'
DEBUG 24-11-07 19:31:05[restartedMain] [DefaultListableBeanFactory:225] - Creating shared instance of singleton bean 'org.springframework.boot.autoconfigure.websocket.servlet.WebSocketServletAutoConfiguration$TomcatWebSocketConfiguration'
DEBUG 24-11-07 19:31:05[restartedMain] [DefaultListableBeanFactory:225] - Creating shared instance of singleton bean 'servletWebServerFactoryCustomizer'
DEBUG 24-11-07 19:31:05[restartedMain] [DefaultListableBeanFactory:225] - Creating shared instance of singleton bean 'org.springframework.boot.autoconfigure.web.servlet.ServletWebServerFactoryAutoConfiguration'
DEBUG 24-11-07 19:31:05[restartedMain] [DefaultListableBeanFactory:225] - Creating shared instance of singleton bean 'server-org.springframework.boot.autoconfigure.web.ServerProperties'
DEBUG 24-11-07 19:31:05[restartedMain] [DefaultListableBeanFactory:225] - Creating shared instance of singleton bean 'org.springframework.boot.context.properties.BoundConfigurationProperties'
DEBUG 24-11-07 19:31:05[restartedMain] [DefaultListableBeanFactory:945] - Autowiring by type from bean name 'servletWebServerFactoryCustomizer' via factory method to bean named 'server-org.springframework.boot.autoconfigure.web.ServerProperties'
DEBUG 24-11-07 19:31:05[restartedMain] [DefaultListableBeanFactory:225] - Creating shared instance of singleton bean 'sslBundleRegistry'
DEBUG 24-11-07 19:31:05[restartedMain] [DefaultListableBeanFactory:225] - Creating shared instance of singleton bean 'org.springframework.boot.autoconfigure.ssl.SslAutoConfiguration'
DEBUG 24-11-07 19:31:05[restartedMain] [DefaultListableBeanFactory:225] - Creating shared instance of singleton bean 'spring.ssl-org.springframework.boot.autoconfigure.ssl.SslProperties'
DEBUG 24-11-07 19:31:05[restartedMain] [DefaultListableBeanFactory:945] - Autowiring by type from bean name 'org.springframework.boot.autoconfigure.ssl.SslAutoConfiguration' via constructor to bean named 'spring.ssl-org.springframework.boot.autoconfigure.ssl.SslProperties'
DEBUG 24-11-07 19:31:05[restartedMain] [DefaultListableBeanFactory:225] - Creating shared instance of singleton bean 'sslPropertiesSslBundleRegistrar'
DEBUG 24-11-07 19:31:05[restartedMain] [DefaultListableBeanFactory:225] - Creating shared instance of singleton bean 'fileWatcher'
DEBUG 24-11-07 19:31:05[restartedMain] [DefaultListableBeanFactory:945] - Autowiring by type from bean name 'sslPropertiesSslBundleRegistrar' via factory method to bean named 'fileWatcher'
DEBUG 24-11-07 19:31:05[restartedMain] [DefaultListableBeanFactory:225] - Creating shared instance of singleton bean 'tomcatServletWebServerFactoryCustomizer'
DEBUG 24-11-07 19:31:05[restartedMain] [DefaultListableBeanFactory:945] - Autowiring by type from bean name 'tomcatServletWebServerFactoryCustomizer' via factory method to bean named 'server-org.springframework.boot.autoconfigure.web.ServerProperties'
DEBUG 24-11-07 19:31:05[restartedMain] [DefaultListableBeanFactory:225] - Creating shared instance of singleton bean 'tomcatWebServerFactoryCustomizer'
DEBUG 24-11-07 19:31:05[restartedMain] [DefaultListableBeanFactory:225] - Creating shared instance of singleton bean 'org.springframework.boot.autoconfigure.web.embedded.EmbeddedWebServerFactoryCustomizerAutoConfiguration$TomcatWebServerFactoryCustomizerConfiguration'
DEBUG 24-11-07 19:31:05[restartedMain] [DefaultListableBeanFactory:945] - Autowiring by type from bean name 'tomcatWebServerFactoryCustomizer' via factory method to bean named 'environment'
DEBUG 24-11-07 19:31:05[restartedMain] [DefaultListableBeanFactory:945] - Autowiring by type from bean name 'tomcatWebServerFactoryCustomizer' via factory method to bean named 'server-org.springframework.boot.autoconfigure.web.ServerProperties'
DEBUG 24-11-07 19:31:05[restartedMain] [DefaultListableBeanFactory:225] - Creating shared instance of singleton bean 'localeCharsetMappingsCustomizer'
DEBUG 24-11-07 19:31:05[restartedMain] [DefaultListableBeanFactory:225] - Creating shared instance of singleton bean 'org.springframework.boot.autoconfigure.web.servlet.HttpEncodingAutoConfiguration'
DEBUG 24-11-07 19:31:05[restartedMain] [DefaultListableBeanFactory:945] - Autowiring by type from bean name 'org.springframework.boot.autoconfigure.web.servlet.HttpEncodingAutoConfiguration' via constructor to bean named 'server-org.springframework.boot.autoconfigure.web.ServerProperties'
DEBUG 24-11-07 19:31:05[restartedMain] [DefaultListableBeanFactory:225] - Creating shared instance of singleton bean 'errorPageCustomizer'
DEBUG 24-11-07 19:31:05[restartedMain] [DefaultListableBeanFactory:225] - Creating shared instance of singleton bean 'org.springframework.boot.autoconfigure.web.servlet.error.ErrorMvcAutoConfiguration'
DEBUG 24-11-07 19:31:05[restartedMain] [DefaultListableBeanFactory:945] - Autowiring by type from bean name 'org.springframework.boot.autoconfigure.web.servlet.error.ErrorMvcAutoConfiguration' via constructor to bean named 'server-org.springframework.boot.autoconfigure.web.ServerProperties'
DEBUG 24-11-07 19:31:05[restartedMain] [DefaultListableBeanFactory:225] - Creating shared instance of singleton bean 'dispatcherServletRegistration'
DEBUG 24-11-07 19:31:05[restartedMain] [DefaultListableBeanFactory:225] - Creating shared instance of singleton bean 'org.springframework.boot.autoconfigure.web.servlet.DispatcherServletAutoConfiguration$DispatcherServletRegistrationConfiguration'
DEBUG 24-11-07 19:31:05[restartedMain] [DefaultListableBeanFactory:225] - Creating shared instance of singleton bean 'dispatcherServlet'
DEBUG 24-11-07 19:31:05[restartedMain] [DefaultListableBeanFactory:225] - Creating shared instance of singleton bean 'org.springframework.boot.autoconfigure.web.servlet.DispatcherServletAutoConfiguration$DispatcherServletConfiguration'
DEBUG 24-11-07 19:31:05[restartedMain] [DefaultListableBeanFactory:225] - Creating shared instance of singleton bean 'spring.mvc-org.springframework.boot.autoconfigure.web.servlet.WebMvcProperties'
DEBUG 24-11-07 19:31:05[restartedMain] [DefaultListableBeanFactory:945] - Autowiring by type from bean name 'dispatcherServlet' via factory method to bean named 'spring.mvc-org.springframework.boot.autoconfigure.web.servlet.WebMvcProperties'
DEBUG 24-11-07 19:31:05[restartedMain] [DefaultListableBeanFactory:945] - Autowiring by type from bean name 'dispatcherServletRegistration' via factory method to bean named 'dispatcherServlet'
DEBUG 24-11-07 19:31:05[restartedMain] [DefaultListableBeanFactory:945] - Autowiring by type from bean name 'dispatcherServletRegistration' via factory method to bean named 'spring.mvc-org.springframework.boot.autoconfigure.web.servlet.WebMvcProperties'
DEBUG 24-11-07 19:31:05[restartedMain] [DefaultListableBeanFactory:225] - Creating shared instance of singleton bean 'multipartConfigElement'
DEBUG 24-11-07 19:31:05[restartedMain] [DefaultListableBeanFactory:225] - Creating shared instance of singleton bean 'org.springframework.boot.autoconfigure.web.servlet.MultipartAutoConfiguration'
DEBUG 24-11-07 19:31:05[restartedMain] [DefaultListableBeanFactory:225] - Creating shared instance of singleton bean 'spring.servlet.multipart-org.springframework.boot.autoconfigure.web.servlet.MultipartProperties'
DEBUG 24-11-07 19:31:05[restartedMain] [DefaultListableBeanFactory:945] - Autowiring by type from bean name 'org.springframework.boot.autoconfigure.web.servlet.MultipartAutoConfiguration' via constructor to bean named 'spring.servlet.multipart-org.springframework.boot.autoconfigure.web.servlet.MultipartProperties'
DEBUG 24-11-07 19:31:05[restartedMain] [DefaultListableBeanFactory:945] - Autowiring by type from bean name 'errorPageCustomizer' via factory method to bean named 'dispatcherServletRegistration'
DEBUG 24-11-07 19:31:05[restartedMain] [TomcatServletWebServerFactory:81] - Code archive: C:\Users\admin\.gradle\caches\modules-2\files-2.1\org.springframework.boot\spring-boot\3.3.2\72a257d5518b2b8b9949a26543cdb3a4e67de5f8\spring-boot-3.3.2.jar
DEBUG 24-11-07 19:31:05[restartedMain] [TomcatServletWebServerFactory:125] - Code archive: C:\Users\admin\.gradle\caches\modules-2\files-2.1\org.springframework.boot\spring-boot\3.3.2\72a257d5518b2b8b9949a26543cdb3a4e67de5f8\spring-boot-3.3.2.jar
DEBUG 24-11-07 19:31:05[restartedMain] [TomcatServletWebServerFactory:149] - None of the document roots [src/main/webapp, public, static] point to a directory and will be ignored.
INFO  24-11-07 19:31:05[restartedMain] [TomcatWebServer:111] - Tomcat initialized with port 8088 (http)
INFO  24-11-07 19:31:05[restartedMain] [Http11NioProtocol:173] - Initializing ProtocolHandler ["http-nio-8088"]
INFO  24-11-07 19:31:05[restartedMain] [StandardService:173] - Starting service [Tomcat]
INFO  24-11-07 19:31:05[restartedMain] [StandardEngine:173] - Starting Servlet engine: [Apache Tomcat/10.1.26]
INFO  24-11-07 19:31:05[restartedMain] [[/]:173] - Initializing Spring embedded WebApplicationContext
DEBUG 24-11-07 19:31:05[restartedMain] [ServletWebServerApplicationContext:290] - Published root WebApplicationContext as ServletContext attribute with name [org.springframework.web.context.WebApplicationContext.ROOT]
INFO  24-11-07 19:31:05[restartedMain] [ServletWebServerApplicationContext:296] - Root WebApplicationContext: initialization completed in 620 ms
DEBUG 24-11-07 19:31:05[restartedMain] [DefaultListableBeanFactory:225] - Creating shared instance of singleton bean 'securityFilterChainRegistration'
DEBUG 24-11-07 19:31:05[restartedMain] [DefaultListableBeanFactory:225] - Creating shared instance of singleton bean 'org.springframework.boot.autoconfigure.security.servlet.SecurityFilterAutoConfiguration'
DEBUG 24-11-07 19:31:05[restartedMain] [DefaultListableBeanFactory:225] - Creating shared instance of singleton bean 'spring.security-org.springframework.boot.autoconfigure.security.SecurityProperties'
DEBUG 24-11-07 19:31:05[restartedMain] [DefaultListableBeanFactory:945] - Autowiring by type from bean name 'securityFilterChainRegistration' via factory method to bean named 'spring.security-org.springframework.boot.autoconfigure.security.SecurityProperties'
DEBUG 24-11-07 19:31:05[restartedMain] [DefaultListableBeanFactory:225] - Creating shared instance of singleton bean 'requestContextFilter'
DEBUG 24-11-07 19:31:05[restartedMain] [DefaultListableBeanFactory:225] - Creating shared instance of singleton bean 'formContentFilter'
DEBUG 24-11-07 19:31:05[restartedMain] [DefaultListableBeanFactory:225] - Creating shared instance of singleton bean 'org.springframework.boot.autoconfigure.web.servlet.WebMvcAutoConfiguration'
DEBUG 24-11-07 19:31:05[restartedMain] [DefaultListableBeanFactory:225] - Creating shared instance of singleton bean 'characterEncodingFilter'
DEBUG 24-11-07 19:31:05[restartedMain] [ServletContextInitializerBeans:235] - Mapping filters: springSecurityFilterChain urls=[/*] order=-100, characterEncodingFilter urls=[/*] order=-2147483648, formContentFilter urls=[/*] order=-9900, requestContextFilter urls=[/*] order=-105
DEBUG 24-11-07 19:31:05[restartedMain] [ServletContextInitializerBeans:235] - Mapping servlets: dispatcherServlet urls=[/]
DEBUG 24-11-07 19:31:05[restartedMain] [OrderedRequestContextFilter:240] - Filter 'requestContextFilter' configured for use
DEBUG 24-11-07 19:31:05[restartedMain] [OrderedCharacterEncodingFilter:240] - Filter 'characterEncodingFilter' configured for use
DEBUG 24-11-07 19:31:05[restartedMain] [DelegatingFilterProxyRegistrationBean$1:240] - Filter 'springSecurityFilterChain' configured for use
DEBUG 24-11-07 19:31:05[restartedMain] [OrderedFormContentFilter:240] - Filter 'formContentFilter' configured for use
DEBUG 24-11-07 19:31:05[restartedMain] [DefaultListableBeanFactory:225] - Creating shared instance of singleton bean 'mustacheajaxApplication'
DEBUG 24-11-07 19:31:05[restartedMain] [DefaultListableBeanFactory:225] - Creating shared instance of singleton bean 'boardServiceImpl'
DEBUG 24-11-07 19:31:05[restartedMain] [DefaultListableBeanFactory:225] - Creating shared instance of singleton bean 'IBoardMybatisMapper'
DEBUG 24-11-07 19:31:05[restartedMain] [DefaultListableBeanFactory:225] - Creating shared instance of singleton bean 'dataSourceScriptDatabaseInitializer'
DEBUG 24-11-07 19:31:05[restartedMain] [DefaultListableBeanFactory:225] - Creating shared instance of singleton bean 'org.springframework.boot.autoconfigure.sql.init.DataSourceInitializationConfiguration'
DEBUG 24-11-07 19:31:05[restartedMain] [DefaultListableBeanFactory:225] - Creating shared instance of singleton bean 'dataSource'
DEBUG 24-11-07 19:31:05[restartedMain] [DefaultListableBeanFactory:225] - Creating shared instance of singleton bean 'org.springframework.boot.autoconfigure.jdbc.DataSourceConfiguration$Hikari'
DEBUG 24-11-07 19:31:05[restartedMain] [DefaultListableBeanFactory:225] - Creating shared instance of singleton bean 'spring.datasource-org.springframework.boot.autoconfigure.jdbc.DataSourceProperties'
DEBUG 24-11-07 19:31:05[restartedMain] [DefaultListableBeanFactory:225] - Creating shared instance of singleton bean 'jdbcConnectionDetails'
DEBUG 24-11-07 19:31:05[restartedMain] [DefaultListableBeanFactory:225] - Creating shared instance of singleton bean 'org.springframework.boot.autoconfigure.jdbc.DataSourceAutoConfiguration$PooledDataSourceConfiguration'
DEBUG 24-11-07 19:31:05[restartedMain] [DefaultListableBeanFactory:945] - Autowiring by type from bean name 'jdbcConnectionDetails' via factory method to bean named 'spring.datasource-org.springframework.boot.autoconfigure.jdbc.DataSourceProperties'
DEBUG 24-11-07 19:31:05[restartedMain] [DefaultListableBeanFactory:945] - Autowiring by type from bean name 'dataSource' via factory method to bean named 'spring.datasource-org.springframework.boot.autoconfigure.jdbc.DataSourceProperties'
DEBUG 24-11-07 19:31:05[restartedMain] [DefaultListableBeanFactory:945] - Autowiring by type from bean name 'dataSource' via factory method to bean named 'jdbcConnectionDetails'
DEBUG 24-11-07 19:31:05[restartedMain] [HikariConfig:974] - Driver class net.sf.log4jdbc.sql.jdbcapi.DriverSpy found in Thread context class loader org.springframework.boot.devtools.restart.classloader.RestartClassLoader@df1daa8
DEBUG 24-11-07 19:31:05[restartedMain] [DefaultListableBeanFactory:225] - Creating shared instance of singleton bean 'spring.sql.init-org.springframework.boot.autoconfigure.sql.init.SqlInitializationProperties'
DEBUG 24-11-07 19:31:05[restartedMain] [DefaultListableBeanFactory:945] - Autowiring by type from bean name 'dataSourceScriptDatabaseInitializer' via factory method to bean named 'dataSource'
DEBUG 24-11-07 19:31:05[restartedMain] [DefaultListableBeanFactory:945] - Autowiring by type from bean name 'dataSourceScriptDatabaseInitializer' via factory method to bean named 'spring.sql.init-org.springframework.boot.autoconfigure.sql.init.SqlInitializationProperties'
DEBUG 24-11-07 19:31:05[restartedMain] [DefaultListableBeanFactory:225] - Creating shared instance of singleton bean 'sqlSessionTemplate'
DEBUG 24-11-07 19:31:05[restartedMain] [DefaultListableBeanFactory:225] - Creating shared instance of singleton bean 'org.mybatis.spring.boot.autoconfigure.MybatisAutoConfiguration'
DEBUG 24-11-07 19:31:05[restartedMain] [DefaultListableBeanFactory:225] - Creating shared instance of singleton bean 'mybatis-org.mybatis.spring.boot.autoconfigure.MybatisProperties'
DEBUG 24-11-07 19:31:05[restartedMain] [DefaultListableBeanFactory:945] - Autowiring by type from bean name 'org.mybatis.spring.boot.autoconfigure.MybatisAutoConfiguration' via constructor to bean named 'mybatis-org.mybatis.spring.boot.autoconfigure.MybatisProperties'
DEBUG 24-11-07 19:31:05[restartedMain] [DefaultListableBeanFactory:945] - Autowiring by type from bean name 'org.mybatis.spring.boot.autoconfigure.MybatisAutoConfiguration' via constructor to bean named 'org.springframework.boot.web.servlet.context.AnnotationConfigServletWebServerApplicationContext@7b047844'
DEBUG 24-11-07 19:31:05[restartedMain] [DefaultListableBeanFactory:225] - Creating shared instance of singleton bean 'sqlSessionFactory'
DEBUG 24-11-07 19:31:05[restartedMain] [DefaultListableBeanFactory:945] - Autowiring by type from bean name 'sqlSessionFactory' via factory method to bean named 'dataSource'
DEBUG 24-11-07 19:31:05[restartedMain] [SqlSessionFactoryBean:49] - Parsed mapper file: 'file [D:\GithubWorkspace\sangbong3\sangbong3\mustacheajax\build\resources\main\mapper\board\BoardMybatisMapper.xml]'
DEBUG 24-11-07 19:31:05[restartedMain] [SqlSessionFactoryBean:49] - Parsed mapper file: 'file [D:\GithubWorkspace\sangbong3\sangbong3\mustacheajax\build\resources\main\mapper\board\comment\BoardCommentMybatisMapper.xml]'
DEBUG 24-11-07 19:31:05[restartedMain] [SqlSessionFactoryBean:49] - Parsed mapper file: 'file [D:\GithubWorkspace\sangbong3\sangbong3\mustacheajax\build\resources\main\mapper\category\CategoryMybatisMapper.xml]'
DEBUG 24-11-07 19:31:05[restartedMain] [SqlSessionFactoryBean:49] - Parsed mapper file: 'file [D:\GithubWorkspace\sangbong3\sangbong3\mustacheajax\build\resources\main\mapper\commentlike\CommentLikeMybatisMapper.xml]'
DEBUG 24-11-07 19:31:05[restartedMain] [SqlSessionFactoryBean:49] - Parsed mapper file: 'file [D:\GithubWorkspace\sangbong3\sangbong3\mustacheajax\build\resources\main\mapper\member\MemberMybatisMapper.xml]'
DEBUG 24-11-07 19:31:05[restartedMain] [SqlSessionFactoryBean:49] - Parsed mapper file: 'file [D:\GithubWorkspace\sangbong3\sangbong3\mustacheajax\build\resources\main\mapper\sbfile\SbFileMybatisMapper.xml]'
DEBUG 24-11-07 19:31:05[restartedMain] [SqlSessionFactoryBean:49] - Parsed mapper file: 'file [D:\GithubWorkspace\sangbong3\sangbong3\mustacheajax\build\resources\main\mapper\sblike\SbLikeMybatisMapper.xml]'
DEBUG 24-11-07 19:31:05[restartedMain] [DefaultListableBeanFactory:945] - Autowiring by type from bean name 'sqlSessionTemplate' via factory method to bean named 'sqlSessionFactory'
DEBUG 24-11-07 19:31:05[restartedMain] [DefaultListableBeanFactory:225] - Creating shared instance of singleton bean 'ISbLikeMybatisMapper'
DEBUG 24-11-07 19:31:05[restartedMain] [DefaultListableBeanFactory:225] - Creating shared instance of singleton bean 'ISbFileMybatisMapper'
DEBUG 24-11-07 19:31:05[restartedMain] [DefaultListableBeanFactory:225] - Creating shared instance of singleton bean 'sbFileServiceImpl'
DEBUG 24-11-07 19:31:05[restartedMain] [DefaultListableBeanFactory:225] - Creating shared instance of singleton bean 'fileCtrlService'
DEBUG 24-11-07 19:31:05[restartedMain] [PropertySourcesPropertyResolver:115] - Found key 'spring.servlet.multipart.location' in PropertySource 'environmentProperties' with value of type String
DEBUG 24-11-07 19:31:05[restartedMain] [DefaultListableBeanFactory:225] - Creating shared instance of singleton bean 'boardWebController'
DEBUG 24-11-07 19:31:05[restartedMain] [DefaultListableBeanFactory:225] - Creating shared instance of singleton bean 'boardWebRestController'
DEBUG 24-11-07 19:31:05[restartedMain] [DefaultListableBeanFactory:225] - Creating shared instance of singleton bean 'sbLikeServiceImpl'
DEBUG 24-11-07 19:31:05[restartedMain] [DefaultListableBeanFactory:225] - Creating shared instance of singleton bean 'boardCommentServiceImpl'
DEBUG 24-11-07 19:31:05[restartedMain] [DefaultListableBeanFactory:225] - Creating shared instance of singleton bean 'IBoardCommentMybatisMapper'
DEBUG 24-11-07 19:31:05[restartedMain] [DefaultListableBeanFactory:225] - Creating shared instance of singleton bean 'ICommentLikeMybatisMapper'
DEBUG 24-11-07 19:31:05[restartedMain] [DefaultListableBeanFactory:225] - Creating shared instance of singleton bean 'boardCommentWebRestController'
DEBUG 24-11-07 19:31:05[restartedMain] [DefaultListableBeanFactory:225] - Creating shared instance of singleton bean 'commentLikeServiceImpl'
DEBUG 24-11-07 19:31:05[restartedMain] [DefaultListableBeanFactory:225] - Creating shared instance of singleton bean 'categoryAjxController'
DEBUG 24-11-07 19:31:05[restartedMain] [DefaultListableBeanFactory:225] - Creating shared instance of singleton bean 'categoryServiceImpl'
DEBUG 24-11-07 19:31:05[restartedMain] [DefaultListableBeanFactory:225] - Creating shared instance of singleton bean 'ICategoryMybatisMapper'
DEBUG 24-11-07 19:31:05[restartedMain] [DefaultListableBeanFactory:225] - Creating shared instance of singleton bean 'categoryWebRestController'
DEBUG 24-11-07 19:31:05[restartedMain] [DefaultListableBeanFactory:225] - Creating shared instance of singleton bean 'catWebOldController'
DEBUG 24-11-07 19:31:05[restartedMain] [DefaultListableBeanFactory:225] - Creating shared instance of singleton bean 'memberServiceImpl'
DEBUG 24-11-07 19:31:05[restartedMain] [DefaultListableBeanFactory:225] - Creating shared instance of singleton bean 'IMemberMybatisMapper'
DEBUG 24-11-07 19:31:05[restartedMain] [DefaultListableBeanFactory:225] - Creating shared instance of singleton bean 'encoder'
DEBUG 24-11-07 19:31:05[restartedMain] [DefaultListableBeanFactory:225] - Creating shared instance of singleton bean 'sbPasswordEncoder'
DEBUG 24-11-07 19:31:05[restartedMain] [DefaultListableBeanFactory:225] - Creating shared instance of singleton bean 'memberWebController'
DEBUG 24-11-07 19:31:05[restartedMain] [DefaultListableBeanFactory:225] - Creating shared instance of singleton bean 'memberWebRestController'
DEBUG 24-11-07 19:31:05[restartedMain] [DefaultListableBeanFactory:225] - Creating shared instance of singleton bean 'sbFileWebRestController'
DEBUG 24-11-07 19:31:05[restartedMain] [DefaultListableBeanFactory:225] - Creating shared instance of singleton bean 'securityConfig'
DEBUG 24-11-07 19:31:05[restartedMain] [DefaultListableBeanFactory:225] - Creating shared instance of singleton bean 'adminController'
DEBUG 24-11-07 19:31:05[restartedMain] [DefaultListableBeanFactory:225] - Creating shared instance of singleton bean 'allControllerAdvice'
DEBUG 24-11-07 19:31:05[restartedMain] [DefaultListableBeanFactory:225] - Creating shared instance of singleton bean 'indexController'
DEBUG 24-11-07 19:31:05[restartedMain] [DefaultListableBeanFactory:225] - Creating shared instance of singleton bean 'loginCookieController'
DEBUG 24-11-07 19:31:05[restartedMain] [DefaultListableBeanFactory:225] - Creating shared instance of singleton bean 'loginSessionController'
DEBUG 24-11-07 19:31:05[restartedMain] [DefaultListableBeanFactory:225] - Creating shared instance of singleton bean 'userController'
DEBUG 24-11-07 19:31:05[restartedMain] [DefaultListableBeanFactory:225] - Creating shared instance of singleton bean 'stompChatController'
DEBUG 24-11-07 19:31:05[restartedMain] [DefaultListableBeanFactory:225] - Creating shared instance of singleton bean 'brokerMessagingTemplate'
DEBUG 24-11-07 19:31:05[restartedMain] [DefaultListableBeanFactory:225] - Creating shared instance of singleton bean 'org.springframework.web.socket.config.annotation.DelegatingWebSocketMessageBrokerConfiguration'
DEBUG 24-11-07 19:31:05[restartedMain] [DefaultListableBeanFactory:225] - Creating shared instance of singleton bean 'stompConfiguration'
DEBUG 24-11-07 19:31:05[restartedMain] [DefaultListableBeanFactory:225] - Creating shared instance of singleton bean 'org.springframework.boot.autoconfigure.websocket.servlet.WebSocketMessagingAutoConfiguration$WebSocketMessageConverterConfiguration'
DEBUG 24-11-07 19:31:05[restartedMain] [DefaultListableBeanFactory:225] - Creating shared instance of singleton bean 'jacksonObjectMapper'
DEBUG 24-11-07 19:31:05[restartedMain] [DefaultListableBeanFactory:225] - Creating shared instance of singleton bean 'org.springframework.boot.autoconfigure.jackson.JacksonAutoConfiguration$JacksonObjectMapperConfiguration'
DEBUG 24-11-07 19:31:05[restartedMain] [DefaultListableBeanFactory:225] - Creating shared instance of singleton bean 'org.springframework.boot.autoconfigure.jackson.JacksonAutoConfiguration$JacksonObjectMapperBuilderConfiguration'
DEBUG 24-11-07 19:31:05[restartedMain] [DefaultListableBeanFactory:225] - Creating shared instance of singleton bean 'standardJacksonObjectMapperBuilderCustomizer'
DEBUG 24-11-07 19:31:05[restartedMain] [DefaultListableBeanFactory:225] - Creating shared instance of singleton bean 'org.springframework.boot.autoconfigure.jackson.JacksonAutoConfiguration$Jackson2ObjectMapperBuilderCustomizerConfiguration'
DEBUG 24-11-07 19:31:05[restartedMain] [DefaultListableBeanFactory:225] - Creating shared instance of singleton bean 'spring.jackson-org.springframework.boot.autoconfigure.jackson.JacksonProperties'
DEBUG 24-11-07 19:31:05[restartedMain] [DefaultListableBeanFactory:945] - Autowiring by type from bean name 'standardJacksonObjectMapperBuilderCustomizer' via factory method to bean named 'spring.jackson-org.springframework.boot.autoconfigure.jackson.JacksonProperties'
DEBUG 24-11-07 19:31:05[restartedMain] [DefaultListableBeanFactory:225] - Creating shared instance of singleton bean 'parameterNamesModule'
DEBUG 24-11-07 19:31:05[restartedMain] [DefaultListableBeanFactory:225] - Creating shared instance of singleton bean 'org.springframework.boot.autoconfigure.jackson.JacksonAutoConfiguration$ParameterNamesModuleConfiguration'
DEBUG 24-11-07 19:31:05[restartedMain] [DefaultListableBeanFactory:225] - Creating shared instance of singleton bean 'jsonMixinModule'
DEBUG 24-11-07 19:31:05[restartedMain] [DefaultListableBeanFactory:225] - Creating shared instance of singleton bean 'org.springframework.boot.autoconfigure.jackson.JacksonAutoConfiguration$JacksonMixinConfiguration'
DEBUG 24-11-07 19:31:05[restartedMain] [DefaultListableBeanFactory:225] - Creating shared instance of singleton bean 'jsonMixinModuleEntries'
DEBUG 24-11-07 19:31:05[restartedMain] [DefaultListableBeanFactory:945] - Autowiring by type from bean name 'jsonMixinModuleEntries' via factory method to bean named 'org.springframework.boot.web.servlet.context.AnnotationConfigServletWebServerApplicationContext@7b047844'
DEBUG 24-11-07 19:31:05[restartedMain] [DefaultListableBeanFactory:945] - Autowiring by type from bean name 'jsonMixinModule' via factory method to bean named 'org.springframework.boot.web.servlet.context.AnnotationConfigServletWebServerApplicationContext@7b047844'
DEBUG 24-11-07 19:31:05[restartedMain] [DefaultListableBeanFactory:945] - Autowiring by type from bean name 'jsonMixinModule' via factory method to bean named 'jsonMixinModuleEntries'
DEBUG 24-11-07 19:31:05[restartedMain] [DefaultListableBeanFactory:225] - Creating shared instance of singleton bean 'jsonComponentModule'
DEBUG 24-11-07 19:31:05[restartedMain] [DefaultListableBeanFactory:225] - Creating shared instance of singleton bean 'org.springframework.boot.autoconfigure.jackson.JacksonAutoConfiguration'
DEBUG 24-11-07 19:31:05[restartedMain] [DefaultListableBeanFactory:945] - Autowiring by type from bean name 'jacksonObjectMapperBuilder' via factory method to bean named 'org.springframework.boot.web.servlet.context.AnnotationConfigServletWebServerApplicationContext@7b047844'
DEBUG 24-11-07 19:31:05[restartedMain] [DefaultListableBeanFactory:945] - Autowiring by type from bean name 'jacksonObjectMapperBuilder' via factory method to bean named 'standardJacksonObjectMapperBuilderCustomizer'
DEBUG 24-11-07 19:31:05[restartedMain] [DefaultListableBeanFactory:945] - Autowiring by type from bean name 'jacksonObjectMapper' via factory method to bean named 'jacksonObjectMapperBuilder'
DEBUG 24-11-07 19:31:05[restartedMain] [DefaultListableBeanFactory:945] - Autowiring by type from bean name 'org.springframework.boot.autoconfigure.websocket.servlet.WebSocketMessagingAutoConfiguration$WebSocketMessageConverterConfiguration' via constructor to bean named 'jacksonObjectMapper'
DEBUG 24-11-07 19:31:05[restartedMain] [DefaultListableBeanFactory:225] - Creating shared instance of singleton bean 'brokerChannel'
DEBUG 24-11-07 19:31:05[restartedMain] [DefaultListableBeanFactory:225] - Creating shared instance of singleton bean 'clientInboundChannel'
DEBUG 24-11-07 19:31:05[restartedMain] [DefaultListableBeanFactory:225] - Creating shared instance of singleton bean 'clientInboundChannelExecutor'
DEBUG 24-11-07 19:31:05[restartedMain] [ThreadPoolTaskExecutor:264] - Initializing ExecutorService 'clientInboundChannelExecutor'
DEBUG 24-11-07 19:31:05[restartedMain] [DefaultListableBeanFactory:945] - Autowiring by type from bean name 'clientInboundChannel' via factory method to bean named 'clientInboundChannelExecutor'
DEBUG 24-11-07 19:31:05[restartedMain] [DefaultListableBeanFactory:225] - Creating shared instance of singleton bean 'clientOutboundChannel'
DEBUG 24-11-07 19:31:05[restartedMain] [DefaultListableBeanFactory:225] - Creating shared instance of singleton bean 'clientOutboundChannelExecutor'
DEBUG 24-11-07 19:31:05[restartedMain] [ThreadPoolTaskExecutor:264] - Initializing ExecutorService 'clientOutboundChannelExecutor'
DEBUG 24-11-07 19:31:05[restartedMain] [DefaultListableBeanFactory:945] - Autowiring by type from bean name 'clientOutboundChannel' via factory method to bean named 'clientOutboundChannelExecutor'
DEBUG 24-11-07 19:31:05[restartedMain] [DefaultListableBeanFactory:225] - Creating shared instance of singleton bean 'brokerChannelExecutor'
DEBUG 24-11-07 19:31:05[restartedMain] [DefaultListableBeanFactory:945] - Autowiring by type from bean name 'brokerChannelExecutor' via factory method to bean named 'clientInboundChannel'
DEBUG 24-11-07 19:31:05[restartedMain] [DefaultListableBeanFactory:945] - Autowiring by type from bean name 'brokerChannelExecutor' via factory method to bean named 'clientOutboundChannel'
DEBUG 24-11-07 19:31:05[restartedMain] [ThreadPoolTaskExecutor:264] - Initializing ExecutorService 'brokerChannelExecutor'
DEBUG 24-11-07 19:31:05[restartedMain] [DefaultListableBeanFactory:945] - Autowiring by type from bean name 'brokerChannel' via factory method to bean named 'clientInboundChannel'
DEBUG 24-11-07 19:31:05[restartedMain] [DefaultListableBeanFactory:945] - Autowiring by type from bean name 'brokerChannel' via factory method to bean named 'clientOutboundChannel'
DEBUG 24-11-07 19:31:05[restartedMain] [DefaultListableBeanFactory:945] - Autowiring by type from bean name 'brokerChannel' via factory method to bean named 'brokerChannelExecutor'
DEBUG 24-11-07 19:31:05[restartedMain] [DefaultListableBeanFactory:225] - Creating shared instance of singleton bean 'brokerMessageConverter'
DEBUG 24-11-07 19:31:05[restartedMain] [DefaultListableBeanFactory:945] - Autowiring by type from bean name 'brokerMessagingTemplate' via factory method to bean named 'brokerChannel'
DEBUG 24-11-07 19:31:05[restartedMain] [DefaultListableBeanFactory:945] - Autowiring by type from bean name 'brokerMessagingTemplate' via factory method to bean named 'clientInboundChannel'
DEBUG 24-11-07 19:31:05[restartedMain] [DefaultListableBeanFactory:945] - Autowiring by type from bean name 'brokerMessagingTemplate' via factory method to bean named 'clientOutboundChannel'
DEBUG 24-11-07 19:31:05[restartedMain] [DefaultListableBeanFactory:945] - Autowiring by type from bean name 'brokerMessagingTemplate' via factory method to bean named 'brokerMessageConverter'
DEBUG 24-11-07 19:31:05[restartedMain] [DefaultListableBeanFactory:225] - Creating shared instance of singleton bean 'stompRoomService'
DEBUG 24-11-07 19:31:05[restartedMain] [DefaultListableBeanFactory:225] - Creating shared instance of singleton bean 'stompRoomController'
DEBUG 24-11-07 19:31:05[restartedMain] [DefaultListableBeanFactory:225] - Creating shared instance of singleton bean 'org.springframework.security.config.annotation.configuration.ObjectPostProcessorConfiguration'
DEBUG 24-11-07 19:31:05[restartedMain] [DefaultListableBeanFactory:225] - Creating shared instance of singleton bean 'objectPostProcessor'
DEBUG 24-11-07 19:31:05[restartedMain] [DefaultListableBeanFactory:945] - Autowiring by type from bean name 'objectPostProcessor' via factory method to bean named 'org.springframework.beans.factory.support.DefaultListableBeanFactory@1ee43b96'
DEBUG 24-11-07 19:31:05[restartedMain] [DefaultListableBeanFactory:225] - Creating shared instance of singleton bean 'org.springframework.security.config.annotation.authentication.configuration.AuthenticationConfiguration'
DEBUG 24-11-07 19:31:05[restartedMain] [DefaultListableBeanFactory:225] - Creating shared instance of singleton bean 'enableGlobalAuthenticationAutowiredConfigurer'
DEBUG 24-11-07 19:31:05[restartedMain] [DefaultListableBeanFactory:945] - Autowiring by type from bean name 'enableGlobalAuthenticationAutowiredConfigurer' via factory method to bean named 'org.springframework.boot.web.servlet.context.AnnotationConfigServletWebServerApplicationContext@7b047844'
DEBUG 24-11-07 19:31:05[restartedMain] [DefaultListableBeanFactory:225] - Creating shared instance of singleton bean 'initializeUserDetailsBeanManagerConfigurer'
DEBUG 24-11-07 19:31:05[restartedMain] [DefaultListableBeanFactory:945] - Autowiring by type from bean name 'initializeUserDetailsBeanManagerConfigurer' via factory method to bean named 'org.springframework.boot.web.servlet.context.AnnotationConfigServletWebServerApplicationContext@7b047844'
DEBUG 24-11-07 19:31:05[restartedMain] [DefaultListableBeanFactory:225] - Creating shared instance of singleton bean 'initializeAuthenticationProviderBeanManagerConfigurer'
DEBUG 24-11-07 19:31:05[restartedMain] [DefaultListableBeanFactory:945] - Autowiring by type from bean name 'initializeAuthenticationProviderBeanManagerConfigurer' via factory method to bean named 'org.springframework.boot.web.servlet.context.AnnotationConfigServletWebServerApplicationContext@7b047844'
DEBUG 24-11-07 19:31:05[restartedMain] [DefaultListableBeanFactory:225] - Creating shared instance of singleton bean 'authenticationManagerBuilder'
DEBUG 24-11-07 19:31:05[restartedMain] [DefaultListableBeanFactory:945] - Autowiring by type from bean name 'authenticationManagerBuilder' via factory method to bean named 'objectPostProcessor'
DEBUG 24-11-07 19:31:05[restartedMain] [DefaultListableBeanFactory:945] - Autowiring by type from bean name 'authenticationManagerBuilder' via factory method to bean named 'org.springframework.boot.web.servlet.context.AnnotationConfigServletWebServerApplicationContext@7b047844'
DEBUG 24-11-07 19:31:05[restartedMain] [DefaultListableBeanFactory:225] - Creating shared instance of singleton bean 'authenticationEventPublisher'
DEBUG 24-11-07 19:31:05[restartedMain] [DefaultListableBeanFactory:225] - Creating shared instance of singleton bean 'org.springframework.boot.autoconfigure.security.servlet.SecurityAutoConfiguration'
DEBUG 24-11-07 19:31:05[restartedMain] [DefaultListableBeanFactory:945] - Autowiring by type from bean name 'authenticationEventPublisher' via factory method to bean named 'org.springframework.boot.web.servlet.context.AnnotationConfigServletWebServerApplicationContext@7b047844'
DEBUG 24-11-07 19:31:05[restartedMain] [DefaultListableBeanFactory:225] - Creating shared instance of singleton bean 'org.springframework.security.config.annotation.web.configuration.WebSecurityConfiguration'
DEBUG 24-11-07 19:31:05[restartedMain] [DefaultListableBeanFactory:225] - Creating shared instance of singleton bean 'org.springframework.security.config.annotation.web.configuration.HttpSecurityConfiguration'
DEBUG 24-11-07 19:31:05[restartedMain] [DefaultListableBeanFactory:225] - Creating shared instance of singleton bean 'mvcContentNegotiationManager'
DEBUG 24-11-07 19:31:05[restartedMain] [DefaultListableBeanFactory:225] - Creating shared instance of singleton bean 'org.springframework.boot.autoconfigure.web.servlet.WebMvcAutoConfiguration$EnableWebMvcConfiguration'
DEBUG 24-11-07 19:31:05[restartedMain] [DefaultListableBeanFactory:225] - Creating shared instance of singleton bean 'spring.web-org.springframework.boot.autoconfigure.web.WebProperties'
DEBUG 24-11-07 19:31:05[restartedMain] [DefaultListableBeanFactory:945] - Autowiring by type from bean name 'org.springframework.boot.autoconfigure.web.servlet.WebMvcAutoConfiguration$EnableWebMvcConfiguration' via constructor to bean named 'spring.mvc-org.springframework.boot.autoconfigure.web.servlet.WebMvcProperties'
DEBUG 24-11-07 19:31:05[restartedMain] [DefaultListableBeanFactory:945] - Autowiring by type from bean name 'org.springframework.boot.autoconfigure.web.servlet.WebMvcAutoConfiguration$EnableWebMvcConfiguration' via constructor to bean named 'spring.web-org.springframework.boot.autoconfigure.web.WebProperties'
DEBUG 24-11-07 19:31:05[restartedMain] [DefaultListableBeanFactory:945] - Autowiring by type from bean name 'org.springframework.boot.autoconfigure.web.servlet.WebMvcAutoConfiguration$EnableWebMvcConfiguration' via constructor to bean named 'org.springframework.beans.factory.support.DefaultListableBeanFactory@1ee43b96'
DEBUG 24-11-07 19:31:05[restartedMain] [DefaultListableBeanFactory:225] - Creating shared instance of singleton bean 'org.springframework.security.config.annotation.web.configuration.WebMvcSecurityConfiguration'
DEBUG 24-11-07 19:31:05[restartedMain] [DefaultListableBeanFactory:225] - Creating shared instance of singleton bean 'org.springframework.boot.autoconfigure.web.servlet.WebMvcAutoConfiguration$WebMvcAutoConfigurationAdapter'
DEBUG 24-11-07 19:31:05[restartedMain] [DefaultListableBeanFactory:945] - Autowiring by type from bean name 'org.springframework.boot.autoconfigure.web.servlet.WebMvcAutoConfiguration$WebMvcAutoConfigurationAdapter' via constructor to bean named 'spring.web-org.springframework.boot.autoconfigure.web.WebProperties'
DEBUG 24-11-07 19:31:05[restartedMain] [DefaultListableBeanFactory:945] - Autowiring by type from bean name 'org.springframework.boot.autoconfigure.web.servlet.WebMvcAutoConfiguration$WebMvcAutoConfigurationAdapter' via constructor to bean named 'spring.mvc-org.springframework.boot.autoconfigure.web.servlet.WebMvcProperties'
DEBUG 24-11-07 19:31:05[restartedMain] [DefaultListableBeanFactory:945] - Autowiring by type from bean name 'org.springframework.boot.autoconfigure.web.servlet.WebMvcAutoConfiguration$WebMvcAutoConfigurationAdapter' via constructor to bean named 'org.springframework.beans.factory.support.DefaultListableBeanFactory@1ee43b96'
DEBUG 24-11-07 19:31:05[restartedMain] [DefaultListableBeanFactory:225] - Creating shared instance of singleton bean 'inMemoryUserDetailsManager'
DEBUG 24-11-07 19:31:05[restartedMain] [DefaultListableBeanFactory:225] - Creating shared instance of singleton bean 'org.springframework.boot.autoconfigure.security.servlet.UserDetailsServiceAutoConfiguration'
DEBUG 24-11-07 19:31:05[restartedMain] [DefaultListableBeanFactory:945] - Autowiring by type from bean name 'inMemoryUserDetailsManager' via factory method to bean named 'spring.security-org.springframework.boot.autoconfigure.security.SecurityProperties'
WARN  24-11-07 19:31:05[restartedMain] [UserDetailsServiceAutoConfiguration:86] - 

Using generated security password: b441f58b-7de7-4230-929a-37f4ea89a6b7

This generated password is for development use only. Your security configuration must be updated before running your application in production.

INFO  24-11-07 19:31:05[restartedMain] [InitializeUserDetailsBeanManagerConfigurer$InitializeUserDetailsManagerConfigurer:113] - Global AuthenticationManager configured with UserDetailsService bean with name inMemoryUserDetailsManager
DEBUG 24-11-07 19:31:05[restartedMain] [DefaultListableBeanFactory:225] - Creating shared instance of singleton bean 'mvcHandlerMappingIntrospectorRequestTransformer'
DEBUG 24-11-07 19:31:05[restartedMain] [DefaultListableBeanFactory:225] - Creating shared instance of singleton bean 'mvcHandlerMappingIntrospector'
DEBUG 24-11-07 19:31:05[restartedMain] [DefaultListableBeanFactory:225] - Creating shared instance of singleton bean 'stompWebSocketHandlerMapping'
DEBUG 24-11-07 19:31:05[restartedMain] [DefaultListableBeanFactory:225] - Creating shared instance of singleton bean 'subProtocolWebSocketHandler'
DEBUG 24-11-07 19:31:05[restartedMain] [DefaultListableBeanFactory:945] - Autowiring by type from bean name 'subProtocolWebSocketHandler' via factory method to bean named 'clientInboundChannel'
DEBUG 24-11-07 19:31:05[restartedMain] [DefaultListableBeanFactory:945] - Autowiring by type from bean name 'subProtocolWebSocketHandler' via factory method to bean named 'clientOutboundChannel'
DEBUG 24-11-07 19:31:05[restartedMain] [DefaultListableBeanFactory:225] - Creating shared instance of singleton bean 'messageBrokerTaskScheduler'
DEBUG 24-11-07 19:31:05[restartedMain] [ThreadPoolTaskScheduler:264] - Initializing ExecutorService 'messageBrokerTaskScheduler'
DEBUG 24-11-07 19:31:05[restartedMain] [DefaultListableBeanFactory:945] - Autowiring by type from bean name 'stompWebSocketHandlerMapping' via factory method to bean named 'subProtocolWebSocketHandler'
DEBUG 24-11-07 19:31:05[restartedMain] [DefaultListableBeanFactory:945] - Autowiring by type from bean name 'stompWebSocketHandlerMapping' via factory method to bean named 'messageBrokerTaskScheduler'
DEBUG 24-11-07 19:31:05[restartedMain] [DefaultListableBeanFactory:945] - Autowiring by type from bean name 'stompWebSocketHandlerMapping' via factory method to bean named 'clientInboundChannel'
DEBUG 24-11-07 19:31:05[restartedMain] [Mappings:176] - 'stompWebSocketHandlerMapping' {/stompend/**=org.springframework.web.socket.sockjs.support.SockJsHttpRequestHandler@6e7d80e8}
DEBUG 24-11-07 19:31:05[restartedMain] [DefaultListableBeanFactory:225] - Creating shared instance of singleton bean 'welcomePageHandlerMapping'
DEBUG 24-11-07 19:31:05[restartedMain] [DefaultListableBeanFactory:225] - Creating shared instance of singleton bean 'mvcConversionService'
DEBUG 24-11-07 19:31:05[restartedMain] [DefaultListableBeanFactory:225] - Creating shared instance of singleton bean 'mvcResourceUrlProvider'
DEBUG 24-11-07 19:31:05[restartedMain] [DefaultListableBeanFactory:945] - Autowiring by type from bean name 'welcomePageHandlerMapping' via factory method to bean named 'org.springframework.boot.web.servlet.context.AnnotationConfigServletWebServerApplicationContext@7b047844'
DEBUG 24-11-07 19:31:05[restartedMain] [DefaultListableBeanFactory:945] - Autowiring by type from bean name 'welcomePageHandlerMapping' via factory method to bean named 'mvcConversionService'
DEBUG 24-11-07 19:31:05[restartedMain] [DefaultListableBeanFactory:945] - Autowiring by type from bean name 'welcomePageHandlerMapping' via factory method to bean named 'mvcResourceUrlProvider'
INFO  24-11-07 19:31:05[restartedMain] [WelcomePageHandlerMapping:59] - Adding welcome page template: index
DEBUG 24-11-07 19:31:05[restartedMain] [DefaultListableBeanFactory:225] - Creating shared instance of singleton bean 'welcomePageNotAcceptableHandlerMapping'
DEBUG 24-11-07 19:31:05[restartedMain] [DefaultListableBeanFactory:945] - Autowiring by type from bean name 'welcomePageNotAcceptableHandlerMapping' via factory method to bean named 'org.springframework.boot.web.servlet.context.AnnotationConfigServletWebServerApplicationContext@7b047844'
DEBUG 24-11-07 19:31:05[restartedMain] [DefaultListableBeanFactory:945] - Autowiring by type from bean name 'welcomePageNotAcceptableHandlerMapping' via factory method to bean named 'mvcConversionService'
DEBUG 24-11-07 19:31:05[restartedMain] [DefaultListableBeanFactory:945] - Autowiring by type from bean name 'welcomePageNotAcceptableHandlerMapping' via factory method to bean named 'mvcResourceUrlProvider'
DEBUG 24-11-07 19:31:05[restartedMain] [DefaultListableBeanFactory:225] - Creating shared instance of singleton bean 'requestMappingHandlerMapping'
DEBUG 24-11-07 19:31:05[restartedMain] [DefaultListableBeanFactory:945] - Autowiring by type from bean name 'requestMappingHandlerMapping' via factory method to bean named 'mvcContentNegotiationManager'
DEBUG 24-11-07 19:31:05[restartedMain] [DefaultListableBeanFactory:945] - Autowiring by type from bean name 'requestMappingHandlerMapping' via factory method to bean named 'mvcConversionService'
DEBUG 24-11-07 19:31:05[restartedMain] [DefaultListableBeanFactory:945] - Autowiring by type from bean name 'requestMappingHandlerMapping' via factory method to bean named 'mvcResourceUrlProvider'
DEBUG 24-11-07 19:31:05[restartedMain] [Mappings:294] - 
	c.s.m.b.BoardWebController:
	{GET [/board/board_ajx_list]}: boardAjxList(Model,HttpServletRequest,HttpServletResponse,HttpSession)
DEBUG 24-11-07 19:31:05[restartedMain] [Mappings:294] - 
	c.s.m.b.BoardWebRestController:
	{PATCH [/api/v1/board/{id}]}: update(Model,Long,BoardDto,List,List)
	{POST [/api/v1/board]}: insert(Model,BoardDto,List)
	{GET [/api/v1/board/like/{id}]}: addLikeQty(Model,Long)
	{DELETE [/api/v1/board/deleteFlag/{id}]}: updateDeleteFlag(Model,Long,BoardDto)
	{GET [/api/v1/board/unlike/{id}]}: subLikeQty(Model,Long)
	{DELETE [/api/v1/board/{id}]}: deleteById(Model,Long)
	{GET [/api/v1/board/{id}]}: findById(Model,Long)
	{POST [/api/v1/board/searchName]}: findAllByNameContains(Model,SearchAjaxDto)
	{POST [/api/v1/board/countName]}: countAllByNameContains(Model,SearchAjaxDto)
DEBUG 24-11-07 19:31:05[restartedMain] [Mappings:294] - 
	c.s.m.b.c.BoardCommentWebRestController:
	{PATCH [/api/v1/boardcomment/{id}]}: update(Model,Long,BoardCommentDto)
	{POST [/api/v1/boardcomment]}: insert(Model,BoardCommentDto)
	{GET [/api/v1/boardcomment/like/{id}]}: addLikeQty(Model,Long)
	{DELETE [/api/v1/boardcomment/deleteFlag/{id}]}: updateDeleteFlag(Model,Long,BoardCommentDto)
	{GET [/api/v1/boardcomment/unlike/{id}]}: subLikeQty(Model,Long)
	{DELETE [/api/v1/boardcomment/{id}]}: deleteById(Model,Long)
	{GET [/api/v1/boardcomment/{id}]}: findById(Model,Long)
	{POST [/api/v1/boardcomment/findbyboardid]}: findByBoardId(Model,SearchBoardCommentDto)
DEBUG 24-11-07 19:31:05[restartedMain] [Mappings:294] - 
	c.s.m.c.CategoryAjxController:
	{GET [/catajx/category_ajx_list]}: category_ajx_list(Model)
DEBUG 24-11-07 19:31:05[restartedMain] [Mappings:294] - 
	c.s.m.c.CategoryWebRestController:
	{PATCH [/api/vi/cat/{id}]}: update(Long,CategoryDto)
	{POST [/api/vi/cat]}: insert(CategoryDto)
	{DELETE [/api/vi/cat/{id}]}: delete(Long)
	{GET [/api/vi/cat]}: getAll()
	{GET [/api/vi/cat/{id}]}: findById(Long)
	{POST [/api/vi/cat/searchName]}: findAllByNameContains(Model,SearchAjaxDto)
	{POST [/api/vi/cat/countName]}: countAllByNameContains(Model,SearchAjaxDto)
DEBUG 24-11-07 19:31:05[restartedMain] [Mappings:294] - 
	c.s.m.c.CatWebOldController:
	{GET [/catweb/category_list]}: categoryList(Model,int,String)
	{GET [/catweb/category_add]}: categoryAdd(Model)
	{GET [/catweb/category_view]}: categoryView(Model,Long)
	{POST [/catweb/category_insert]}: categoryInsert(CategoryDto)
	{POST [/catweb/category_update]}: categoryUpdate(CategoryDto)
	{GET [/catweb/category_delete]}: categoryDelete(Long)
DEBUG 24-11-07 19:31:05[restartedMain] [Mappings:294] - 
	c.s.m.m.MemberWebController:
	{GET [/member/member_ajx_list]}: member_ajx_list(Model)
DEBUG 24-11-07 19:31:05[restartedMain] [Mappings:294] - 
	c.s.m.m.MemberWebRestController:
	{PATCH [/api/v1/member/{id}]}: update(Model,Long,MemberDto)
	{POST [/api/v1/member]}: insert(Model,MemberDto)
	{DELETE [/api/v1/member/deleteFlag/{id}]}: updateDeleteFlag(Model,Long,MemberDto)
	{DELETE [/api/v1/member/{id}]}: deleteById(Model,Long)
	{GET [/api/v1/member/{id}]}: findById(Model,Long)
	{POST [/api/v1/member/searchName]}: findAllByNameContains(Model,SearchAjaxDto)
	{POST [/api/v1/member/countName]}: countAllByNameContains(Model,SearchAjaxDto)
DEBUG 24-11-07 19:31:05[restartedMain] [Mappings:294] - 
	c.s.m.s.SbFileWebRestController:
	{POST [/api/v1/sbfile/findbyboardid]}: findByBoardId(Model,SbFileDto)
	{GET [/api/v1/sbfile/downloadfile/{tbl}/{name}/{uniqName}/{fileType}]}: downloadFile(Model,String,String,String,String)
	{GET [/api/v1/sbfile/downloadfileid/{id}]}: downloadFile(Model,Long)
DEBUG 24-11-07 19:31:05[restartedMain] [Mappings:294] - 
	c.s.m.s.c.AdminController:
	{GET [/admin/infoCookie]}: showInfoCookie(Model,String)
	{GET [/admin/infoSession]}: showInfoSession(Model)
DEBUG 24-11-07 19:31:05[restartedMain] [Mappings:294] - 
	c.s.m.s.c.IndexController:
	{GET [/]}: index(Model,String)
	{GET [/signout]}: signout(HttpServletResponse,HttpSession)
DEBUG 24-11-07 19:31:05[restartedMain] [Mappings:294] - 
	c.s.m.s.c.LoginCookieController:
	{GET [/cologin/logout]}: logout(HttpServletResponse)
	{GET [/cologin/signup]}: viewSignUp()
	{POST [/cologin/signin]}: signin(Model,LoginRequest,HttpServletResponse)
	{GET [/cologin/login]}: viewLogin()
	{POST [/cologin/signup]}: signUp(Model,SignUpRequest,BindingResult)
DEBUG 24-11-07 19:31:05[restartedMain] [Mappings:294] - 
	c.s.m.s.c.LoginSessionController:
	{GET [/selogin/logout]}: logout(HttpServletResponse)
	{GET [/selogin/signup]}: viewSignUp()
	{POST [/selogin/signin]}: signin(Model,LoginRequest,HttpServletRequest)
	{GET [/selogin/login]}: viewLogin()
	{POST [/selogin/signup]}: signUp(Model,SignUpRequest,BindingResult)
DEBUG 24-11-07 19:31:05[restartedMain] [Mappings:294] - 
	c.s.m.s.c.UserController:
	{GET [/user/infoCookie]}: showInfoCookie(Model,String)
	{GET [/user/infoSession]}: showInfoSession(Model)
DEBUG 24-11-07 19:31:05[restartedMain] [Mappings:294] - 
	c.s.m.s.StompChatController:
	
DEBUG 24-11-07 19:31:05[restartedMain] [Mappings:294] - 
	c.s.m.s.StompRoomController:
	{POST [/stomp/enter]}: enterStompRoom(Model,HttpServletRequest,StompRoomDto)
	{POST [/stomp/create]}: createStompRoom(Model,String,String)
	{GET [/stomp/list]}: stompRoomList(Model)
DEBUG 24-11-07 19:31:05[restartedMain] [Mappings:294] - 
	o.s.b.a.w.s.e.BasicErrorController:
	{ [/error]}: error(HttpServletRequest)
	{ [/error], produces [text/html]}: errorHtml(HttpServletRequest,HttpServletResponse)
DEBUG 24-11-07 19:31:05[restartedMain] [RequestMappingHandlerMapping:366] - 64 mappings in 'requestMappingHandlerMapping'
DEBUG 24-11-07 19:31:05[restartedMain] [DefaultListableBeanFactory:225] - Creating shared instance of singleton bean 'viewControllerHandlerMapping'
DEBUG 24-11-07 19:31:05[restartedMain] [DefaultListableBeanFactory:945] - Autowiring by type from bean name 'viewControllerHandlerMapping' via factory method to bean named 'mvcConversionService'
DEBUG 24-11-07 19:31:05[restartedMain] [DefaultListableBeanFactory:945] - Autowiring by type from bean name 'viewControllerHandlerMapping' via factory method to bean named 'mvcResourceUrlProvider'
DEBUG 24-11-07 19:31:05[restartedMain] [DefaultListableBeanFactory:225] - Creating shared instance of singleton bean 'beanNameHandlerMapping'
DEBUG 24-11-07 19:31:05[restartedMain] [DefaultListableBeanFactory:945] - Autowiring by type from bean name 'beanNameHandlerMapping' via factory method to bean named 'mvcConversionService'
DEBUG 24-11-07 19:31:05[restartedMain] [DefaultListableBeanFactory:945] - Autowiring by type from bean name 'beanNameHandlerMapping' via factory method to bean named 'mvcResourceUrlProvider'
DEBUG 24-11-07 19:31:05[restartedMain] [Mappings:86] - 'beanNameHandlerMapping' {}
DEBUG 24-11-07 19:31:05[restartedMain] [DefaultListableBeanFactory:225] - Creating shared instance of singleton bean 'routerFunctionMapping'
DEBUG 24-11-07 19:31:05[restartedMain] [DefaultListableBeanFactory:945] - Autowiring by type from bean name 'routerFunctionMapping' via factory method to bean named 'mvcConversionService'
DEBUG 24-11-07 19:31:05[restartedMain] [DefaultListableBeanFactory:945] - Autowiring by type from bean name 'routerFunctionMapping' via factory method to bean named 'mvcResourceUrlProvider'
DEBUG 24-11-07 19:31:05[restartedMain] [DefaultListableBeanFactory:225] - Creating shared instance of singleton bean 'messageConverters'
DEBUG 24-11-07 19:31:05[restartedMain] [DefaultListableBeanFactory:225] - Creating shared instance of singleton bean 'org.springframework.boot.autoconfigure.http.HttpMessageConvertersAutoConfiguration'
DEBUG 24-11-07 19:31:05[restartedMain] [DefaultListableBeanFactory:225] - Creating shared instance of singleton bean 'stringHttpMessageConverter'
DEBUG 24-11-07 19:31:05[restartedMain] [DefaultListableBeanFactory:225] - Creating shared instance of singleton bean 'org.springframework.boot.autoconfigure.http.HttpMessageConvertersAutoConfiguration$StringHttpMessageConverterConfiguration'
DEBUG 24-11-07 19:31:05[restartedMain] [DefaultListableBeanFactory:945] - Autowiring by type from bean name 'stringHttpMessageConverter' via factory method to bean named 'environment'
DEBUG 24-11-07 19:31:05[restartedMain] [DefaultListableBeanFactory:225] - Creating shared instance of singleton bean 'mappingJackson2HttpMessageConverter'
DEBUG 24-11-07 19:31:05[restartedMain] [DefaultListableBeanFactory:225] - Creating shared instance of singleton bean 'org.springframework.boot.autoconfigure.http.JacksonHttpMessageConvertersConfiguration$MappingJackson2HttpMessageConverterConfiguration'
DEBUG 24-11-07 19:31:05[restartedMain] [DefaultListableBeanFactory:945] - Autowiring by type from bean name 'mappingJackson2HttpMessageConverter' via factory method to bean named 'jacksonObjectMapper'
DEBUG 24-11-07 19:31:05[restartedMain] [DefaultListableBeanFactory:225] - Creating shared instance of singleton bean 'resourceHandlerMapping'
DEBUG 24-11-07 19:31:05[restartedMain] [DefaultListableBeanFactory:945] - Autowiring by type from bean name 'resourceHandlerMapping' via factory method to bean named 'mvcContentNegotiationManager'
DEBUG 24-11-07 19:31:05[restartedMain] [DefaultListableBeanFactory:945] - Autowiring by type from bean name 'resourceHandlerMapping' via factory method to bean named 'mvcConversionService'
DEBUG 24-11-07 19:31:05[restartedMain] [DefaultListableBeanFactory:945] - Autowiring by type from bean name 'resourceHandlerMapping' via factory method to bean named 'mvcResourceUrlProvider'
DEBUG 24-11-07 19:31:05[restartedMain] [Mappings:176] - 'resourceHandlerMapping' {/webjars/**=ResourceHttpRequestHandler [classpath [META-INF/resources/webjars/]], /**=ResourceHttpRequestHandler [classpath [META-INF/resources/], classpath [resources/], classpath [static/], classpath [public/], ServletContext [/]]}
DEBUG 24-11-07 19:31:05[restartedMain] [DefaultListableBeanFactory:225] - Creating shared instance of singleton bean 'defaultServletHandlerMapping'
DEBUG 24-11-07 19:31:05[restartedMain] [DefaultListableBeanFactory:225] - Creating shared instance of singleton bean 'filterChain'
DEBUG 24-11-07 19:31:05[restartedMain] [DefaultListableBeanFactory:945] - Autowiring by type from bean name 'filterChain' via factory method to bean named 'org.springframework.security.config.annotation.web.configuration.HttpSecurityConfiguration.httpSecurity'
DEBUG 24-11-07 19:31:05[restartedMain] [DefaultSecurityFilterChain:61] - Will secure any request with filters: DisableEncodeUrlFilter, WebAsyncManagerIntegrationFilter, SecurityContextHolderFilter, HeaderWriterFilter, CorsFilter, LogoutFilter, RequestCacheAwareFilter, SecurityContextHolderAwareRequestFilter, AnonymousAuthenticationFilter, ExceptionTranslationFilter, AuthorizationFilter
DEBUG 24-11-07 19:31:05[restartedMain] [DefaultListableBeanFactory:225] - Creating shared instance of singleton bean 'webSecurityCustomizer'
DEBUG 24-11-07 19:31:05[restartedMain] [DefaultListableBeanFactory:225] - Creating shared instance of singleton bean 'delegatingApplicationListener'
DEBUG 24-11-07 19:31:05[restartedMain] [DefaultListableBeanFactory:225] - Creating shared instance of singleton bean 'springSecurityFilterChain'
WARN  24-11-07 19:31:05[restartedMain] [WebSecurity:292] - You are asking Spring Security to ignore org.springframework.boot.autoconfigure.security.servlet.StaticResourceRequest$StaticResourceRequestMatcher@38d6c91d. This is not recommended -- please use permitAll via HttpSecurity#authorizeHttpRequests instead.
DEBUG 24-11-07 19:31:05[restartedMain] [DefaultSecurityFilterChain:53] - Will not secure org.springframework.boot.autoconfigure.security.servlet.StaticResourceRequest$StaticResourceRequestMatcher@38d6c91d
DEBUG 24-11-07 19:31:05[restartedMain] [DefaultListableBeanFactory:225] - Creating shared instance of singleton bean 'webSecurityExpressionHandler'
DEBUG 24-11-07 19:31:05[restartedMain] [DefaultListableBeanFactory:225] - Creating shared instance of singleton bean 'privilegeEvaluator'
DEBUG 24-11-07 19:31:05[restartedMain] [DefaultListableBeanFactory:225] - Creating shared instance of singleton bean 'requestDataValueProcessor'
DEBUG 24-11-07 19:31:05[restartedMain] [DefaultListableBeanFactory:225] - Creating shared instance of singleton bean 'webSocketMessageBrokerStats'
DEBUG 24-11-07 19:31:05[restartedMain] [DefaultListableBeanFactory:225] - Creating shared instance of singleton bean 'stompBrokerRelayMessageHandler'
DEBUG 24-11-07 19:31:05[restartedMain] [DefaultListableBeanFactory:225] - Creating shared instance of singleton bean 'userDestinationMessageHandler'
DEBUG 24-11-07 19:31:05[restartedMain] [DefaultListableBeanFactory:225] - Creating shared instance of singleton bean 'userDestinationResolver'
DEBUG 24-11-07 19:31:05[restartedMain] [DefaultListableBeanFactory:225] - Creating shared instance of singleton bean 'userRegistry'
DEBUG 24-11-07 19:31:05[restartedMain] [DefaultListableBeanFactory:945] - Autowiring by type from bean name 'userRegistry' via factory method to bean named 'clientInboundChannel'
DEBUG 24-11-07 19:31:05[restartedMain] [DefaultListableBeanFactory:945] - Autowiring by type from bean name 'userRegistry' via factory method to bean named 'clientOutboundChannel'
DEBUG 24-11-07 19:31:05[restartedMain] [DefaultListableBeanFactory:945] - Autowiring by type from bean name 'userDestinationResolver' via factory method to bean named 'userRegistry'
DEBUG 24-11-07 19:31:05[restartedMain] [DefaultListableBeanFactory:945] - Autowiring by type from bean name 'userDestinationResolver' via factory method to bean named 'clientInboundChannel'
DEBUG 24-11-07 19:31:05[restartedMain] [DefaultListableBeanFactory:945] - Autowiring by type from bean name 'userDestinationResolver' via factory method to bean named 'clientOutboundChannel'
DEBUG 24-11-07 19:31:05[restartedMain] [DefaultListableBeanFactory:945] - Autowiring by type from bean name 'userDestinationMessageHandler' via factory method to bean named 'clientInboundChannel'
DEBUG 24-11-07 19:31:05[restartedMain] [DefaultListableBeanFactory:945] - Autowiring by type from bean name 'userDestinationMessageHandler' via factory method to bean named 'clientOutboundChannel'
DEBUG 24-11-07 19:31:05[restartedMain] [DefaultListableBeanFactory:945] - Autowiring by type from bean name 'userDestinationMessageHandler' via factory method to bean named 'brokerChannel'
DEBUG 24-11-07 19:31:05[restartedMain] [DefaultListableBeanFactory:945] - Autowiring by type from bean name 'userDestinationMessageHandler' via factory method to bean named 'userDestinationResolver'
DEBUG 24-11-07 19:31:05[restartedMain] [DefaultListableBeanFactory:225] - Creating shared instance of singleton bean 'userRegistryMessageHandler'
DEBUG 24-11-07 19:31:05[restartedMain] [DefaultListableBeanFactory:945] - Autowiring by type from bean name 'userRegistryMessageHandler' via factory method to bean named 'clientInboundChannel'
DEBUG 24-11-07 19:31:05[restartedMain] [DefaultListableBeanFactory:945] - Autowiring by type from bean name 'userRegistryMessageHandler' via factory method to bean named 'clientOutboundChannel'
DEBUG 24-11-07 19:31:05[restartedMain] [DefaultListableBeanFactory:945] - Autowiring by type from bean name 'userRegistryMessageHandler' via factory method to bean named 'userRegistry'
DEBUG 24-11-07 19:31:05[restartedMain] [DefaultListableBeanFactory:945] - Autowiring by type from bean name 'userRegistryMessageHandler' via factory method to bean named 'brokerMessagingTemplate'
DEBUG 24-11-07 19:31:05[restartedMain] [DefaultListableBeanFactory:945] - Autowiring by type from bean name 'userRegistryMessageHandler' via factory method to bean named 'messageBrokerTaskScheduler'
DEBUG 24-11-07 19:31:05[restartedMain] [DefaultListableBeanFactory:945] - Autowiring by type from bean name 'stompBrokerRelayMessageHandler' via factory method to bean named 'clientInboundChannel'
DEBUG 24-11-07 19:31:05[restartedMain] [DefaultListableBeanFactory:945] - Autowiring by type from bean name 'stompBrokerRelayMessageHandler' via factory method to bean named 'clientOutboundChannel'
DEBUG 24-11-07 19:31:05[restartedMain] [DefaultListableBeanFactory:945] - Autowiring by type from bean name 'stompBrokerRelayMessageHandler' via factory method to bean named 'brokerChannel'
DEBUG 24-11-07 19:31:05[restartedMain] [DefaultListableBeanFactory:945] - Autowiring by type from bean name 'stompBrokerRelayMessageHandler' via factory method to bean named 'userDestinationMessageHandler'
DEBUG 24-11-07 19:31:05[restartedMain] [DefaultListableBeanFactory:945] - Autowiring by type from bean name 'stompBrokerRelayMessageHandler' via factory method to bean named 'userRegistryMessageHandler'
DEBUG 24-11-07 19:31:05[restartedMain] [DefaultListableBeanFactory:945] - Autowiring by type from bean name 'stompBrokerRelayMessageHandler' via factory method to bean named 'userDestinationResolver'
DEBUG 24-11-07 19:31:05[restartedMain] [DefaultListableBeanFactory:945] - Autowiring by type from bean name 'webSocketMessageBrokerStats' via factory method to bean named 'stompBrokerRelayMessageHandler'
DEBUG 24-11-07 19:31:05[restartedMain] [DefaultListableBeanFactory:945] - Autowiring by type from bean name 'webSocketMessageBrokerStats' via factory method to bean named 'subProtocolWebSocketHandler'
DEBUG 24-11-07 19:31:05[restartedMain] [DefaultListableBeanFactory:945] - Autowiring by type from bean name 'webSocketMessageBrokerStats' via factory method to bean named 'clientInboundChannelExecutor'
DEBUG 24-11-07 19:31:05[restartedMain] [DefaultListableBeanFactory:945] - Autowiring by type from bean name 'webSocketMessageBrokerStats' via factory method to bean named 'clientOutboundChannelExecutor'
DEBUG 24-11-07 19:31:05[restartedMain] [DefaultListableBeanFactory:945] - Autowiring by type from bean name 'webSocketMessageBrokerStats' via factory method to bean named 'messageBrokerTaskScheduler'
DEBUG 24-11-07 19:31:05[restartedMain] [DefaultListableBeanFactory:225] - Creating shared instance of singleton bean 'simpAnnotationMethodMessageHandler'
DEBUG 24-11-07 19:31:05[restartedMain] [DefaultListableBeanFactory:945] - Autowiring by type from bean name 'simpAnnotationMethodMessageHandler' via factory method to bean named 'clientInboundChannel'
DEBUG 24-11-07 19:31:05[restartedMain] [DefaultListableBeanFactory:945] - Autowiring by type from bean name 'simpAnnotationMethodMessageHandler' via factory method to bean named 'clientOutboundChannel'
DEBUG 24-11-07 19:31:05[restartedMain] [DefaultListableBeanFactory:945] - Autowiring by type from bean name 'simpAnnotationMethodMessageHandler' via factory method to bean named 'brokerMessagingTemplate'
DEBUG 24-11-07 19:31:05[restartedMain] [DefaultListableBeanFactory:945] - Autowiring by type from bean name 'simpAnnotationMethodMessageHandler' via factory method to bean named 'brokerMessageConverter'
DEBUG 24-11-07 19:31:05[restartedMain] [DefaultListableBeanFactory:225] - Creating shared instance of singleton bean 'mvcValidator'
DEBUG 24-11-07 19:31:05[restartedMain] [DefaultListableBeanFactory:225] - Creating shared instance of singleton bean 'defaultValidator'
DEBUG 24-11-07 19:31:05[restartedMain] [DefaultListableBeanFactory:945] - Autowiring by type from bean name 'defaultValidator' via factory method to bean named 'org.springframework.boot.web.servlet.context.AnnotationConfigServletWebServerApplicationContext@7b047844'
DEBUG 24-11-07 19:31:05[restartedMain] [ResourceBundleMessageInterpolator:175] - Loaded expression factory via original TCCL
DEBUG 24-11-07 19:31:05[restartedMain] [AbstractConfigurationImpl:176] - Setting custom MessageInterpolator of type org.springframework.validation.beanvalidation.LocaleContextMessageInterpolator
DEBUG 24-11-07 19:31:05[restartedMain] [AbstractConfigurationImpl:208] - Setting custom ConstraintValidatorFactory of type org.springframework.validation.beanvalidation.SpringConstraintValidatorFactory
DEBUG 24-11-07 19:31:05[restartedMain] [ValidationXmlParser:122] - Trying to load META-INF/validation.xml for XML based Validator configuration.
DEBUG 24-11-07 19:31:05[restartedMain] [ResourceLoaderHelper:54] - Trying to load META-INF/validation.xml via user class loader
DEBUG 24-11-07 19:31:05[restartedMain] [ResourceLoaderHelper:61] - Trying to load META-INF/validation.xml via TCCL
DEBUG 24-11-07 19:31:05[restartedMain] [ResourceLoaderHelper:67] - Trying to load META-INF/validation.xml via Hibernate Validator's class loader
DEBUG 24-11-07 19:31:05[restartedMain] [ValidationXmlParser:129] - No META-INF/validation.xml found. Using annotation based configuration only.
DEBUG 24-11-07 19:31:05[restartedMain] [TraversableResolvers:61] - Cannot find jakarta.persistence.Persistence on classpath. Assuming non JPA 2 environment. All properties will per default be traversable.
DEBUG 24-11-07 19:31:05[restartedMain] [ValidatorFactoryConfigurationHelper:355] - HV000252: Using org.hibernate.validator.internal.engine.DefaultPropertyNodeNameProvider as property node name provider.
DEBUG 24-11-07 19:31:05[restartedMain] [ValidatorFactoryConfigurationHelper:447] - HV000234: Using org.springframework.validation.beanvalidation.LocaleContextMessageInterpolator as ValidatorFactory-scoped message interpolator.
DEBUG 24-11-07 19:31:05[restartedMain] [ValidatorFactoryConfigurationHelper:448] - HV000234: Using org.hibernate.validator.internal.engine.resolver.TraverseAllTraversableResolver as ValidatorFactory-scoped traversable resolver.
DEBUG 24-11-07 19:31:05[restartedMain] [ValidatorFactoryConfigurationHelper:449] - HV000234: Using org.hibernate.validator.internal.util.ExecutableParameterNameProvider as ValidatorFactory-scoped parameter name provider.
DEBUG 24-11-07 19:31:05[restartedMain] [ValidatorFactoryConfigurationHelper:450] - HV000234: Using org.hibernate.validator.internal.engine.DefaultClockProvider as ValidatorFactory-scoped clock provider.
DEBUG 24-11-07 19:31:05[restartedMain] [ValidatorFactoryConfigurationHelper:451] - HV000234: Using org.hibernate.validator.internal.engine.scripting.DefaultScriptEvaluatorFactory as ValidatorFactory-scoped script evaluator factory.
DEBUG 24-11-07 19:31:05[restartedMain] [WebSocketAnnotationMethodMessageHandler:316] - 
	c.s.m.b.BoardWebController:
	
DEBUG 24-11-07 19:31:05[restartedMain] [WebSocketAnnotationMethodMessageHandler:316] - 
	c.s.m.b.BoardWebRestController:
	
DEBUG 24-11-07 19:31:05[restartedMain] [WebSocketAnnotationMethodMessageHandler:316] - 
	c.s.m.b.c.BoardCommentWebRestController:
	
DEBUG 24-11-07 19:31:05[restartedMain] [WebSocketAnnotationMethodMessageHandler:316] - 
	c.s.m.c.CategoryAjxController:
	
DEBUG 24-11-07 19:31:05[restartedMain] [WebSocketAnnotationMethodMessageHandler:316] - 
	c.s.m.c.CategoryWebRestController:
	
DEBUG 24-11-07 19:31:05[restartedMain] [WebSocketAnnotationMethodMessageHandler:316] - 
	c.s.m.c.CatWebOldController:
	
DEBUG 24-11-07 19:31:05[restartedMain] [WebSocketAnnotationMethodMessageHandler:316] - 
	c.s.m.m.MemberWebController:
	
DEBUG 24-11-07 19:31:05[restartedMain] [WebSocketAnnotationMethodMessageHandler:316] - 
	c.s.m.m.MemberWebRestController:
	
DEBUG 24-11-07 19:31:05[restartedMain] [WebSocketAnnotationMethodMessageHandler:316] - 
	c.s.m.s.SbFileWebRestController:
	
DEBUG 24-11-07 19:31:05[restartedMain] [WebSocketAnnotationMethodMessageHandler:316] - 
	c.s.m.s.c.AdminController:
	
DEBUG 24-11-07 19:31:05[restartedMain] [WebSocketAnnotationMethodMessageHandler:316] - 
	c.s.m.s.c.IndexController:
	
DEBUG 24-11-07 19:31:05[restartedMain] [WebSocketAnnotationMethodMessageHandler:316] - 
	c.s.m.s.c.LoginCookieController:
	
DEBUG 24-11-07 19:31:05[restartedMain] [WebSocketAnnotationMethodMessageHandler:316] - 
	c.s.m.s.c.LoginSessionController:
	
DEBUG 24-11-07 19:31:05[restartedMain] [WebSocketAnnotationMethodMessageHandler:316] - 
	c.s.m.s.c.UserController:
	
DEBUG 24-11-07 19:31:05[restartedMain] [WebSocketAnnotationMethodMessageHandler:316] - 
	c.s.m.s.StompChatController:
	{[MESSAGE],[/stomp/message]}: message(StompMessageDto)
DEBUG 24-11-07 19:31:05[restartedMain] [WebSocketAnnotationMethodMessageHandler:316] - 
	c.s.m.s.StompRoomController:
	
DEBUG 24-11-07 19:31:05[restartedMain] [WebSocketAnnotationMethodMessageHandler:316] - 
	o.s.b.a.w.s.e.BasicErrorController:
	
DEBUG 24-11-07 19:31:05[restartedMain] [DefaultListableBeanFactory:225] - Creating shared instance of singleton bean 'simpleBrokerMessageHandler'
DEBUG 24-11-07 19:31:06[restartedMain] [DefaultListableBeanFactory:945] - Autowiring by type from bean name 'simpleBrokerMessageHandler' via factory method to bean named 'clientInboundChannel'
DEBUG 24-11-07 19:31:06[restartedMain] [DefaultListableBeanFactory:945] - Autowiring by type from bean name 'simpleBrokerMessageHandler' via factory method to bean named 'clientOutboundChannel'
DEBUG 24-11-07 19:31:06[restartedMain] [DefaultListableBeanFactory:945] - Autowiring by type from bean name 'simpleBrokerMessageHandler' via factory method to bean named 'brokerChannel'
DEBUG 24-11-07 19:31:06[restartedMain] [DefaultListableBeanFactory:945] - Autowiring by type from bean name 'simpleBrokerMessageHandler' via factory method to bean named 'userDestinationResolver'
DEBUG 24-11-07 19:31:06[restartedMain] [DefaultListableBeanFactory:225] - Creating shared instance of singleton bean 'org.springframework.boot.autoconfigure.context.PropertyPlaceholderAutoConfiguration'
DEBUG 24-11-07 19:31:06[restartedMain] [DefaultListableBeanFactory:225] - Creating shared instance of singleton bean 'org.springframework.boot.autoconfigure.websocket.servlet.WebSocketServletAutoConfiguration'
DEBUG 24-11-07 19:31:06[restartedMain] [DefaultListableBeanFactory:225] - Creating shared instance of singleton bean 'org.springframework.boot.autoconfigure.web.servlet.DispatcherServletAutoConfiguration'
DEBUG 24-11-07 19:31:06[restartedMain] [DefaultListableBeanFactory:225] - Creating shared instance of singleton bean 'org.springframework.boot.autoconfigure.task.TaskExecutorConfigurations$ThreadPoolTaskExecutorBuilderConfiguration'
DEBUG 24-11-07 19:31:06[restartedMain] [DefaultListableBeanFactory:225] - Creating shared instance of singleton bean 'threadPoolTaskExecutorBuilder'
DEBUG 24-11-07 19:31:06[restartedMain] [DefaultListableBeanFactory:225] - Creating shared instance of singleton bean 'spring.task.execution-org.springframework.boot.autoconfigure.task.TaskExecutionProperties'
DEBUG 24-11-07 19:31:06[restartedMain] [DefaultListableBeanFactory:945] - Autowiring by type from bean name 'threadPoolTaskExecutorBuilder' via factory method to bean named 'spring.task.execution-org.springframework.boot.autoconfigure.task.TaskExecutionProperties'
DEBUG 24-11-07 19:31:06[restartedMain] [DefaultListableBeanFactory:225] - Creating shared instance of singleton bean 'org.springframework.boot.autoconfigure.task.TaskExecutorConfigurations$TaskExecutorBuilderConfiguration'
DEBUG 24-11-07 19:31:06[restartedMain] [DefaultListableBeanFactory:225] - Creating shared instance of singleton bean 'taskExecutorBuilder'
DEBUG 24-11-07 19:31:06[restartedMain] [DefaultListableBeanFactory:945] - Autowiring by type from bean name 'taskExecutorBuilder' via factory method to bean named 'spring.task.execution-org.springframework.boot.autoconfigure.task.TaskExecutionProperties'
DEBUG 24-11-07 19:31:06[restartedMain] [DefaultListableBeanFactory:225] - Creating shared instance of singleton bean 'org.springframework.boot.autoconfigure.task.TaskExecutorConfigurations$SimpleAsyncTaskExecutorBuilderConfiguration'
DEBUG 24-11-07 19:31:06[restartedMain] [DefaultListableBeanFactory:945] - Autowiring by type from bean name 'org.springframework.boot.autoconfigure.task.TaskExecutorConfigurations$SimpleAsyncTaskExecutorBuilderConfiguration' via constructor to bean named 'spring.task.execution-org.springframework.boot.autoconfigure.task.TaskExecutionProperties'
DEBUG 24-11-07 19:31:06[restartedMain] [DefaultListableBeanFactory:225] - Creating shared instance of singleton bean 'simpleAsyncTaskExecutorBuilder'
DEBUG 24-11-07 19:31:06[restartedMain] [DefaultListableBeanFactory:225] - Creating shared instance of singleton bean 'org.springframework.boot.autoconfigure.task.TaskExecutionAutoConfiguration'
DEBUG 24-11-07 19:31:06[restartedMain] [DefaultListableBeanFactory:225] - Creating shared instance of singleton bean 'org.springframework.boot.autoconfigure.validation.ValidationAutoConfiguration'
DEBUG 24-11-07 19:31:06[restartedMain] [DefaultListableBeanFactory:225] - Creating shared instance of singleton bean 'org.springframework.boot.autoconfigure.web.servlet.error.ErrorMvcAutoConfiguration$WhitelabelErrorViewConfiguration'
DEBUG 24-11-07 19:31:06[restartedMain] [DefaultListableBeanFactory:225] - Creating shared instance of singleton bean 'error'
DEBUG 24-11-07 19:31:06[restartedMain] [DefaultListableBeanFactory:225] - Creating shared instance of singleton bean 'beanNameViewResolver'
DEBUG 24-11-07 19:31:06[restartedMain] [DefaultListableBeanFactory:225] - Creating shared instance of singleton bean 'org.springframework.boot.autoconfigure.web.servlet.error.ErrorMvcAutoConfiguration$DefaultErrorViewResolverConfiguration'
DEBUG 24-11-07 19:31:06[restartedMain] [DefaultListableBeanFactory:945] - Autowiring by type from bean name 'org.springframework.boot.autoconfigure.web.servlet.error.ErrorMvcAutoConfiguration$DefaultErrorViewResolverConfiguration' via constructor to bean named 'org.springframework.boot.web.servlet.context.AnnotationConfigServletWebServerApplicationContext@7b047844'
DEBUG 24-11-07 19:31:06[restartedMain] [DefaultListableBeanFactory:945] - Autowiring by type from bean name 'org.springframework.boot.autoconfigure.web.servlet.error.ErrorMvcAutoConfiguration$DefaultErrorViewResolverConfiguration' via constructor to bean named 'spring.web-org.springframework.boot.autoconfigure.web.WebProperties'
DEBUG 24-11-07 19:31:06[restartedMain] [DefaultListableBeanFactory:225] - Creating shared instance of singleton bean 'conventionErrorViewResolver'
DEBUG 24-11-07 19:31:06[restartedMain] [DefaultListableBeanFactory:225] - Creating shared instance of singleton bean 'errorAttributes'
DEBUG 24-11-07 19:31:06[restartedMain] [DefaultListableBeanFactory:225] - Creating shared instance of singleton bean 'basicErrorController'
DEBUG 24-11-07 19:31:06[restartedMain] [DefaultListableBeanFactory:945] - Autowiring by type from bean name 'basicErrorController' via factory method to bean named 'errorAttributes'
DEBUG 24-11-07 19:31:06[restartedMain] [DefaultListableBeanFactory:225] - Creating shared instance of singleton bean 'localeResolver'
DEBUG 24-11-07 19:31:06[restartedMain] [DefaultListableBeanFactory:225] - Creating shared instance of singleton bean 'themeResolver'
DEBUG 24-11-07 19:31:06[restartedMain] [DefaultListableBeanFactory:225] - Creating shared instance of singleton bean 'flashMapManager'
DEBUG 24-11-07 19:31:06[restartedMain] [DefaultListableBeanFactory:225] - Creating shared instance of singleton bean 'mvcPatternParser'
DEBUG 24-11-07 19:31:06[restartedMain] [DefaultListableBeanFactory:225] - Creating shared instance of singleton bean 'mvcUrlPathHelper'
DEBUG 24-11-07 19:31:06[restartedMain] [DefaultListableBeanFactory:225] - Creating shared instance of singleton bean 'mvcPathMatcher'
DEBUG 24-11-07 19:31:06[restartedMain] [DefaultListableBeanFactory:225] - Creating shared instance of singleton bean 'requestMappingHandlerAdapter'
DEBUG 24-11-07 19:31:06[restartedMain] [DefaultListableBeanFactory:945] - Autowiring by type from bean name 'requestMappingHandlerAdapter' via factory method to bean named 'mvcContentNegotiationManager'
DEBUG 24-11-07 19:31:06[restartedMain] [DefaultListableBeanFactory:945] - Autowiring by type from bean name 'requestMappingHandlerAdapter' via factory method to bean named 'mvcConversionService'
DEBUG 24-11-07 19:31:06[restartedMain] [DefaultListableBeanFactory:945] - Autowiring by type from bean name 'requestMappingHandlerAdapter' via factory method to bean named 'mvcValidator'
DEBUG 24-11-07 19:31:06[restartedMain] [RequestMappingHandlerAdapter:634] - ControllerAdvice beans: 1 @ModelAttribute, 0 @InitBinder, 1 RequestBodyAdvice, 1 ResponseBodyAdvice
DEBUG 24-11-07 19:31:06[restartedMain] [DefaultListableBeanFactory:225] - Creating shared instance of singleton bean 'handlerFunctionAdapter'
DEBUG 24-11-07 19:31:06[restartedMain] [DefaultListableBeanFactory:225] - Creating shared instance of singleton bean 'mvcUriComponentsContributor'
DEBUG 24-11-07 19:31:06[restartedMain] [DefaultListableBeanFactory:945] - Autowiring by type from bean name 'mvcUriComponentsContributor' via factory method to bean named 'mvcConversionService'
DEBUG 24-11-07 19:31:06[restartedMain] [DefaultListableBeanFactory:945] - Autowiring by type from bean name 'mvcUriComponentsContributor' via factory method to bean named 'requestMappingHandlerAdapter'
DEBUG 24-11-07 19:31:06[restartedMain] [DefaultListableBeanFactory:225] - Creating shared instance of singleton bean 'httpRequestHandlerAdapter'
DEBUG 24-11-07 19:31:06[restartedMain] [DefaultListableBeanFactory:225] - Creating shared instance of singleton bean 'simpleControllerHandlerAdapter'
DEBUG 24-11-07 19:31:06[restartedMain] [DefaultListableBeanFactory:225] - Creating shared instance of singleton bean 'handlerExceptionResolver'
DEBUG 24-11-07 19:31:06[restartedMain] [DefaultListableBeanFactory:945] - Autowiring by type from bean name 'handlerExceptionResolver' via factory method to bean named 'mvcContentNegotiationManager'
DEBUG 24-11-07 19:31:06[restartedMain] [ExceptionHandlerExceptionResolver:305] - ControllerAdvice beans: 0 @ExceptionHandler, 1 ResponseBodyAdvice
DEBUG 24-11-07 19:31:06[restartedMain] [DefaultListableBeanFactory:225] - Creating shared instance of singleton bean 'mvcViewResolver'
DEBUG 24-11-07 19:31:06[restartedMain] [DefaultListableBeanFactory:945] - Autowiring by type from bean name 'mvcViewResolver' via factory method to bean named 'mvcContentNegotiationManager'
DEBUG 24-11-07 19:31:06[restartedMain] [DefaultListableBeanFactory:225] - Creating shared instance of singleton bean 'viewNameTranslator'
DEBUG 24-11-07 19:31:06[restartedMain] [DefaultListableBeanFactory:225] - Creating shared instance of singleton bean 'defaultViewResolver'
DEBUG 24-11-07 19:31:06[restartedMain] [DefaultListableBeanFactory:225] - Creating shared instance of singleton bean 'viewResolver'
DEBUG 24-11-07 19:31:06[restartedMain] [DefaultListableBeanFactory:945] - Autowiring by type from bean name 'viewResolver' via factory method to bean named 'org.springframework.beans.factory.support.DefaultListableBeanFactory@1ee43b96'
DEBUG 24-11-07 19:31:06[restartedMain] [DefaultListableBeanFactory:225] - Creating shared instance of singleton bean 'viewResolver'
DEBUG 24-11-07 19:31:06[restartedMain] [DefaultListableBeanFactory:225] - Creating shared instance of singleton bean 'mustacheViewResolver'
DEBUG 24-11-07 19:31:06[restartedMain] [DefaultListableBeanFactory:225] - Creating shared instance of singleton bean 'org.springframework.boot.autoconfigure.mustache.MustacheServletWebConfiguration'
DEBUG 24-11-07 19:31:06[restartedMain] [DefaultListableBeanFactory:225] - Creating shared instance of singleton bean 'mustacheCompiler'
DEBUG 24-11-07 19:31:06[restartedMain] [DefaultListableBeanFactory:225] - Creating shared instance of singleton bean 'org.springframework.boot.autoconfigure.mustache.MustacheAutoConfiguration'
DEBUG 24-11-07 19:31:06[restartedMain] [DefaultListableBeanFactory:225] - Creating shared instance of singleton bean 'spring.mustache-org.springframework.boot.autoconfigure.mustache.MustacheProperties'
DEBUG 24-11-07 19:31:06[restartedMain] [DefaultListableBeanFactory:945] - Autowiring by type from bean name 'org.springframework.boot.autoconfigure.mustache.MustacheAutoConfiguration' via constructor to bean named 'spring.mustache-org.springframework.boot.autoconfigure.mustache.MustacheProperties'
DEBUG 24-11-07 19:31:06[restartedMain] [DefaultListableBeanFactory:945] - Autowiring by type from bean name 'org.springframework.boot.autoconfigure.mustache.MustacheAutoConfiguration' via constructor to bean named 'org.springframework.boot.web.servlet.context.AnnotationConfigServletWebServerApplicationContext@7b047844'
DEBUG 24-11-07 19:31:06[restartedMain] [DefaultListableBeanFactory:225] - Creating shared instance of singleton bean 'mustacheTemplateLoader'
DEBUG 24-11-07 19:31:06[restartedMain] [DefaultListableBeanFactory:945] - Autowiring by type from bean name 'mustacheCompiler' via factory method to bean named 'mustacheTemplateLoader'
DEBUG 24-11-07 19:31:06[restartedMain] [DefaultListableBeanFactory:945] - Autowiring by type from bean name 'mustacheViewResolver' via factory method to bean named 'mustacheCompiler'
DEBUG 24-11-07 19:31:06[restartedMain] [DefaultListableBeanFactory:945] - Autowiring by type from bean name 'mustacheViewResolver' via factory method to bean named 'spring.mustache-org.springframework.boot.autoconfigure.mustache.MustacheProperties'
DEBUG 24-11-07 19:31:06[restartedMain] [DefaultListableBeanFactory:225] - Creating shared instance of singleton bean 'org.mybatis.spring.boot.autoconfigure.MybatisLanguageDriverAutoConfiguration'
DEBUG 24-11-07 19:31:06[restartedMain] [DefaultListableBeanFactory:225] - Creating shared instance of singleton bean 'org.springframework.boot.autoconfigure.jdbc.DataSourceJmxConfiguration$Hikari'
DEBUG 24-11-07 19:31:06[restartedMain] [DefaultListableBeanFactory:945] - Autowiring by type from bean name 'org.springframework.boot.autoconfigure.jdbc.DataSourceJmxConfiguration$Hikari' via constructor to bean named 'dataSource'
DEBUG 24-11-07 19:31:06[restartedMain] [DefaultListableBeanFactory:225] - Creating shared instance of singleton bean 'org.springframework.boot.autoconfigure.jdbc.DataSourceJmxConfiguration'
DEBUG 24-11-07 19:31:06[restartedMain] [DefaultListableBeanFactory:225] - Creating shared instance of singleton bean 'org.springframework.boot.autoconfigure.jdbc.metadata.DataSourcePoolMetadataProvidersConfiguration$HikariPoolDataSourceMetadataProviderConfiguration'
DEBUG 24-11-07 19:31:06[restartedMain] [DefaultListableBeanFactory:225] - Creating shared instance of singleton bean 'hikariPoolDataSourceMetadataProvider'
DEBUG 24-11-07 19:31:06[restartedMain] [DefaultListableBeanFactory:225] - Creating shared instance of singleton bean 'org.springframework.boot.autoconfigure.jdbc.metadata.DataSourcePoolMetadataProvidersConfiguration'
DEBUG 24-11-07 19:31:06[restartedMain] [DefaultListableBeanFactory:225] - Creating shared instance of singleton bean 'org.springframework.boot.autoconfigure.jdbc.DataSourceAutoConfiguration'
DEBUG 24-11-07 19:31:06[restartedMain] [DefaultListableBeanFactory:225] - Creating shared instance of singleton bean 'org.mybatis.spring.boot.autoconfigure.MybatisAutoConfiguration$MapperScannerRegistrarNotFoundConfiguration'
DEBUG 24-11-07 19:31:06[restartedMain] [MybatisAutoConfiguration:319] - Not found configuration for registering mapper bean using @MapperScan, MapperFactoryBean and MapperScannerConfigurer.
DEBUG 24-11-07 19:31:06[restartedMain] [DefaultListableBeanFactory:225] - Creating shared instance of singleton bean 'org.springframework.boot.autoconfigure.jmx.JmxAutoConfiguration'
DEBUG 24-11-07 19:31:06[restartedMain] [DefaultListableBeanFactory:225] - Creating shared instance of singleton bean 'spring.jmx-org.springframework.boot.autoconfigure.jmx.JmxProperties'
DEBUG 24-11-07 19:31:06[restartedMain] [DefaultListableBeanFactory:945] - Autowiring by type from bean name 'org.springframework.boot.autoconfigure.jmx.JmxAutoConfiguration' via constructor to bean named 'spring.jmx-org.springframework.boot.autoconfigure.jmx.JmxProperties'
DEBUG 24-11-07 19:31:06[restartedMain] [DefaultListableBeanFactory:225] - Creating shared instance of singleton bean 'mbeanExporter'
DEBUG 24-11-07 19:31:06[restartedMain] [DefaultListableBeanFactory:225] - Creating shared instance of singleton bean 'objectNamingStrategy'
DEBUG 24-11-07 19:31:06[restartedMain] [DefaultListableBeanFactory:945] - Autowiring by type from bean name 'mbeanExporter' via factory method to bean named 'objectNamingStrategy'
DEBUG 24-11-07 19:31:06[restartedMain] [DefaultListableBeanFactory:945] - Autowiring by type from bean name 'mbeanExporter' via factory method to bean named 'org.springframework.beans.factory.support.DefaultListableBeanFactory@1ee43b96'
DEBUG 24-11-07 19:31:06[restartedMain] [DefaultListableBeanFactory:225] - Creating shared instance of singleton bean 'mbeanServer'
DEBUG 24-11-07 19:31:06[restartedMain] [JmxUtils:127] - Found MBeanServer: com.sun.jmx.mbeanserver.JmxMBeanServer@12f40c25
DEBUG 24-11-07 19:31:06[restartedMain] [DefaultListableBeanFactory:225] - Creating shared instance of singleton bean 'org.springframework.boot.autoconfigure.admin.SpringApplicationAdminJmxAutoConfiguration'
DEBUG 24-11-07 19:31:06[restartedMain] [DefaultListableBeanFactory:225] - Creating shared instance of singleton bean 'springApplicationAdminRegistrar'
DEBUG 24-11-07 19:31:06[restartedMain] [DefaultListableBeanFactory:945] - Autowiring by type from bean name 'springApplicationAdminRegistrar' via factory method to bean named 'environment'
DEBUG 24-11-07 19:31:06[restartedMain] [SpringApplicationAdminMXBeanRegistrar$SpringApplicationAdmin:131] - Application Admin MBean registered with name 'org.springframework.boot:type=Admin,name=SpringApplication'
DEBUG 24-11-07 19:31:06[restartedMain] [DefaultListableBeanFactory:225] - Creating shared instance of singleton bean 'org.springframework.boot.autoconfigure.aop.AopAutoConfiguration$ClassProxyingConfiguration'
DEBUG 24-11-07 19:31:06[restartedMain] [DefaultListableBeanFactory:225] - Creating shared instance of singleton bean 'org.springframework.boot.autoconfigure.aop.AopAutoConfiguration'
DEBUG 24-11-07 19:31:06[restartedMain] [DefaultListableBeanFactory:225] - Creating shared instance of singleton bean 'org.springframework.boot.autoconfigure.availability.ApplicationAvailabilityAutoConfiguration'
DEBUG 24-11-07 19:31:06[restartedMain] [DefaultListableBeanFactory:225] - Creating shared instance of singleton bean 'applicationAvailability'
DEBUG 24-11-07 19:31:06[restartedMain] [DefaultListableBeanFactory:225] - Creating shared instance of singleton bean 'org.springframework.boot.autoconfigure.transaction.TransactionManagerCustomizationAutoConfiguration'
DEBUG 24-11-07 19:31:06[restartedMain] [DefaultListableBeanFactory:225] - Creating shared instance of singleton bean 'platformTransactionManagerCustomizers'
DEBUG 24-11-07 19:31:06[restartedMain] [DefaultListableBeanFactory:225] - Creating shared instance of singleton bean 'transactionExecutionListeners'
DEBUG 24-11-07 19:31:06[restartedMain] [DefaultListableBeanFactory:225] - Creating shared instance of singleton bean 'spring.transaction-org.springframework.boot.autoconfigure.transaction.TransactionProperties'
DEBUG 24-11-07 19:31:06[restartedMain] [DefaultListableBeanFactory:225] - Creating shared instance of singleton bean 'org.springframework.boot.autoconfigure.context.ConfigurationPropertiesAutoConfiguration'
DEBUG 24-11-07 19:31:06[restartedMain] [DefaultListableBeanFactory:225] - Creating shared instance of singleton bean 'org.springframework.boot.autoconfigure.context.LifecycleAutoConfiguration'
DEBUG 24-11-07 19:31:06[restartedMain] [DefaultListableBeanFactory:225] - Creating shared instance of singleton bean 'lifecycleProcessor'
DEBUG 24-11-07 19:31:06[restartedMain] [DefaultListableBeanFactory:225] - Creating shared instance of singleton bean 'spring.lifecycle-org.springframework.boot.autoconfigure.context.LifecycleProperties'
DEBUG 24-11-07 19:31:06[restartedMain] [DefaultListableBeanFactory:945] - Autowiring by type from bean name 'lifecycleProcessor' via factory method to bean named 'spring.lifecycle-org.springframework.boot.autoconfigure.context.LifecycleProperties'
DEBUG 24-11-07 19:31:06[restartedMain] [DefaultListableBeanFactory:225] - Creating shared instance of singleton bean 'org.springframework.boot.autoconfigure.dao.PersistenceExceptionTranslationAutoConfiguration'
DEBUG 24-11-07 19:31:06[restartedMain] [DefaultListableBeanFactory:225] - Creating shared instance of singleton bean 'org.springframework.boot.autoconfigure.http.JacksonHttpMessageConvertersConfiguration'
DEBUG 24-11-07 19:31:06[restartedMain] [DefaultListableBeanFactory:225] - Creating shared instance of singleton bean 'org.springframework.boot.autoconfigure.info.ProjectInfoAutoConfiguration'
DEBUG 24-11-07 19:31:06[restartedMain] [DefaultListableBeanFactory:225] - Creating shared instance of singleton bean 'spring.info-org.springframework.boot.autoconfigure.info.ProjectInfoProperties'
DEBUG 24-11-07 19:31:06[restartedMain] [DefaultListableBeanFactory:945] - Autowiring by type from bean name 'org.springframework.boot.autoconfigure.info.ProjectInfoAutoConfiguration' via constructor to bean named 'spring.info-org.springframework.boot.autoconfigure.info.ProjectInfoProperties'
DEBUG 24-11-07 19:31:06[restartedMain] [DefaultListableBeanFactory:225] - Creating shared instance of singleton bean 'org.springframework.boot.autoconfigure.jdbc.JdbcTemplateConfiguration'
DEBUG 24-11-07 19:31:06[restartedMain] [DefaultListableBeanFactory:225] - Creating shared instance of singleton bean 'jdbcTemplate'
DEBUG 24-11-07 19:31:06[restartedMain] [DefaultListableBeanFactory:225] - Creating shared instance of singleton bean 'spring.jdbc-org.springframework.boot.autoconfigure.jdbc.JdbcProperties'
DEBUG 24-11-07 19:31:06[restartedMain] [DefaultListableBeanFactory:945] - Autowiring by type from bean name 'jdbcTemplate' via factory method to bean named 'dataSource'
DEBUG 24-11-07 19:31:06[restartedMain] [DefaultListableBeanFactory:945] - Autowiring by type from bean name 'jdbcTemplate' via factory method to bean named 'spring.jdbc-org.springframework.boot.autoconfigure.jdbc.JdbcProperties'
DEBUG 24-11-07 19:31:06[restartedMain] [DefaultListableBeanFactory:225] - Creating shared instance of singleton bean 'org.springframework.boot.autoconfigure.jdbc.NamedParameterJdbcTemplateConfiguration'
DEBUG 24-11-07 19:31:06[restartedMain] [DefaultListableBeanFactory:225] - Creating shared instance of singleton bean 'namedParameterJdbcTemplate'
DEBUG 24-11-07 19:31:06[restartedMain] [DefaultListableBeanFactory:945] - Autowiring by type from bean name 'namedParameterJdbcTemplate' via factory method to bean named 'jdbcTemplate'
DEBUG 24-11-07 19:31:06[restartedMain] [DefaultListableBeanFactory:225] - Creating shared instance of singleton bean 'org.springframework.boot.autoconfigure.jdbc.JdbcTemplateAutoConfiguration'
DEBUG 24-11-07 19:31:06[restartedMain] [DefaultListableBeanFactory:225] - Creating shared instance of singleton bean 'org.springframework.boot.autoconfigure.jdbc.JdbcClientAutoConfiguration'
DEBUG 24-11-07 19:31:06[restartedMain] [DefaultListableBeanFactory:225] - Creating shared instance of singleton bean 'jdbcClient'
DEBUG 24-11-07 19:31:06[restartedMain] [DefaultListableBeanFactory:945] - Autowiring by type from bean name 'jdbcClient' via factory method to bean named 'namedParameterJdbcTemplate'
DEBUG 24-11-07 19:31:06[restartedMain] [DefaultListableBeanFactory:225] - Creating shared instance of singleton bean 'org.springframework.boot.autoconfigure.security.servlet.SpringBootWebSecurityConfiguration'
DEBUG 24-11-07 19:31:06[restartedMain] [DefaultListableBeanFactory:225] - Creating shared instance of singleton bean 'org.springframework.boot.autoconfigure.sql.init.SqlInitializationAutoConfiguration'
DEBUG 24-11-07 19:31:06[restartedMain] [DefaultListableBeanFactory:225] - Creating shared instance of singleton bean 'org.springframework.boot.autoconfigure.task.TaskSchedulingConfigurations$ThreadPoolTaskSchedulerBuilderConfiguration'
DEBUG 24-11-07 19:31:06[restartedMain] [DefaultListableBeanFactory:225] - Creating shared instance of singleton bean 'threadPoolTaskSchedulerBuilder'
DEBUG 24-11-07 19:31:06[restartedMain] [DefaultListableBeanFactory:225] - Creating shared instance of singleton bean 'spring.task.scheduling-org.springframework.boot.autoconfigure.task.TaskSchedulingProperties'
DEBUG 24-11-07 19:31:06[restartedMain] [DefaultListableBeanFactory:945] - Autowiring by type from bean name 'threadPoolTaskSchedulerBuilder' via factory method to bean named 'spring.task.scheduling-org.springframework.boot.autoconfigure.task.TaskSchedulingProperties'
DEBUG 24-11-07 19:31:06[restartedMain] [DefaultListableBeanFactory:225] - Creating shared instance of singleton bean 'org.springframework.boot.autoconfigure.task.TaskSchedulingConfigurations$TaskSchedulerBuilderConfiguration'
DEBUG 24-11-07 19:31:06[restartedMain] [DefaultListableBeanFactory:225] - Creating shared instance of singleton bean 'taskSchedulerBuilder'
DEBUG 24-11-07 19:31:06[restartedMain] [DefaultListableBeanFactory:945] - Autowiring by type from bean name 'taskSchedulerBuilder' via factory method to bean named 'spring.task.scheduling-org.springframework.boot.autoconfigure.task.TaskSchedulingProperties'
DEBUG 24-11-07 19:31:06[restartedMain] [DefaultListableBeanFactory:225] - Creating shared instance of singleton bean 'org.springframework.boot.autoconfigure.task.TaskSchedulingConfigurations$SimpleAsyncTaskSchedulerBuilderConfiguration'
DEBUG 24-11-07 19:31:06[restartedMain] [DefaultListableBeanFactory:945] - Autowiring by type from bean name 'org.springframework.boot.autoconfigure.task.TaskSchedulingConfigurations$SimpleAsyncTaskSchedulerBuilderConfiguration' via constructor to bean named 'spring.task.scheduling-org.springframework.boot.autoconfigure.task.TaskSchedulingProperties'
DEBUG 24-11-07 19:31:06[restartedMain] [DefaultListableBeanFactory:225] - Creating shared instance of singleton bean 'simpleAsyncTaskSchedulerBuilder'
DEBUG 24-11-07 19:31:06[restartedMain] [DefaultListableBeanFactory:225] - Creating shared instance of singleton bean 'org.springframework.boot.autoconfigure.task.TaskSchedulingAutoConfiguration'
DEBUG 24-11-07 19:31:06[restartedMain] [DefaultListableBeanFactory:225] - Creating shared instance of singleton bean 'org.springframework.boot.autoconfigure.jdbc.DataSourceTransactionManagerAutoConfiguration$JdbcTransactionManagerConfiguration'
DEBUG 24-11-07 19:31:06[restartedMain] [DefaultListableBeanFactory:225] - Creating shared instance of singleton bean 'transactionManager'
DEBUG 24-11-07 19:31:06[restartedMain] [DefaultListableBeanFactory:945] - Autowiring by type from bean name 'transactionManager' via factory method to bean named 'environment'
DEBUG 24-11-07 19:31:06[restartedMain] [DefaultListableBeanFactory:945] - Autowiring by type from bean name 'transactionManager' via factory method to bean named 'dataSource'
DEBUG 24-11-07 19:31:06[restartedMain] [DefaultListableBeanFactory:225] - Creating shared instance of singleton bean 'org.springframework.boot.autoconfigure.jdbc.DataSourceTransactionManagerAutoConfiguration'
DEBUG 24-11-07 19:31:06[restartedMain] [DefaultListableBeanFactory:225] - Creating shared instance of singleton bean 'org.springframework.boot.autoconfigure.transaction.TransactionAutoConfiguration$EnableTransactionManagementConfiguration$CglibAutoProxyConfiguration'
DEBUG 24-11-07 19:31:06[restartedMain] [DefaultListableBeanFactory:225] - Creating shared instance of singleton bean 'org.springframework.boot.autoconfigure.transaction.TransactionAutoConfiguration$EnableTransactionManagementConfiguration'
DEBUG 24-11-07 19:31:06[restartedMain] [DefaultListableBeanFactory:225] - Creating shared instance of singleton bean 'org.springframework.boot.autoconfigure.transaction.TransactionAutoConfiguration$TransactionTemplateConfiguration'
DEBUG 24-11-07 19:31:06[restartedMain] [DefaultListableBeanFactory:225] - Creating shared instance of singleton bean 'transactionTemplate'
DEBUG 24-11-07 19:31:06[restartedMain] [DefaultListableBeanFactory:945] - Autowiring by type from bean name 'transactionTemplate' via factory method to bean named 'transactionManager'
DEBUG 24-11-07 19:31:06[restartedMain] [DefaultListableBeanFactory:225] - Creating shared instance of singleton bean 'org.springframework.boot.autoconfigure.transaction.TransactionAutoConfiguration'
DEBUG 24-11-07 19:31:06[restartedMain] [DefaultListableBeanFactory:225] - Creating shared instance of singleton bean 'org.springframework.boot.autoconfigure.web.client.RestClientAutoConfiguration'
DEBUG 24-11-07 19:31:06[restartedMain] [DefaultListableBeanFactory:225] - Creating shared instance of singleton bean 'httpMessageConvertersRestClientCustomizer'
DEBUG 24-11-07 19:31:06[restartedMain] [DefaultListableBeanFactory:225] - Creating shared instance of singleton bean 'restClientSsl'
DEBUG 24-11-07 19:31:06[restartedMain] [DefaultListableBeanFactory:945] - Autowiring by type from bean name 'restClientSsl' via factory method to bean named 'sslBundleRegistry'
DEBUG 24-11-07 19:31:06[restartedMain] [DefaultListableBeanFactory:225] - Creating shared instance of singleton bean 'restClientBuilderConfigurer'
DEBUG 24-11-07 19:31:06[restartedMain] [DefaultListableBeanFactory:225] - Creating shared instance of singleton bean 'org.springframework.boot.autoconfigure.web.client.RestTemplateAutoConfiguration'
DEBUG 24-11-07 19:31:06[restartedMain] [DefaultListableBeanFactory:225] - Creating shared instance of singleton bean 'org.springframework.boot.autoconfigure.web.embedded.EmbeddedWebServerFactoryCustomizerAutoConfiguration'
DEBUG 24-11-07 19:31:06[restartedMain] [DefaultListableBeanFactory:225] - Creating shared instance of singleton bean 'multipartResolver'
DEBUG 24-11-07 19:31:06[restartedMain] [DefaultListableBeanFactory:225] - Creating shared instance of singleton bean 'eagerStompWebSocketHandlerMapping'
DEBUG 24-11-07 19:31:06[restartedMain] [DefaultListableBeanFactory:225] - Creating shared instance of singleton bean 'org.springframework.boot.autoconfigure.websocket.servlet.WebSocketMessagingAutoConfiguration'
DEBUG 24-11-07 19:31:06[restartedMain] [DefaultListableBeanFactory:225] - Creating shared instance of singleton bean 'org.springframework.boot.devtools.autoconfigure.DevToolsDataSourceAutoConfiguration'
DEBUG 24-11-07 19:31:06[restartedMain] [DefaultListableBeanFactory:225] - Creating shared instance of singleton bean 'inMemoryDatabaseShutdownExecutor'
DEBUG 24-11-07 19:31:06[restartedMain] [DefaultListableBeanFactory:945] - Autowiring by type from bean name 'inMemoryDatabaseShutdownExecutor' via factory method to bean named 'dataSource'
DEBUG 24-11-07 19:31:06[restartedMain] [DefaultListableBeanFactory:945] - Autowiring by type from bean name 'inMemoryDatabaseShutdownExecutor' via factory method to bean named 'spring.datasource-org.springframework.boot.autoconfigure.jdbc.DataSourceProperties'
DEBUG 24-11-07 19:31:06[restartedMain] [DefaultListableBeanFactory:225] - Creating shared instance of singleton bean 'org.springframework.boot.devtools.autoconfigure.LocalDevToolsAutoConfiguration$RestartConfiguration'
DEBUG 24-11-07 19:31:06[restartedMain] [DefaultListableBeanFactory:225] - Creating shared instance of singleton bean 'spring.devtools-org.springframework.boot.devtools.autoconfigure.DevToolsProperties'
DEBUG 24-11-07 19:31:06[restartedMain] [DefaultListableBeanFactory:945] - Autowiring by type from bean name 'org.springframework.boot.devtools.autoconfigure.LocalDevToolsAutoConfiguration$RestartConfiguration' via constructor to bean named 'spring.devtools-org.springframework.boot.devtools.autoconfigure.DevToolsProperties'
DEBUG 24-11-07 19:31:06[restartedMain] [DefaultListableBeanFactory:225] - Creating shared instance of singleton bean 'restartingClassPathChangedEventListener'
DEBUG 24-11-07 19:31:06[restartedMain] [DefaultListableBeanFactory:225] - Creating shared instance of singleton bean 'fileSystemWatcherFactory'
DEBUG 24-11-07 19:31:06[restartedMain] [DefaultListableBeanFactory:945] - Autowiring by type from bean name 'restartingClassPathChangedEventListener' via factory method to bean named 'fileSystemWatcherFactory'
DEBUG 24-11-07 19:31:06[restartedMain] [DefaultListableBeanFactory:225] - Creating shared instance of singleton bean 'classPathFileSystemWatcher'
DEBUG 24-11-07 19:31:06[restartedMain] [DefaultListableBeanFactory:225] - Creating shared instance of singleton bean 'classPathRestartStrategy'
DEBUG 24-11-07 19:31:06[restartedMain] [DefaultListableBeanFactory:945] - Autowiring by type from bean name 'classPathFileSystemWatcher' via factory method to bean named 'fileSystemWatcherFactory'
DEBUG 24-11-07 19:31:06[restartedMain] [DefaultListableBeanFactory:945] - Autowiring by type from bean name 'classPathFileSystemWatcher' via factory method to bean named 'classPathRestartStrategy'
DEBUG 24-11-07 19:31:06[restartedMain] [DefaultListableBeanFactory:225] - Creating shared instance of singleton bean 'conditionEvaluationDeltaLoggingListener'
DEBUG 24-11-07 19:31:06[restartedMain] [DefaultListableBeanFactory:225] - Creating shared instance of singleton bean 'org.springframework.boot.devtools.autoconfigure.LocalDevToolsAutoConfiguration$LiveReloadConfiguration'
DEBUG 24-11-07 19:31:06[restartedMain] [DefaultListableBeanFactory:225] - Creating shared instance of singleton bean 'optionalLiveReloadServer'
DEBUG 24-11-07 19:31:06[restartedMain] [DefaultListableBeanFactory:945] - Autowiring by type from bean name 'optionalLiveReloadServer' via factory method to bean named 'liveReloadServer'
INFO  24-11-07 19:31:06[restartedMain] [OptionalLiveReloadServer:59] - LiveReload server is running on port 35729
DEBUG 24-11-07 19:31:06[restartedMain] [DefaultListableBeanFactory:225] - Creating shared instance of singleton bean 'liveReloadServerEventListener'
DEBUG 24-11-07 19:31:06[restartedMain] [DefaultListableBeanFactory:945] - Autowiring by type from bean name 'liveReloadServerEventListener' via factory method to bean named 'optionalLiveReloadServer'
DEBUG 24-11-07 19:31:06[restartedMain] [DefaultListableBeanFactory:225] - Creating shared instance of singleton bean 'org.springframework.boot.devtools.autoconfigure.LocalDevToolsAutoConfiguration'
DEBUG 24-11-07 19:31:06[restartedMain] [AnnotationMBeanExporter:450] - Registering beans for JMX exposure on startup
DEBUG 24-11-07 19:31:06[restartedMain] [AnnotationMBeanExporter:557] - Auto-detecting user-defined JMX MBeans
DEBUG 24-11-07 19:31:06[restartedMain] [AnnotationMBeanExporter:911] - Bean with name 'dataSource' has been autodetected for JMX exposure
DEBUG 24-11-07 19:31:06[restartedMain] [AnnotationMBeanExporter:684] - Located MBean 'dataSource': registering with JMX server as MBean [com.zaxxer.hikari:name=dataSource,type=HikariDataSource]
DEBUG 24-11-07 19:31:06[restartedMain] [DefaultLifecycleProcessor:466] - Starting beans in phase -2147483647
DEBUG 24-11-07 19:31:06[restartedMain] [DefaultLifecycleProcessor:291] - Successfully started bean 'springBootLoggingLifecycle'
DEBUG 24-11-07 19:31:06[restartedMain] [DefaultLifecycleProcessor:466] - Starting beans in phase 2147481599
INFO  24-11-07 19:31:06[restartedMain] [Http11NioProtocol:173] - Starting ProtocolHandler ["http-nio-8088"]
INFO  24-11-07 19:31:06[restartedMain] [TomcatWebServer:243] - Tomcat started on port 8088 (http) with context path '/'
DEBUG 24-11-07 19:31:06[restartedMain] [DefaultLifecycleProcessor:291] - Successfully started bean 'webServerStartStop'
DEBUG 24-11-07 19:31:06[restartedMain] [DefaultLifecycleProcessor:466] - Starting beans in phase 2147482623
DEBUG 24-11-07 19:31:06[restartedMain] [DefaultLifecycleProcessor:291] - Successfully started bean 'webServerGracefulShutdown'
DEBUG 24-11-07 19:31:06[restartedMain] [DefaultLifecycleProcessor:466] - Starting beans in phase 2147483647
DEBUG 24-11-07 19:31:06[restartedMain] [ExecutorSubscribableChannel:127] - clientOutboundChannel added SubProtocolWebSocketHandler[StompSubProtocolHandler[v10.stomp, v11.stomp, v12.stomp]]
DEBUG 24-11-07 19:31:06[restartedMain] [DefaultLifecycleProcessor:291] - Successfully started bean 'subProtocolWebSocketHandler'
DEBUG 24-11-07 19:31:06[restartedMain] [DefaultLifecycleProcessor:291] - Successfully started bean 'stompWebSocketHandlerMapping'
DEBUG 24-11-07 19:31:06[restartedMain] [ExecutorSubscribableChannel:127] - clientInboundChannel added WebSocketAnnotationMethodMessageHandler[prefixes=[/pub/]]
DEBUG 24-11-07 19:31:06[restartedMain] [DefaultLifecycleProcessor:291] - Successfully started bean 'simpAnnotationMethodMessageHandler'
INFO  24-11-07 19:31:06[restartedMain] [SimpleBrokerMessageHandler:117] - Starting...
DEBUG 24-11-07 19:31:06[restartedMain] [ExecutorSubscribableChannel:127] - clientInboundChannel added SimpleBrokerMessageHandler [org.springframework.messaging.simp.broker.DefaultSubscriptionRegistry@718bb3e9]
DEBUG 24-11-07 19:31:06[restartedMain] [ExecutorSubscribableChannel:127] - brokerChannel added SimpleBrokerMessageHandler [org.springframework.messaging.simp.broker.DefaultSubscriptionRegistry@718bb3e9]
INFO  24-11-07 19:31:06[restartedMain] [SimpleBrokerMessageHandler:117] - BrokerAvailabilityEvent[available=true, SimpleBrokerMessageHandler [org.springframework.messaging.simp.broker.DefaultSubscriptionRegistry@718bb3e9]]
INFO  24-11-07 19:31:06[restartedMain] [SimpleBrokerMessageHandler:117] - Started.
DEBUG 24-11-07 19:31:06[restartedMain] [DefaultLifecycleProcessor:291] - Successfully started bean 'simpleBrokerMessageHandler'
DEBUG 24-11-07 19:31:06[restartedMain] [ExecutorSubscribableChannel:127] - clientInboundChannel added UserDestinationMessageHandler[DefaultUserDestinationResolver[prefix=/user/]]
DEBUG 24-11-07 19:31:06[restartedMain] [ExecutorSubscribableChannel:127] - brokerChannel added UserDestinationMessageHandler[DefaultUserDestinationResolver[prefix=/user/]]
DEBUG 24-11-07 19:31:06[restartedMain] [DefaultLifecycleProcessor:291] - Successfully started bean 'userDestinationMessageHandler'
DEBUG 24-11-07 19:31:06[restartedMain] [ConditionEvaluationReportLogger:72] - 


============================
CONDITIONS EVALUATION REPORT
============================


Positive matches:
-----------------

   AopAutoConfiguration matched:
      - @ConditionalOnProperty (spring.aop.auto=true) matched (OnPropertyCondition)

   AopAutoConfiguration.ClassProxyingConfiguration matched:
      - @ConditionalOnMissingClass did not find unwanted class 'org.aspectj.weaver.Advice' (OnClassCondition)
      - @ConditionalOnProperty (spring.aop.proxy-target-class=true) matched (OnPropertyCondition)

   ApplicationAvailabilityAutoConfiguration#applicationAvailability matched:
      - @ConditionalOnMissingBean (types: org.springframework.boot.availability.ApplicationAvailability; SearchStrategy: all) did not find any beans (OnBeanCondition)

   DataSourceAutoConfiguration matched:
      - @ConditionalOnClass found required classes 'javax.sql.DataSource', 'org.springframework.jdbc.datasource.embedded.EmbeddedDatabaseType' (OnClassCondition)
      - @ConditionalOnMissingBean (types: io.r2dbc.spi.ConnectionFactory; SearchStrategy: all) did not find any beans (OnBeanCondition)

   DataSourceAutoConfiguration.PooledDataSourceConfiguration matched:
      - AnyNestedCondition 1 matched 1 did not; NestedCondition on DataSourceAutoConfiguration.PooledDataSourceCondition.PooledDataSourceAvailable PooledDataSource found supported DataSource; NestedCondition on DataSourceAutoConfiguration.PooledDataSourceCondition.ExplicitType @ConditionalOnProperty (spring.datasource.type) did not find property 'type' (DataSourceAutoConfiguration.PooledDataSourceCondition)
      - @ConditionalOnMissingBean (types: javax.sql.DataSource,javax.sql.XADataSource; SearchStrategy: all) did not find any beans (OnBeanCondition)

   DataSourceAutoConfiguration.PooledDataSourceConfiguration#jdbcConnectionDetails matched:
      - @ConditionalOnMissingBean (types: org.springframework.boot.autoconfigure.jdbc.JdbcConnectionDetails; SearchStrategy: all) did not find any beans (OnBeanCondition)

   DataSourceConfiguration.Hikari matched:
      - @ConditionalOnClass found required class 'com.zaxxer.hikari.HikariDataSource' (OnClassCondition)
      - @ConditionalOnProperty (spring.datasource.type=com.zaxxer.hikari.HikariDataSource) matched (OnPropertyCondition)
      - @ConditionalOnMissingBean (types: javax.sql.DataSource; SearchStrategy: all) did not find any beans (OnBeanCondition)

   DataSourceInitializationConfiguration matched:
      - @ConditionalOnClass found required class 'org.springframework.jdbc.datasource.init.DatabasePopulator' (OnClassCondition)
      - @ConditionalOnSingleCandidate (types: javax.sql.DataSource; SearchStrategy: all) found a single bean 'dataSource'; @ConditionalOnMissingBean (types: org.springframework.boot.autoconfigure.sql.init.SqlDataSourceScriptDatabaseInitializer,org.springframework.boot.autoconfigure.sql.init.SqlR2dbcScriptDatabaseInitializer; SearchStrategy: all) did not find any beans (OnBeanCondition)

   DataSourceJmxConfiguration matched:
      - @ConditionalOnProperty (spring.jmx.enabled=true) matched (OnPropertyCondition)

   DataSourceJmxConfiguration.Hikari matched:
      - @ConditionalOnClass found required class 'com.zaxxer.hikari.HikariDataSource' (OnClassCondition)
      - @ConditionalOnSingleCandidate (types: javax.sql.DataSource; SearchStrategy: all) found a single bean 'dataSource' (OnBeanCondition)

   DataSourcePoolMetadataProvidersConfiguration.HikariPoolDataSourceMetadataProviderConfiguration matched:
      - @ConditionalOnClass found required class 'com.zaxxer.hikari.HikariDataSource' (OnClassCondition)

   DataSourceTransactionManagerAutoConfiguration matched:
      - @ConditionalOnClass found required classes 'javax.sql.DataSource', 'org.springframework.jdbc.core.JdbcTemplate', 'org.springframework.transaction.TransactionManager' (OnClassCondition)

   DataSourceTransactionManagerAutoConfiguration.JdbcTransactionManagerConfiguration matched:
      - @ConditionalOnSingleCandidate (types: javax.sql.DataSource; SearchStrategy: all) found a single bean 'dataSource' (OnBeanCondition)

   DataSourceTransactionManagerAutoConfiguration.JdbcTransactionManagerConfiguration#transactionManager matched:
      - @ConditionalOnMissingBean (types: org.springframework.transaction.TransactionManager; SearchStrategy: all) did not find any beans (OnBeanCondition)

   DevToolsDataSourceAutoConfiguration matched:
      - @ConditionalOnClass found required class 'javax.sql.DataSource' (OnClassCondition)
      - Devtools devtools enabled. (OnEnabledDevToolsCondition)
      - DevTools DataSource Condition found auto-configured DataSource (DevToolsDataSourceAutoConfiguration.DevToolsDataSourceCondition)

   DispatcherServletAutoConfiguration matched:
      - @ConditionalOnClass found required class 'org.springframework.web.servlet.DispatcherServlet' (OnClassCondition)
      - found 'session' scope (OnWebApplicationCondition)

   DispatcherServletAutoConfiguration.DispatcherServletConfiguration matched:
      - @ConditionalOnClass found required class 'jakarta.servlet.ServletRegistration' (OnClassCondition)
      - Default DispatcherServlet did not find dispatcher servlet beans (DispatcherServletAutoConfiguration.DefaultDispatcherServletCondition)

   DispatcherServletAutoConfiguration.DispatcherServletRegistrationConfiguration matched:
      - @ConditionalOnClass found required class 'jakarta.servlet.ServletRegistration' (OnClassCondition)
      - DispatcherServlet Registration did not find servlet registration bean (DispatcherServletAutoConfiguration.DispatcherServletRegistrationCondition)

   DispatcherServletAutoConfiguration.DispatcherServletRegistrationConfiguration#dispatcherServletRegistration matched:
      - @ConditionalOnBean (names: dispatcherServlet types: org.springframework.web.servlet.DispatcherServlet; SearchStrategy: all) found bean 'dispatcherServlet' (OnBeanCondition)

   EmbeddedWebServerFactoryCustomizerAutoConfiguration matched:
      - @ConditionalOnWebApplication (required) found 'session' scope (OnWebApplicationCondition)
      - @ConditionalOnWarDeployment the application is not deployed as a WAR file. (OnWarDeploymentCondition)

   EmbeddedWebServerFactoryCustomizerAutoConfiguration.TomcatWebServerFactoryCustomizerConfiguration matched:
      - @ConditionalOnClass found required classes 'org.apache.catalina.startup.Tomcat', 'org.apache.coyote.UpgradeProtocol' (OnClassCondition)

   ErrorMvcAutoConfiguration matched:
      - @ConditionalOnClass found required classes 'jakarta.servlet.Servlet', 'org.springframework.web.servlet.DispatcherServlet' (OnClassCondition)
      - found 'session' scope (OnWebApplicationCondition)

   ErrorMvcAutoConfiguration#basicErrorController matched:
      - @ConditionalOnMissingBean (types: org.springframework.boot.web.servlet.error.ErrorController; SearchStrategy: current) did not find any beans (OnBeanCondition)

   ErrorMvcAutoConfiguration#errorAttributes matched:
      - @ConditionalOnMissingBean (types: org.springframework.boot.web.servlet.error.ErrorAttributes; SearchStrategy: current) did not find any beans (OnBeanCondition)

   ErrorMvcAutoConfiguration.DefaultErrorViewResolverConfiguration#conventionErrorViewResolver matched:
      - @ConditionalOnBean (types: org.springframework.web.servlet.DispatcherServlet; SearchStrategy: all) found bean 'dispatcherServlet'; @ConditionalOnMissingBean (types: org.springframework.boot.autoconfigure.web.servlet.error.ErrorViewResolver; SearchStrategy: all) did not find any beans (OnBeanCondition)

   ErrorMvcAutoConfiguration.WhitelabelErrorViewConfiguration matched:
      - @ConditionalOnProperty (server.error.whitelabel.enabled) matched (OnPropertyCondition)
      - ErrorTemplate Missing did not find error template view (ErrorMvcAutoConfiguration.ErrorTemplateMissingCondition)

   ErrorMvcAutoConfiguration.WhitelabelErrorViewConfiguration#beanNameViewResolver matched:
      - @ConditionalOnMissingBean (types: org.springframework.web.servlet.view.BeanNameViewResolver; SearchStrategy: all) did not find any beans (OnBeanCondition)

   ErrorMvcAutoConfiguration.WhitelabelErrorViewConfiguration#defaultErrorView matched:
      - @ConditionalOnMissingBean (names: error; SearchStrategy: all) did not find any beans (OnBeanCondition)

   GenericCacheConfiguration matched:
      - Cache org.springframework.boot.autoconfigure.cache.GenericCacheConfiguration automatic cache type (CacheCondition)

   HttpEncodingAutoConfiguration matched:
      - @ConditionalOnClass found required class 'org.springframework.web.filter.CharacterEncodingFilter' (OnClassCondition)
      - found 'session' scope (OnWebApplicationCondition)
      - @ConditionalOnProperty (server.servlet.encoding.enabled) matched (OnPropertyCondition)

   HttpEncodingAutoConfiguration#characterEncodingFilter matched:
      - @ConditionalOnMissingBean (types: org.springframework.web.filter.CharacterEncodingFilter; SearchStrategy: all) did not find any beans (OnBeanCondition)

   HttpMessageConvertersAutoConfiguration matched:
      - @ConditionalOnClass found required class 'org.springframework.http.converter.HttpMessageConverter' (OnClassCondition)
      - NoneNestedConditions 0 matched 1 did not; NestedCondition on HttpMessageConvertersAutoConfiguration.NotReactiveWebApplicationCondition.ReactiveWebApplication did not find reactive web application classes (HttpMessageConvertersAutoConfiguration.NotReactiveWebApplicationCondition)

   HttpMessageConvertersAutoConfiguration#messageConverters matched:
      - @ConditionalOnMissingBean (types: org.springframework.boot.autoconfigure.http.HttpMessageConverters; SearchStrategy: all) did not find any beans (OnBeanCondition)

   HttpMessageConvertersAutoConfiguration.StringHttpMessageConverterConfiguration matched:
      - @ConditionalOnClass found required class 'org.springframework.http.converter.StringHttpMessageConverter' (OnClassCondition)

   HttpMessageConvertersAutoConfiguration.StringHttpMessageConverterConfiguration#stringHttpMessageConverter matched:
      - @ConditionalOnMissingBean (types: org.springframework.http.converter.StringHttpMessageConverter; SearchStrategy: all) did not find any beans (OnBeanCondition)

   JacksonAutoConfiguration matched:
      - @ConditionalOnClass found required class 'com.fasterxml.jackson.databind.ObjectMapper' (OnClassCondition)

   JacksonAutoConfiguration.Jackson2ObjectMapperBuilderCustomizerConfiguration matched:
      - @ConditionalOnClass found required class 'org.springframework.http.converter.json.Jackson2ObjectMapperBuilder' (OnClassCondition)

   JacksonAutoConfiguration.JacksonObjectMapperBuilderConfiguration matched:
      - @ConditionalOnClass found required class 'org.springframework.http.converter.json.Jackson2ObjectMapperBuilder' (OnClassCondition)

   JacksonAutoConfiguration.JacksonObjectMapperBuilderConfiguration#jacksonObjectMapperBuilder matched:
      - @ConditionalOnMissingBean (types: org.springframework.http.converter.json.Jackson2ObjectMapperBuilder; SearchStrategy: all) did not find any beans (OnBeanCondition)

   JacksonAutoConfiguration.JacksonObjectMapperConfiguration matched:
      - @ConditionalOnClass found required class 'org.springframework.http.converter.json.Jackson2ObjectMapperBuilder' (OnClassCondition)

   JacksonAutoConfiguration.JacksonObjectMapperConfiguration#jacksonObjectMapper matched:
      - @ConditionalOnMissingBean (types: com.fasterxml.jackson.databind.ObjectMapper; SearchStrategy: all) did not find any beans (OnBeanCondition)

   JacksonAutoConfiguration.ParameterNamesModuleConfiguration matched:
      - @ConditionalOnClass found required class 'com.fasterxml.jackson.module.paramnames.ParameterNamesModule' (OnClassCondition)

   JacksonAutoConfiguration.ParameterNamesModuleConfiguration#parameterNamesModule matched:
      - @ConditionalOnMissingBean (types: com.fasterxml.jackson.module.paramnames.ParameterNamesModule; SearchStrategy: all) did not find any beans (OnBeanCondition)

   JacksonHttpMessageConvertersConfiguration.MappingJackson2HttpMessageConverterConfiguration matched:
      - @ConditionalOnClass found required class 'com.fasterxml.jackson.databind.ObjectMapper' (OnClassCondition)
      - @ConditionalOnProperty (spring.mvc.converters.preferred-json-mapper=jackson) matched (OnPropertyCondition)
      - @ConditionalOnBean (types: com.fasterxml.jackson.databind.ObjectMapper; SearchStrategy: all) found bean 'jacksonObjectMapper' (OnBeanCondition)

   JacksonHttpMessageConvertersConfiguration.MappingJackson2HttpMessageConverterConfiguration#mappingJackson2HttpMessageConverter matched:
      - @ConditionalOnMissingBean (types: org.springframework.http.converter.json.MappingJackson2HttpMessageConverter ignored: org.springframework.hateoas.server.mvc.TypeConstrainedMappingJackson2HttpMessageConverter,org.springframework.data.rest.webmvc.alps.AlpsJsonHttpMessageConverter; SearchStrategy: all) did not find any beans (OnBeanCondition)

   JdbcClientAutoConfiguration matched:
      - @ConditionalOnSingleCandidate (types: org.springframework.jdbc.core.namedparam.NamedParameterJdbcTemplate; SearchStrategy: all) found a single bean 'namedParameterJdbcTemplate'; @ConditionalOnMissingBean (types: org.springframework.jdbc.core.simple.JdbcClient; SearchStrategy: all) did not find any beans (OnBeanCondition)

   JdbcTemplateAutoConfiguration matched:
      - @ConditionalOnClass found required classes 'javax.sql.DataSource', 'org.springframework.jdbc.core.JdbcTemplate' (OnClassCondition)
      - @ConditionalOnSingleCandidate (types: javax.sql.DataSource; SearchStrategy: all) found a single bean 'dataSource' (OnBeanCondition)

   JdbcTemplateConfiguration matched:
      - @ConditionalOnMissingBean (types: org.springframework.jdbc.core.JdbcOperations; SearchStrategy: all) did not find any beans (OnBeanCondition)

   JmxAutoConfiguration matched:
      - @ConditionalOnClass found required class 'org.springframework.jmx.export.MBeanExporter' (OnClassCondition)
      - @ConditionalOnProperty (spring.jmx.enabled=true) matched (OnPropertyCondition)

   JmxAutoConfiguration#mbeanExporter matched:
      - @ConditionalOnMissingBean (types: org.springframework.jmx.export.MBeanExporter; SearchStrategy: current) did not find any beans (OnBeanCondition)

   JmxAutoConfiguration#mbeanServer matched:
      - @ConditionalOnMissingBean (types: javax.management.MBeanServer; SearchStrategy: all) did not find any beans (OnBeanCondition)

   JmxAutoConfiguration#objectNamingStrategy matched:
      - @ConditionalOnMissingBean (types: org.springframework.jmx.export.naming.ObjectNamingStrategy; SearchStrategy: current) did not find any beans (OnBeanCondition)

   LifecycleAutoConfiguration#defaultLifecycleProcessor matched:
      - @ConditionalOnMissingBean (names: lifecycleProcessor; SearchStrategy: current) did not find any beans (OnBeanCondition)

   LocalDevToolsAutoConfiguration matched:
      - Initialized Restarter Condition available and initialized (OnInitializedRestarterCondition)

   LocalDevToolsAutoConfiguration.LiveReloadConfiguration matched:
      - @ConditionalOnProperty (spring.devtools.livereload.enabled) matched (OnPropertyCondition)

   LocalDevToolsAutoConfiguration.LiveReloadConfiguration#liveReloadServer matched:
      - @ConditionalOnMissingBean (types: org.springframework.boot.devtools.livereload.LiveReloadServer; SearchStrategy: all) did not find any beans (OnBeanCondition)

   LocalDevToolsAutoConfiguration.RestartConfiguration matched:
      - @ConditionalOnProperty (spring.devtools.restart.enabled) matched (OnPropertyCondition)

   LocalDevToolsAutoConfiguration.RestartConfiguration#classPathFileSystemWatcher matched:
      - @ConditionalOnMissingBean (types: org.springframework.boot.devtools.classpath.ClassPathFileSystemWatcher; SearchStrategy: all) did not find any beans (OnBeanCondition)

   LocalDevToolsAutoConfiguration.RestartConfiguration#classPathRestartStrategy matched:
      - @ConditionalOnMissingBean (types: org.springframework.boot.devtools.classpath.ClassPathRestartStrategy; SearchStrategy: all) did not find any beans (OnBeanCondition)

   LocalDevToolsAutoConfiguration.RestartConfiguration#conditionEvaluationDeltaLoggingListener matched:
      - @ConditionalOnProperty (spring.devtools.restart.log-condition-evaluation-delta) matched (OnPropertyCondition)

   MultipartAutoConfiguration matched:
      - @ConditionalOnClass found required classes 'jakarta.servlet.Servlet', 'org.springframework.web.multipart.support.StandardServletMultipartResolver', 'jakarta.servlet.MultipartConfigElement' (OnClassCondition)
      - found 'session' scope (OnWebApplicationCondition)
      - @ConditionalOnProperty (spring.servlet.multipart.enabled) matched (OnPropertyCondition)

   MultipartAutoConfiguration#multipartConfigElement matched:
      - @ConditionalOnMissingBean (types: jakarta.servlet.MultipartConfigElement; SearchStrategy: all) did not find any beans (OnBeanCondition)

   MultipartAutoConfiguration#multipartResolver matched:
      - @ConditionalOnMissingBean (types: org.springframework.web.multipart.MultipartResolver; SearchStrategy: all) did not find any beans (OnBeanCondition)

   MustacheAutoConfiguration matched:
      - @ConditionalOnClass found required class 'com.samskivert.mustache.Mustache' (OnClassCondition)

   MustacheAutoConfiguration#mustacheCompiler matched:
      - @ConditionalOnMissingBean (types: com.samskivert.mustache.Mustache$Compiler; SearchStrategy: all) did not find any beans (OnBeanCondition)

   MustacheAutoConfiguration#mustacheTemplateLoader matched:
      - @ConditionalOnMissingBean (types: com.samskivert.mustache.Mustache$TemplateLoader; SearchStrategy: all) did not find any beans (OnBeanCondition)

   MustacheServletWebConfiguration matched:
      - @ConditionalOnClass found required class 'org.springframework.boot.web.servlet.view.MustacheViewResolver' (OnClassCondition)
      - found 'session' scope (OnWebApplicationCondition)

   MustacheServletWebConfiguration#mustacheViewResolver matched:
      - @ConditionalOnProperty (spring.mustache.enabled) matched (OnPropertyCondition)
      - @ConditionalOnMissingBean (types: org.springframework.boot.web.servlet.view.MustacheViewResolver; SearchStrategy: all) did not find any beans (OnBeanCondition)

   MybatisAutoConfiguration matched:
      - @ConditionalOnClass found required classes 'org.apache.ibatis.session.SqlSessionFactory', 'org.mybatis.spring.SqlSessionFactoryBean' (OnClassCondition)
      - @ConditionalOnSingleCandidate (types: javax.sql.DataSource; SearchStrategy: all) found a single bean 'dataSource' (OnBeanCondition)

   MybatisAutoConfiguration#sqlSessionFactory matched:
      - @ConditionalOnMissingBean (types: org.apache.ibatis.session.SqlSessionFactory; SearchStrategy: all) did not find any beans (OnBeanCondition)

   MybatisAutoConfiguration#sqlSessionTemplate matched:
      - @ConditionalOnMissingBean (types: org.mybatis.spring.SqlSessionTemplate; SearchStrategy: all) did not find any beans (OnBeanCondition)

   MybatisAutoConfiguration.MapperScannerRegistrarNotFoundConfiguration matched:
      - @ConditionalOnMissingBean (types: org.mybatis.spring.mapper.MapperFactoryBean,org.mybatis.spring.mapper.MapperScannerConfigurer; SearchStrategy: all) did not find any beans (OnBeanCondition)

   MybatisLanguageDriverAutoConfiguration matched:
      - @ConditionalOnClass found required class 'org.apache.ibatis.scripting.LanguageDriver' (OnClassCondition)

   NamedParameterJdbcTemplateConfiguration matched:
      - @ConditionalOnSingleCandidate (types: org.springframework.jdbc.core.JdbcTemplate; SearchStrategy: all) found a single bean 'jdbcTemplate'; @ConditionalOnMissingBean (types: org.springframework.jdbc.core.namedparam.NamedParameterJdbcOperations; SearchStrategy: all) did not find any beans (OnBeanCondition)

   NoOpCacheConfiguration matched:
      - Cache org.springframework.boot.autoconfigure.cache.NoOpCacheConfiguration automatic cache type (CacheCondition)

   PersistenceExceptionTranslationAutoConfiguration matched:
      - @ConditionalOnClass found required class 'org.springframework.dao.annotation.PersistenceExceptionTranslationPostProcessor' (OnClassCondition)

   PersistenceExceptionTranslationAutoConfiguration#persistenceExceptionTranslationPostProcessor matched:
      - @ConditionalOnProperty (spring.dao.exceptiontranslation.enabled) matched (OnPropertyCondition)
      - @ConditionalOnMissingBean (types: org.springframework.dao.annotation.PersistenceExceptionTranslationPostProcessor; SearchStrategy: all) did not find any beans (OnBeanCondition)

   PropertyPlaceholderAutoConfiguration#propertySourcesPlaceholderConfigurer matched:
      - @ConditionalOnMissingBean (types: org.springframework.context.support.PropertySourcesPlaceholderConfigurer; SearchStrategy: current) did not find any beans (OnBeanCondition)

   RestClientAutoConfiguration matched:
      - @ConditionalOnClass found required class 'org.springframework.web.client.RestClient' (OnClassCondition)
      - NoneNestedConditions 0 matched 1 did not; NestedCondition on NotReactiveWebApplicationCondition.ReactiveWebApplication did not find reactive web application classes (NotReactiveWebApplicationCondition)

   RestClientAutoConfiguration#httpMessageConvertersRestClientCustomizer matched:
      - @ConditionalOnMissingBean (types: org.springframework.boot.autoconfigure.web.client.HttpMessageConvertersRestClientCustomizer; SearchStrategy: all) did not find any beans (OnBeanCondition)

   RestClientAutoConfiguration#restClientBuilder matched:
      - @ConditionalOnMissingBean (types: org.springframework.web.client.RestClient$Builder; SearchStrategy: all) did not find any beans (OnBeanCondition)

   RestClientAutoConfiguration#restClientBuilderConfigurer matched:
      - @ConditionalOnMissingBean (types: org.springframework.boot.autoconfigure.web.client.RestClientBuilderConfigurer; SearchStrategy: all) did not find any beans (OnBeanCondition)

   RestClientAutoConfiguration#restClientSsl matched:
      - @ConditionalOnBean (types: org.springframework.boot.ssl.SslBundles; SearchStrategy: all) found bean 'sslBundleRegistry'; @ConditionalOnMissingBean (types: org.springframework.boot.autoconfigure.web.client.RestClientSsl; SearchStrategy: all) did not find any beans (OnBeanCondition)

   RestTemplateAutoConfiguration matched:
      - @ConditionalOnClass found required class 'org.springframework.web.client.RestTemplate' (OnClassCondition)
      - NoneNestedConditions 0 matched 1 did not; NestedCondition on NotReactiveWebApplicationCondition.ReactiveWebApplication did not find reactive web application classes (NotReactiveWebApplicationCondition)

   RestTemplateAutoConfiguration#restTemplateBuilder matched:
      - @ConditionalOnMissingBean (types: org.springframework.boot.web.client.RestTemplateBuilder; SearchStrategy: all) did not find any beans (OnBeanCondition)

   SecurityAutoConfiguration matched:
      - @ConditionalOnClass found required class 'org.springframework.security.authentication.DefaultAuthenticationEventPublisher' (OnClassCondition)

   SecurityAutoConfiguration#authenticationEventPublisher matched:
      - @ConditionalOnMissingBean (types: org.springframework.security.authentication.AuthenticationEventPublisher; SearchStrategy: all) did not find any beans (OnBeanCondition)

   SecurityFilterAutoConfiguration matched:
      - @ConditionalOnClass found required classes 'org.springframework.security.web.context.AbstractSecurityWebApplicationInitializer', 'org.springframework.security.config.http.SessionCreationPolicy' (OnClassCondition)
      - found 'session' scope (OnWebApplicationCondition)

   SecurityFilterAutoConfiguration#securityFilterChainRegistration matched:
      - @ConditionalOnBean (names: springSecurityFilterChain; SearchStrategy: all) found bean 'springSecurityFilterChain' (OnBeanCondition)

   ServletWebServerFactoryAutoConfiguration matched:
      - @ConditionalOnClass found required class 'jakarta.servlet.ServletRequest' (OnClassCondition)
      - found 'session' scope (OnWebApplicationCondition)

   ServletWebServerFactoryAutoConfiguration#tomcatServletWebServerFactoryCustomizer matched:
      - @ConditionalOnClass found required class 'org.apache.catalina.startup.Tomcat' (OnClassCondition)

   ServletWebServerFactoryConfiguration.EmbeddedTomcat matched:
      - @ConditionalOnClass found required classes 'jakarta.servlet.Servlet', 'org.apache.catalina.startup.Tomcat', 'org.apache.coyote.UpgradeProtocol' (OnClassCondition)
      - @ConditionalOnMissingBean (types: org.springframework.boot.web.servlet.server.ServletWebServerFactory; SearchStrategy: current) did not find any beans (OnBeanCondition)

   SimpleCacheConfiguration matched:
      - Cache org.springframework.boot.autoconfigure.cache.SimpleCacheConfiguration automatic cache type (CacheCondition)

   SpringApplicationAdminJmxAutoConfiguration matched:
      - @ConditionalOnProperty (spring.application.admin.enabled=true) matched (OnPropertyCondition)

   SpringApplicationAdminJmxAutoConfiguration#springApplicationAdminRegistrar matched:
      - @ConditionalOnMissingBean (types: org.springframework.boot.admin.SpringApplicationAdminMXBeanRegistrar; SearchStrategy: all) did not find any beans (OnBeanCondition)

   SpringBootWebSecurityConfiguration matched:
      - found 'session' scope (OnWebApplicationCondition)

   SqlInitializationAutoConfiguration matched:
      - @ConditionalOnProperty (spring.sql.init.enabled) matched (OnPropertyCondition)
      - NoneNestedConditions 0 matched 1 did not; NestedCondition on SqlInitializationAutoConfiguration.SqlInitializationModeCondition.ModeIsNever @ConditionalOnProperty (spring.sql.init.mode=never) did not find property 'mode' (SqlInitializationAutoConfiguration.SqlInitializationModeCondition)

   SslAutoConfiguration#sslBundleRegistry matched:
      - @ConditionalOnMissingBean (types: org.springframework.boot.ssl.SslBundleRegistry,org.springframework.boot.ssl.SslBundles; SearchStrategy: all) did not find any beans (OnBeanCondition)

   TaskExecutionAutoConfiguration matched:
      - @ConditionalOnClass found required class 'org.springframework.scheduling.concurrent.ThreadPoolTaskExecutor' (OnClassCondition)

   TaskExecutorConfigurations.SimpleAsyncTaskExecutorBuilderConfiguration#simpleAsyncTaskExecutorBuilder matched:
      - @ConditionalOnMissingBean (types: org.springframework.boot.task.SimpleAsyncTaskExecutorBuilder; SearchStrategy: all) did not find any beans (OnBeanCondition)
      - @ConditionalOnThreading found PLATFORM (OnThreadingCondition)

   TaskExecutorConfigurations.TaskExecutorBuilderConfiguration#taskExecutorBuilder matched:
      - @ConditionalOnMissingBean (types: org.springframework.boot.task.TaskExecutorBuilder; SearchStrategy: all) did not find any beans (OnBeanCondition)

   TaskExecutorConfigurations.ThreadPoolTaskExecutorBuilderConfiguration#threadPoolTaskExecutorBuilder matched:
      - @ConditionalOnMissingBean (types: org.springframework.boot.task.TaskExecutorBuilder,org.springframework.boot.task.ThreadPoolTaskExecutorBuilder; SearchStrategy: all) did not find any beans (OnBeanCondition)

   TaskSchedulingAutoConfiguration matched:
      - @ConditionalOnClass found required class 'org.springframework.scheduling.concurrent.ThreadPoolTaskScheduler' (OnClassCondition)

   TaskSchedulingConfigurations.SimpleAsyncTaskSchedulerBuilderConfiguration#simpleAsyncTaskSchedulerBuilder matched:
      - @ConditionalOnMissingBean (types: org.springframework.boot.task.SimpleAsyncTaskSchedulerBuilder; SearchStrategy: all) did not find any beans (OnBeanCondition)
      - @ConditionalOnThreading found PLATFORM (OnThreadingCondition)

   TaskSchedulingConfigurations.TaskSchedulerBuilderConfiguration#taskSchedulerBuilder matched:
      - @ConditionalOnMissingBean (types: org.springframework.boot.task.TaskSchedulerBuilder; SearchStrategy: all) did not find any beans (OnBeanCondition)

   TaskSchedulingConfigurations.ThreadPoolTaskSchedulerBuilderConfiguration#threadPoolTaskSchedulerBuilder matched:
      - @ConditionalOnMissingBean (types: org.springframework.boot.task.TaskSchedulerBuilder,org.springframework.boot.task.ThreadPoolTaskSchedulerBuilder; SearchStrategy: all) did not find any beans (OnBeanCondition)

   TransactionAutoConfiguration matched:
      - @ConditionalOnClass found required class 'org.springframework.transaction.PlatformTransactionManager' (OnClassCondition)

   TransactionAutoConfiguration.EnableTransactionManagementConfiguration matched:
      - @ConditionalOnBean (types: org.springframework.transaction.TransactionManager; SearchStrategy: all) found bean 'transactionManager'; @ConditionalOnMissingBean (types: org.springframework.transaction.annotation.AbstractTransactionManagementConfiguration; SearchStrategy: all) did not find any beans (OnBeanCondition)

   TransactionAutoConfiguration.EnableTransactionManagementConfiguration.CglibAutoProxyConfiguration matched:
      - @ConditionalOnProperty (spring.aop.proxy-target-class=true) matched (OnPropertyCondition)

   TransactionAutoConfiguration.TransactionTemplateConfiguration matched:
      - @ConditionalOnSingleCandidate (types: org.springframework.transaction.PlatformTransactionManager; SearchStrategy: all) found a single bean 'transactionManager' (OnBeanCondition)

   TransactionAutoConfiguration.TransactionTemplateConfiguration#transactionTemplate matched:
      - @ConditionalOnMissingBean (types: org.springframework.transaction.support.TransactionOperations; SearchStrategy: all) did not find any beans (OnBeanCondition)

   TransactionManagerCustomizationAutoConfiguration matched:
      - @ConditionalOnClass found required class 'org.springframework.transaction.PlatformTransactionManager' (OnClassCondition)

   TransactionManagerCustomizationAutoConfiguration#platformTransactionManagerCustomizers matched:
      - @ConditionalOnMissingBean (types: org.springframework.boot.autoconfigure.transaction.TransactionManagerCustomizers; SearchStrategy: all) did not find any beans (OnBeanCondition)

   UserDetailsServiceAutoConfiguration matched:
      - @ConditionalOnClass found required class 'org.springframework.security.authentication.AuthenticationManager' (OnClassCondition)
      - AnyNestedCondition 1 matched 2 did not; NestedCondition on UserDetailsServiceAutoConfiguration.MissingAlternativeOrUserPropertiesConfigured.PasswordConfigured @ConditionalOnProperty (spring.security.user.password) did not find property 'password'; NestedCondition on UserDetailsServiceAutoConfiguration.MissingAlternativeOrUserPropertiesConfigured.NameConfigured @ConditionalOnProperty (spring.security.user.name) did not find property 'name'; NestedCondition on UserDetailsServiceAutoConfiguration.MissingAlternativeOrUserPropertiesConfigured.MissingAlternative @ConditionalOnMissingClass did not find unwanted classes 'org.springframework.security.oauth2.client.registration.ClientRegistrationRepository', 'org.springframework.security.oauth2.server.resource.introspection.OpaqueTokenIntrospector', 'org.springframework.security.saml2.provider.service.registration.RelyingPartyRegistrationRepository' (UserDetailsServiceAutoConfiguration.MissingAlternativeOrUserPropertiesConfigured)
      - @ConditionalOnBean (types: org.springframework.security.config.annotation.ObjectPostProcessor; SearchStrategy: all) found bean 'objectPostProcessor'; @ConditionalOnMissingBean (types: org.springframework.security.authentication.AuthenticationManager,org.springframework.security.authentication.AuthenticationProvider,org.springframework.security.core.userdetails.UserDetailsService,org.springframework.security.authentication.AuthenticationManagerResolver,org.springframework.security.oauth2.jwt.JwtDecoder; SearchStrategy: all) did not find any beans (OnBeanCondition)

   ValidationAutoConfiguration matched:
      - @ConditionalOnClass found required class 'jakarta.validation.executable.ExecutableValidator' (OnClassCondition)
      - @ConditionalOnResource found location classpath:META-INF/services/jakarta.validation.spi.ValidationProvider (OnResourceCondition)

   ValidationAutoConfiguration#defaultValidator matched:
      - @ConditionalOnMissingBean (types: jakarta.validation.Validator; SearchStrategy: all) did not find any beans (OnBeanCondition)

   ValidationAutoConfiguration#methodValidationPostProcessor matched:
      - @ConditionalOnMissingBean (types: org.springframework.validation.beanvalidation.MethodValidationPostProcessor; SearchStrategy: current) did not find any beans (OnBeanCondition)

   WebMvcAutoConfiguration matched:
      - @ConditionalOnClass found required classes 'jakarta.servlet.Servlet', 'org.springframework.web.servlet.DispatcherServlet', 'org.springframework.web.servlet.config.annotation.WebMvcConfigurer' (OnClassCondition)
      - found 'session' scope (OnWebApplicationCondition)
      - @ConditionalOnMissingBean (types: org.springframework.web.servlet.config.annotation.WebMvcConfigurationSupport; SearchStrategy: all) did not find any beans (OnBeanCondition)

   WebMvcAutoConfiguration#formContentFilter matched:
      - @ConditionalOnProperty (spring.mvc.formcontent.filter.enabled) matched (OnPropertyCondition)
      - @ConditionalOnMissingBean (types: org.springframework.web.filter.FormContentFilter; SearchStrategy: all) did not find any beans (OnBeanCondition)

   WebMvcAutoConfiguration.EnableWebMvcConfiguration#flashMapManager matched:
      - @ConditionalOnMissingBean (names: flashMapManager; SearchStrategy: all) did not find any beans (OnBeanCondition)

   WebMvcAutoConfiguration.EnableWebMvcConfiguration#localeResolver matched:
      - @ConditionalOnMissingBean (names: localeResolver; SearchStrategy: all) did not find any beans (OnBeanCondition)

   WebMvcAutoConfiguration.EnableWebMvcConfiguration#themeResolver matched:
      - @ConditionalOnMissingBean (names: themeResolver; SearchStrategy: all) did not find any beans (OnBeanCondition)

   WebMvcAutoConfiguration.WebMvcAutoConfigurationAdapter#defaultViewResolver matched:
      - @ConditionalOnMissingBean (types: org.springframework.web.servlet.view.InternalResourceViewResolver; SearchStrategy: all) did not find any beans (OnBeanCondition)

   WebMvcAutoConfiguration.WebMvcAutoConfigurationAdapter#requestContextFilter matched:
      - @ConditionalOnMissingBean (types: org.springframework.web.context.request.RequestContextListener,org.springframework.web.filter.RequestContextFilter; SearchStrategy: all) did not find any beans (OnBeanCondition)

   WebMvcAutoConfiguration.WebMvcAutoConfigurationAdapter#viewResolver matched:
      - @ConditionalOnBean (types: org.springframework.web.servlet.ViewResolver; SearchStrategy: all) found beans 'defaultViewResolver', 'beanNameViewResolver', 'mvcViewResolver'; @ConditionalOnMissingBean (names: viewResolver types: org.springframework.web.servlet.view.ContentNegotiatingViewResolver; SearchStrategy: all) did not find any beans (OnBeanCondition)

   WebSocketMessagingAutoConfiguration matched:
      - @ConditionalOnClass found required class 'org.springframework.web.socket.config.annotation.WebSocketMessageBrokerConfigurer' (OnClassCondition)
      - found 'session' scope (OnWebApplicationCondition)

   WebSocketMessagingAutoConfiguration.WebSocketMessageConverterConfiguration matched:
      - @ConditionalOnClass found required classes 'com.fasterxml.jackson.databind.ObjectMapper', 'org.springframework.messaging.simp.config.AbstractMessageBrokerConfiguration' (OnClassCondition)
      - @ConditionalOnBean (types: org.springframework.web.socket.config.annotation.DelegatingWebSocketMessageBrokerConfiguration,com.fasterxml.jackson.databind.ObjectMapper; SearchStrategy: all) found beans 'jacksonObjectMapper', 'org.springframework.web.socket.config.annotation.DelegatingWebSocketMessageBrokerConfiguration' (OnBeanCondition)

   WebSocketServletAutoConfiguration matched:
      - @ConditionalOnClass found required classes 'jakarta.servlet.Servlet', 'jakarta.websocket.server.ServerContainer' (OnClassCondition)
      - found 'session' scope (OnWebApplicationCondition)

   WebSocketServletAutoConfiguration.TomcatWebSocketConfiguration matched:
      - @ConditionalOnClass found required classes 'org.apache.catalina.startup.Tomcat', 'org.apache.tomcat.websocket.server.WsSci' (OnClassCondition)

   WebSocketServletAutoConfiguration.TomcatWebSocketConfiguration#websocketServletWebServerCustomizer matched:
      - @ConditionalOnMissingBean (names: websocketServletWebServerCustomizer; SearchStrategy: all) did not find any beans (OnBeanCondition)


Negative matches:
-----------------

   ActiveMQAutoConfiguration:
      Did not match:
         - @ConditionalOnClass did not find required class 'jakarta.jms.ConnectionFactory' (OnClassCondition)

   AopAutoConfiguration.AspectJAutoProxyingConfiguration:
      Did not match:
         - @ConditionalOnClass did not find required class 'org.aspectj.weaver.Advice' (OnClassCondition)

   ArtemisAutoConfiguration:
      Did not match:
         - @ConditionalOnClass did not find required class 'jakarta.jms.ConnectionFactory' (OnClassCondition)

   BatchAutoConfiguration:
      Did not match:
         - @ConditionalOnClass did not find required class 'org.springframework.batch.core.launch.JobLauncher' (OnClassCondition)

   Cache2kCacheConfiguration:
      Did not match:
         - @ConditionalOnClass did not find required class 'org.cache2k.Cache2kBuilder' (OnClassCondition)

   CacheAutoConfiguration:
      Did not match:
         - @ConditionalOnBean (types: org.springframework.cache.interceptor.CacheAspectSupport; SearchStrategy: all) did not find any beans of type org.springframework.cache.interceptor.CacheAspectSupport (OnBeanCondition)
      Matched:
         - @ConditionalOnClass found required class 'org.springframework.cache.CacheManager' (OnClassCondition)

   CacheAutoConfiguration.CacheManagerEntityManagerFactoryDependsOnPostProcessor:
      Did not match:
         - @ConditionalOnClass did not find required class 'org.springframework.orm.jpa.LocalContainerEntityManagerFactoryBean' (OnClassCondition)
         - Ancestor org.springframework.boot.autoconfigure.cache.CacheAutoConfiguration did not match (ConditionEvaluationReport.AncestorsMatchedCondition)

   CaffeineCacheConfiguration:
      Did not match:
         - @ConditionalOnClass did not find required class 'com.github.benmanes.caffeine.cache.Caffeine' (OnClassCondition)

   CassandraAutoConfiguration:
      Did not match:
         - @ConditionalOnClass did not find required class 'com.datastax.oss.driver.api.core.CqlSession' (OnClassCondition)

   CassandraDataAutoConfiguration:
      Did not match:
         - @ConditionalOnClass did not find required class 'com.datastax.oss.driver.api.core.CqlSession' (OnClassCondition)

   CassandraReactiveDataAutoConfiguration:
      Did not match:
         - @ConditionalOnClass did not find required class 'com.datastax.oss.driver.api.core.CqlSession' (OnClassCondition)

   CassandraReactiveRepositoriesAutoConfiguration:
      Did not match:
         - @ConditionalOnClass did not find required class 'org.springframework.data.cassandra.ReactiveSession' (OnClassCondition)

   CassandraRepositoriesAutoConfiguration:
      Did not match:
         - @ConditionalOnClass did not find required class 'com.datastax.oss.driver.api.core.CqlSession' (OnClassCondition)

   ClientHttpConnectorAutoConfiguration:
      Did not match:
         - @ConditionalOnClass did not find required class 'org.springframework.web.reactive.function.client.WebClient' (OnClassCondition)

   CodecsAutoConfiguration:
      Did not match:
         - @ConditionalOnClass did not find required class 'org.springframework.web.reactive.function.client.WebClient' (OnClassCondition)

   CouchbaseAutoConfiguration:
      Did not match:
         - @ConditionalOnClass did not find required class 'com.couchbase.client.java.Cluster' (OnClassCondition)

   CouchbaseCacheConfiguration:
      Did not match:
         - @ConditionalOnClass did not find required class 'com.couchbase.client.java.Cluster' (OnClassCondition)

   CouchbaseDataAutoConfiguration:
      Did not match:
         - @ConditionalOnClass did not find required class 'com.couchbase.client.java.Bucket' (OnClassCondition)

   CouchbaseReactiveDataAutoConfiguration:
      Did not match:
         - @ConditionalOnClass did not find required class 'com.couchbase.client.java.Cluster' (OnClassCondition)

   CouchbaseReactiveRepositoriesAutoConfiguration:
      Did not match:
         - @ConditionalOnClass did not find required class 'com.couchbase.client.java.Cluster' (OnClassCondition)

   CouchbaseRepositoriesAutoConfiguration:
      Did not match:
         - @ConditionalOnClass did not find required class 'com.couchbase.client.java.Bucket' (OnClassCondition)

   DataSourceAutoConfiguration.EmbeddedDatabaseConfiguration:
      Did not match:
         - EmbeddedDataSource spring.datasource.url is set (DataSourceAutoConfiguration.EmbeddedDatabaseCondition)

   DataSourceCheckpointRestoreConfiguration:
      Did not match:
         - @ConditionalOnClass did not find required class 'org.crac.Resource' (OnClassCondition)

   DataSourceConfiguration.Dbcp2:
      Did not match:
         - @ConditionalOnClass did not find required class 'org.apache.commons.dbcp2.BasicDataSource' (OnClassCondition)

   DataSourceConfiguration.Generic:
      Did not match:
         - @ConditionalOnProperty (spring.datasource.type) did not find property 'spring.datasource.type' (OnPropertyCondition)

   DataSourceConfiguration.OracleUcp:
      Did not match:
         - @ConditionalOnClass did not find required classes 'oracle.ucp.jdbc.PoolDataSourceImpl', 'oracle.jdbc.OracleConnection' (OnClassCondition)

   DataSourceConfiguration.Tomcat:
      Did not match:
         - @ConditionalOnClass did not find required class 'org.apache.tomcat.jdbc.pool.DataSource' (OnClassCondition)

   DataSourceJmxConfiguration.TomcatDataSourceJmxConfiguration:
      Did not match:
         - @ConditionalOnClass did not find required class 'org.apache.tomcat.jdbc.pool.DataSourceProxy' (OnClassCondition)

   DataSourcePoolMetadataProvidersConfiguration.CommonsDbcp2PoolDataSourceMetadataProviderConfiguration:
      Did not match:
         - @ConditionalOnClass did not find required class 'org.apache.commons.dbcp2.BasicDataSource' (OnClassCondition)

   DataSourcePoolMetadataProvidersConfiguration.OracleUcpPoolDataSourceMetadataProviderConfiguration:
      Did not match:
         - @ConditionalOnClass did not find required classes 'oracle.ucp.jdbc.PoolDataSource', 'oracle.jdbc.OracleConnection' (OnClassCondition)

   DataSourcePoolMetadataProvidersConfiguration.TomcatDataSourcePoolMetadataProviderConfiguration:
      Did not match:
         - @ConditionalOnClass did not find required class 'org.apache.tomcat.jdbc.pool.DataSource' (OnClassCondition)

   DevToolsDataSourceAutoConfiguration.DatabaseShutdownExecutorEntityManagerFactoryDependsOnPostProcessor:
      Did not match:
         - @ConditionalOnClass did not find required class 'org.springframework.orm.jpa.LocalContainerEntityManagerFactoryBean' (OnClassCondition)

   DevToolsR2dbcAutoConfiguration:
      Did not match:
         - @ConditionalOnClass did not find required class 'io.r2dbc.spi.ConnectionFactory' (OnClassCondition)

   DispatcherServletAutoConfiguration.DispatcherServletConfiguration#multipartResolver:
      Did not match:
         - @ConditionalOnBean (types: org.springframework.web.multipart.MultipartResolver; SearchStrategy: all) did not find any beans of type org.springframework.web.multipart.MultipartResolver (OnBeanCondition)

   ElasticsearchClientAutoConfiguration:
      Did not match:
         - @ConditionalOnClass did not find required class 'co.elastic.clients.elasticsearch.ElasticsearchClient' (OnClassCondition)

   ElasticsearchDataAutoConfiguration:
      Did not match:
         - @ConditionalOnClass did not find required class 'org.springframework.data.elasticsearch.client.elc.ElasticsearchTemplate' (OnClassCondition)

   ElasticsearchRepositoriesAutoConfiguration:
      Did not match:
         - @ConditionalOnClass did not find required class 'org.springframework.data.elasticsearch.repository.ElasticsearchRepository' (OnClassCondition)

   ElasticsearchRestClientAutoConfiguration:
      Did not match:
         - @ConditionalOnClass did not find required class 'org.elasticsearch.client.RestClientBuilder' (OnClassCondition)

   EmbeddedLdapAutoConfiguration:
      Did not match:
         - @ConditionalOnClass did not find required class 'com.unboundid.ldap.listener.InMemoryDirectoryServer' (OnClassCondition)

   EmbeddedWebServerFactoryCustomizerAutoConfiguration.JettyWebServerFactoryCustomizerConfiguration:
      Did not match:
         - @ConditionalOnClass did not find required classes 'org.eclipse.jetty.server.Server', 'org.eclipse.jetty.util.Loader', 'org.eclipse.jetty.ee10.webapp.WebAppContext' (OnClassCondition)

   EmbeddedWebServerFactoryCustomizerAutoConfiguration.NettyWebServerFactoryCustomizerConfiguration:
      Did not match:
         - @ConditionalOnClass did not find required class 'reactor.netty.http.server.HttpServer' (OnClassCondition)

   EmbeddedWebServerFactoryCustomizerAutoConfiguration.TomcatWebServerFactoryCustomizerConfiguration#tomcatVirtualThreadsProtocolHandlerCustomizer:
      Did not match:
         - @ConditionalOnThreading did not find VIRTUAL (OnThreadingCondition)

   EmbeddedWebServerFactoryCustomizerAutoConfiguration.UndertowWebServerFactoryCustomizerConfiguration:
      Did not match:
         - @ConditionalOnClass did not find required classes 'io.undertow.Undertow', 'org.xnio.SslClientAuthMode' (OnClassCondition)

   ErrorWebFluxAutoConfiguration:
      Did not match:
         - @ConditionalOnClass did not find required class 'org.springframework.web.reactive.config.WebFluxConfigurer' (OnClassCondition)

   FlywayAutoConfiguration:
      Did not match:
         - @ConditionalOnClass did not find required class 'org.flywaydb.core.Flyway' (OnClassCondition)

   FreeMarkerAutoConfiguration:
      Did not match:
         - @ConditionalOnClass did not find required class 'freemarker.template.Configuration' (OnClassCondition)

   GraphQlAutoConfiguration:
      Did not match:
         - @ConditionalOnClass did not find required class 'graphql.GraphQL' (OnClassCondition)

   GraphQlQueryByExampleAutoConfiguration:
      Did not match:
         - @ConditionalOnClass did not find required class 'graphql.GraphQL' (OnClassCondition)

   GraphQlQuerydslAutoConfiguration:
      Did not match:
         - @ConditionalOnClass did not find required class 'com.querydsl.core.Query' (OnClassCondition)

   GraphQlRSocketAutoConfiguration:
      Did not match:
         - @ConditionalOnClass did not find required class 'graphql.GraphQL' (OnClassCondition)

   GraphQlReactiveQueryByExampleAutoConfiguration:
      Did not match:
         - @ConditionalOnClass did not find required class 'graphql.GraphQL' (OnClassCondition)

   GraphQlReactiveQuerydslAutoConfiguration:
      Did not match:
         - @ConditionalOnClass did not find required class 'com.querydsl.core.Query' (OnClassCondition)

   GraphQlWebFluxAutoConfiguration:
      Did not match:
         - @ConditionalOnClass did not find required class 'graphql.GraphQL' (OnClassCondition)

   GraphQlWebFluxSecurityAutoConfiguration:
      Did not match:
         - @ConditionalOnClass did not find required class 'graphql.GraphQL' (OnClassCondition)

   GraphQlWebMvcAutoConfiguration:
      Did not match:
         - @ConditionalOnClass did not find required class 'graphql.GraphQL' (OnClassCondition)

   GraphQlWebMvcSecurityAutoConfiguration:
      Did not match:
         - @ConditionalOnClass did not find required class 'graphql.GraphQL' (OnClassCondition)

   GroovyTemplateAutoConfiguration:
      Did not match:
         - @ConditionalOnClass did not find required class 'groovy.text.markup.MarkupTemplateEngine' (OnClassCondition)

   GsonAutoConfiguration:
      Did not match:
         - @ConditionalOnClass did not find required class 'com.google.gson.Gson' (OnClassCondition)

   GsonHttpMessageConvertersConfiguration:
      Did not match:
         - @ConditionalOnClass did not find required class 'com.google.gson.Gson' (OnClassCondition)

   H2ConsoleAutoConfiguration:
      Did not match:
         - @ConditionalOnClass did not find required class 'org.h2.server.web.JakartaWebServlet' (OnClassCondition)

   HazelcastAutoConfiguration:
      Did not match:
         - @ConditionalOnClass did not find required class 'com.hazelcast.core.HazelcastInstance' (OnClassCondition)

   HazelcastCacheConfiguration:
      Did not match:
         - @ConditionalOnClass did not find required class 'com.hazelcast.core.HazelcastInstance' (OnClassCondition)

   HazelcastJpaDependencyAutoConfiguration:
      Did not match:
         - @ConditionalOnClass did not find required class 'com.hazelcast.core.HazelcastInstance' (OnClassCondition)

   HibernateJpaAutoConfiguration:
      Did not match:
         - @ConditionalOnClass did not find required class 'jakarta.persistence.EntityManager' (OnClassCondition)

   HttpHandlerAutoConfiguration:
      Did not match:
         - @ConditionalOnClass did not find required class 'org.springframework.web.reactive.DispatcherHandler' (OnClassCondition)

   HypermediaAutoConfiguration:
      Did not match:
         - @ConditionalOnClass did not find required class 'org.springframework.hateoas.EntityModel' (OnClassCondition)

   InfinispanCacheConfiguration:
      Did not match:
         - @ConditionalOnClass did not find required class 'org.infinispan.spring.embedded.provider.SpringEmbeddedCacheManager' (OnClassCondition)

   InfluxDbAutoConfiguration:
      Did not match:
         - @ConditionalOnClass did not find required class 'org.influxdb.InfluxDB' (OnClassCondition)

   IntegrationAutoConfiguration:
      Did not match:
         - @ConditionalOnClass did not find required class 'org.springframework.integration.config.EnableIntegration' (OnClassCondition)

   JCacheCacheConfiguration:
      Did not match:
         - @ConditionalOnClass did not find required class 'javax.cache.Caching' (OnClassCondition)

   JacksonHttpMessageConvertersConfiguration.MappingJackson2XmlHttpMessageConverterConfiguration:
      Did not match:
         - @ConditionalOnClass did not find required class 'com.fasterxml.jackson.dataformat.xml.XmlMapper' (OnClassCondition)

   JdbcRepositoriesAutoConfiguration:
      Did not match:
         - @ConditionalOnClass did not find required class 'org.springframework.data.jdbc.repository.config.AbstractJdbcConfiguration' (OnClassCondition)

   JerseyAutoConfiguration:
      Did not match:
         - @ConditionalOnClass did not find required class 'org.glassfish.jersey.server.spring.SpringComponentProvider' (OnClassCondition)

   JmsAutoConfiguration:
      Did not match:
         - @ConditionalOnClass did not find required class 'jakarta.jms.Message' (OnClassCondition)

   JndiConnectionFactoryAutoConfiguration:
      Did not match:
         - @ConditionalOnClass did not find required class 'org.springframework.jms.core.JmsTemplate' (OnClassCondition)

   JndiDataSourceAutoConfiguration:
      Did not match:
         - @ConditionalOnProperty (spring.datasource.jndi-name) did not find property 'jndi-name' (OnPropertyCondition)
      Matched:
         - @ConditionalOnClass found required classes 'javax.sql.DataSource', 'org.springframework.jdbc.datasource.embedded.EmbeddedDatabaseType' (OnClassCondition)

   JooqAutoConfiguration:
      Did not match:
         - @ConditionalOnClass did not find required class 'org.jooq.DSLContext' (OnClassCondition)

   JpaRepositoriesAutoConfiguration:
      Did not match:
         - @ConditionalOnClass did not find required class 'org.springframework.data.jpa.repository.JpaRepository' (OnClassCondition)

   JsonbAutoConfiguration:
      Did not match:
         - @ConditionalOnClass did not find required class 'jakarta.json.bind.Jsonb' (OnClassCondition)

   JsonbHttpMessageConvertersConfiguration:
      Did not match:
         - @ConditionalOnClass did not find required class 'jakarta.json.bind.Jsonb' (OnClassCondition)

   JtaAutoConfiguration:
      Did not match:
         - @ConditionalOnClass did not find required class 'jakarta.transaction.Transaction' (OnClassCondition)

   KafkaAutoConfiguration:
      Did not match:
         - @ConditionalOnClass did not find required class 'org.springframework.kafka.core.KafkaTemplate' (OnClassCondition)

   LdapAutoConfiguration:
      Did not match:
         - @ConditionalOnClass did not find required class 'org.springframework.ldap.core.ContextSource' (OnClassCondition)

   LdapRepositoriesAutoConfiguration:
      Did not match:
         - @ConditionalOnClass did not find required class 'org.springframework.data.ldap.repository.LdapRepository' (OnClassCondition)

   LiquibaseAutoConfiguration:
      Did not match:
         - @ConditionalOnClass did not find required class 'liquibase.change.DatabaseChange' (OnClassCondition)

   MailSenderAutoConfiguration:
      Did not match:
         - @ConditionalOnClass did not find required class 'jakarta.activation.MimeType' (OnClassCondition)

   MailSenderValidatorAutoConfiguration:
      Did not match:
         - @ConditionalOnSingleCandidate did not find required type 'org.springframework.mail.javamail.JavaMailSenderImpl' (OnBeanCondition)

   MessageSourceAutoConfiguration:
      Did not match:
         - ResourceBundle did not find bundle with basename messages (MessageSourceAutoConfiguration.ResourceBundleCondition)

   MongoAutoConfiguration:
      Did not match:
         - @ConditionalOnClass did not find required class 'com.mongodb.client.MongoClient' (OnClassCondition)

   MongoDataAutoConfiguration:
      Did not match:
         - @ConditionalOnClass did not find required class 'com.mongodb.client.MongoClient' (OnClassCondition)

   MongoReactiveAutoConfiguration:
      Did not match:
         - @ConditionalOnClass did not find required class 'com.mongodb.reactivestreams.client.MongoClient' (OnClassCondition)

   MongoReactiveDataAutoConfiguration:
      Did not match:
         - @ConditionalOnClass did not find required class 'com.mongodb.reactivestreams.client.MongoClient' (OnClassCondition)

   MongoReactiveRepositoriesAutoConfiguration:
      Did not match:
         - @ConditionalOnClass did not find required class 'com.mongodb.reactivestreams.client.MongoClient' (OnClassCondition)

   MongoRepositoriesAutoConfiguration:
      Did not match:
         - @ConditionalOnClass did not find required class 'com.mongodb.client.MongoClient' (OnClassCondition)

   MustacheReactiveWebConfiguration:
      Did not match:
         - did not find reactive web application classes (OnWebApplicationCondition)

   MybatisLanguageDriverAutoConfiguration.FreeMarkerConfiguration:
      Did not match:
         - @ConditionalOnClass did not find required classes 'org.mybatis.scripting.freemarker.FreeMarkerLanguageDriver', 'org.mybatis.scripting.freemarker.FreeMarkerLanguageDriverConfig' (OnClassCondition)

   MybatisLanguageDriverAutoConfiguration.LegacyFreeMarkerConfiguration:
      Did not match:
         - @ConditionalOnClass did not find required class 'org.mybatis.scripting.freemarker.FreeMarkerLanguageDriver' (OnClassCondition)

   MybatisLanguageDriverAutoConfiguration.LegacyVelocityConfiguration:
      Did not match:
         - @ConditionalOnClass did not find required class 'org.mybatis.scripting.velocity.Driver' (OnClassCondition)

   MybatisLanguageDriverAutoConfiguration.ThymeleafConfiguration:
      Did not match:
         - @ConditionalOnClass did not find required class 'org.mybatis.scripting.thymeleaf.ThymeleafLanguageDriver' (OnClassCondition)

   MybatisLanguageDriverAutoConfiguration.VelocityConfiguration:
      Did not match:
         - @ConditionalOnClass did not find required classes 'org.mybatis.scripting.velocity.VelocityLanguageDriver', 'org.mybatis.scripting.velocity.VelocityLanguageDriverConfig' (OnClassCondition)

   Neo4jAutoConfiguration:
      Did not match:
         - @ConditionalOnClass did not find required class 'org.neo4j.driver.Driver' (OnClassCondition)

   Neo4jDataAutoConfiguration:
      Did not match:
         - @ConditionalOnClass did not find required class 'org.neo4j.driver.Driver' (OnClassCondition)

   Neo4jReactiveDataAutoConfiguration:
      Did not match:
         - @ConditionalOnClass did not find required class 'org.neo4j.driver.Driver' (OnClassCondition)

   Neo4jReactiveRepositoriesAutoConfiguration:
      Did not match:
         - @ConditionalOnClass did not find required class 'org.neo4j.driver.Driver' (OnClassCondition)

   Neo4jRepositoriesAutoConfiguration:
      Did not match:
         - @ConditionalOnClass did not find required class 'org.neo4j.driver.Driver' (OnClassCondition)

   NettyAutoConfiguration:
      Did not match:
         - @ConditionalOnClass did not find required class 'io.netty.util.NettyRuntime' (OnClassCondition)

   OAuth2AuthorizationServerAutoConfiguration:
      Did not match:
         - @ConditionalOnClass did not find required class 'org.springframework.security.oauth2.server.authorization.OAuth2Authorization' (OnClassCondition)

   OAuth2AuthorizationServerJwtAutoConfiguration:
      Did not match:
         - @ConditionalOnClass did not find required class 'org.springframework.security.oauth2.server.authorization.OAuth2Authorization' (OnClassCondition)

   OAuth2ClientAutoConfiguration:
      Did not match:
         - @ConditionalOnClass did not find required class 'org.springframework.security.oauth2.client.registration.ClientRegistration' (OnClassCondition)

   OAuth2ResourceServerAutoConfiguration:
      Did not match:
         - @ConditionalOnClass did not find required class 'org.springframework.security.oauth2.server.resource.authentication.BearerTokenAuthenticationToken' (OnClassCondition)

   ProjectInfoAutoConfiguration#buildProperties:
      Did not match:
         - @ConditionalOnResource did not find resource '${spring.info.build.location:classpath:META-INF/build-info.properties}' (OnResourceCondition)

   ProjectInfoAutoConfiguration#gitProperties:
      Did not match:
         - GitResource did not find git info at classpath:git.properties (ProjectInfoAutoConfiguration.GitResourceAvailableCondition)

   PulsarAutoConfiguration:
      Did not match:
         - @ConditionalOnClass did not find required class 'org.apache.pulsar.client.api.PulsarClient' (OnClassCondition)

   PulsarReactiveAutoConfiguration:
      Did not match:
         - @ConditionalOnClass did not find required class 'org.apache.pulsar.client.api.PulsarClient' (OnClassCondition)

   QuartzAutoConfiguration:
      Did not match:
         - @ConditionalOnClass did not find required class 'org.quartz.Scheduler' (OnClassCondition)

   R2dbcAutoConfiguration:
      Did not match:
         - @ConditionalOnClass did not find required class 'io.r2dbc.spi.ConnectionFactory' (OnClassCondition)

   R2dbcDataAutoConfiguration:
      Did not match:
         - @ConditionalOnClass did not find required class 'org.springframework.data.r2dbc.core.R2dbcEntityTemplate' (OnClassCondition)

   R2dbcInitializationConfiguration:
      Did not match:
         - @ConditionalOnClass did not find required classes 'io.r2dbc.spi.ConnectionFactory', 'org.springframework.r2dbc.connection.init.DatabasePopulator' (OnClassCondition)

   R2dbcRepositoriesAutoConfiguration:
      Did not match:
         - @ConditionalOnClass did not find required class 'io.r2dbc.spi.ConnectionFactory' (OnClassCondition)

   R2dbcTransactionManagerAutoConfiguration:
      Did not match:
         - @ConditionalOnClass did not find required class 'org.springframework.r2dbc.connection.R2dbcTransactionManager' (OnClassCondition)

   RSocketGraphQlClientAutoConfiguration:
      Did not match:
         - @ConditionalOnClass did not find required class 'graphql.GraphQL' (OnClassCondition)

   RSocketMessagingAutoConfiguration:
      Did not match:
         - @ConditionalOnClass did not find required class 'io.rsocket.RSocket' (OnClassCondition)

   RSocketRequesterAutoConfiguration:
      Did not match:
         - @ConditionalOnClass did not find required class 'io.rsocket.RSocket' (OnClassCondition)

   RSocketSecurityAutoConfiguration:
      Did not match:
         - @ConditionalOnClass did not find required class 'org.springframework.security.rsocket.core.SecuritySocketAcceptorInterceptor' (OnClassCondition)

   RSocketServerAutoConfiguration:
      Did not match:
         - @ConditionalOnClass did not find required class 'io.rsocket.core.RSocketServer' (OnClassCondition)

   RSocketStrategiesAutoConfiguration:
      Did not match:
         - @ConditionalOnClass did not find required class 'io.netty.buffer.PooledByteBufAllocator' (OnClassCondition)

   RabbitAutoConfiguration:
      Did not match:
         - @ConditionalOnClass did not find required class 'com.rabbitmq.client.Channel' (OnClassCondition)

   ReactiveElasticsearchClientAutoConfiguration:
      Did not match:
         - @ConditionalOnClass did not find required class 'co.elastic.clients.transport.ElasticsearchTransport' (OnClassCondition)

   ReactiveElasticsearchRepositoriesAutoConfiguration:
      Did not match:
         - @ConditionalOnClass did not find required class 'org.springframework.data.elasticsearch.client.elc.ReactiveElasticsearchClient' (OnClassCondition)

   ReactiveMultipartAutoConfiguration:
      Did not match:
         - @ConditionalOnClass did not find required class 'org.springframework.web.reactive.config.WebFluxConfigurer' (OnClassCondition)

   ReactiveOAuth2ClientAutoConfiguration:
      Did not match:
         - @ConditionalOnClass did not find required class 'reactor.core.publisher.Flux' (OnClassCondition)

   ReactiveOAuth2ResourceServerAutoConfiguration:
      Did not match:
         - @ConditionalOnWebApplication did not find reactive web application classes (OnWebApplicationCondition)

   ReactiveSecurityAutoConfiguration:
      Did not match:
         - @ConditionalOnClass did not find required class 'reactor.core.publisher.Flux' (OnClassCondition)

   ReactiveUserDetailsServiceAutoConfiguration:
      Did not match:
         - AnyNestedCondition 0 matched 2 did not; NestedCondition on ReactiveUserDetailsServiceAutoConfiguration.RSocketEnabledOrReactiveWebApplication.ReactiveWebApplicationCondition did not find reactive web application classes; NestedCondition on ReactiveUserDetailsServiceAutoConfiguration.RSocketEnabledOrReactiveWebApplication.RSocketSecurityEnabledCondition @ConditionalOnBean (types: org.springframework.messaging.rsocket.annotation.support.RSocketMessageHandler; SearchStrategy: all) did not find any beans of type org.springframework.messaging.rsocket.annotation.support.RSocketMessageHandler (ReactiveUserDetailsServiceAutoConfiguration.RSocketEnabledOrReactiveWebApplication)
      Matched:
         - @ConditionalOnClass found required class 'org.springframework.security.authentication.ReactiveAuthenticationManager' (OnClassCondition)
         - AnyNestedCondition 1 matched 2 did not; NestedCondition on ReactiveUserDetailsServiceAutoConfiguration.MissingAlternativeOrUserPropertiesConfigured.PasswordConfigured @ConditionalOnProperty (spring.security.user.password) did not find property 'password'; NestedCondition on ReactiveUserDetailsServiceAutoConfiguration.MissingAlternativeOrUserPropertiesConfigured.NameConfigured @ConditionalOnProperty (spring.security.user.name) did not find property 'name'; NestedCondition on ReactiveUserDetailsServiceAutoConfiguration.MissingAlternativeOrUserPropertiesConfigured.MissingAlternative @ConditionalOnMissingClass did not find unwanted classes 'org.springframework.security.oauth2.client.registration.ClientRegistrationRepository', 'org.springframework.security.oauth2.server.resource.introspection.ReactiveOpaqueTokenIntrospector' (ReactiveUserDetailsServiceAutoConfiguration.MissingAlternativeOrUserPropertiesConfigured)

   ReactiveWebServerFactoryAutoConfiguration:
      Did not match:
         - @ConditionalOnWebApplication did not find reactive web application classes (OnWebApplicationCondition)

   ReactorAutoConfiguration:
      Did not match:
         - @ConditionalOnClass did not find required class 'reactor.core.publisher.Hooks' (OnClassCondition)

   RedisAutoConfiguration:
      Did not match:
         - @ConditionalOnClass did not find required class 'org.springframework.data.redis.core.RedisOperations' (OnClassCondition)

   RedisCacheConfiguration:
      Did not match:
         - @ConditionalOnClass did not find required class 'org.springframework.data.redis.connection.RedisConnectionFactory' (OnClassCondition)

   RedisReactiveAutoConfiguration:
      Did not match:
         - @ConditionalOnClass did not find required class 'reactor.core.publisher.Flux' (OnClassCondition)

   RedisRepositoriesAutoConfiguration:
      Did not match:
         - @ConditionalOnClass did not find required class 'org.springframework.data.redis.repository.configuration.EnableRedisRepositories' (OnClassCondition)

   RemoteDevToolsAutoConfiguration:
      Did not match:
         - @ConditionalOnProperty (spring.devtools.remote.secret) did not find property 'secret' (OnPropertyCondition)
      Matched:
         - @ConditionalOnClass found required classes 'jakarta.servlet.Filter', 'org.springframework.http.server.ServerHttpRequest' (OnClassCondition)

   RepositoryRestMvcAutoConfiguration:
      Did not match:
         - @ConditionalOnClass did not find required class 'org.springframework.data.rest.webmvc.config.RepositoryRestMvcConfiguration' (OnClassCondition)

   Saml2RelyingPartyAutoConfiguration:
      Did not match:
         - @ConditionalOnClass did not find required class 'org.springframework.security.saml2.provider.service.registration.RelyingPartyRegistrationRepository' (OnClassCondition)

   SecurityDataConfiguration:
      Did not match:
         - @ConditionalOnClass did not find required class 'org.springframework.security.data.repository.query.SecurityEvaluationContextExtension' (OnClassCondition)

   SendGridAutoConfiguration:
      Did not match:
         - @ConditionalOnClass did not find required class 'com.sendgrid.SendGrid' (OnClassCondition)

   ServletWebServerFactoryAutoConfiguration.ForwardedHeaderFilterConfiguration:
      Did not match:
         - @ConditionalOnProperty (server.forward-headers-strategy=framework) did not find property 'server.forward-headers-strategy' (OnPropertyCondition)

   ServletWebServerFactoryConfiguration.EmbeddedJetty:
      Did not match:
         - @ConditionalOnClass did not find required classes 'org.eclipse.jetty.server.Server', 'org.eclipse.jetty.util.Loader', 'org.eclipse.jetty.ee10.webapp.WebAppContext' (OnClassCondition)

   ServletWebServerFactoryConfiguration.EmbeddedUndertow:
      Did not match:
         - @ConditionalOnClass did not find required classes 'io.undertow.Undertow', 'org.xnio.SslClientAuthMode' (OnClassCondition)

   SessionAutoConfiguration:
      Did not match:
         - @ConditionalOnClass did not find required class 'org.springframework.session.Session' (OnClassCondition)

   SpringBootWebSecurityConfiguration.SecurityFilterChainConfiguration:
      Did not match:
         - AllNestedConditions 1 matched 1 did not; NestedCondition on DefaultWebSecurityCondition.Beans @ConditionalOnMissingBean (types: org.springframework.security.web.SecurityFilterChain; SearchStrategy: all) found beans of type 'org.springframework.security.web.SecurityFilterChain' filterChain; NestedCondition on DefaultWebSecurityCondition.Classes @ConditionalOnClass found required classes 'org.springframework.security.web.SecurityFilterChain', 'org.springframework.security.config.annotation.web.builders.HttpSecurity' (DefaultWebSecurityCondition)

   SpringBootWebSecurityConfiguration.WebSecurityEnablerConfiguration:
      Did not match:
         - @ConditionalOnMissingBean (names: springSecurityFilterChain; SearchStrategy: all) found beans named springSecurityFilterChain (OnBeanCondition)
      Matched:
         - @ConditionalOnClass found required class 'org.springframework.security.config.annotation.web.configuration.EnableWebSecurity' (OnClassCondition)

   SpringDataWebAutoConfiguration:
      Did not match:
         - @ConditionalOnClass did not find required class 'org.springframework.data.web.PageableHandlerMethodArgumentResolver' (OnClassCondition)

   TaskExecutorConfigurations.SimpleAsyncTaskExecutorBuilderConfiguration#simpleAsyncTaskExecutorBuilderVirtualThreads:
      Did not match:
         - @ConditionalOnMissingBean (types: org.springframework.boot.task.SimpleAsyncTaskExecutorBuilder; SearchStrategy: all) found beans of type 'org.springframework.boot.task.SimpleAsyncTaskExecutorBuilder' simpleAsyncTaskExecutorBuilder (OnBeanCondition)

   TaskExecutorConfigurations.TaskExecutorConfiguration:
      Did not match:
         - @ConditionalOnMissingBean (types: java.util.concurrent.Executor; SearchStrategy: all) found beans of type 'java.util.concurrent.Executor' clientInboundChannelExecutor, clientOutboundChannelExecutor, brokerChannelExecutor (OnBeanCondition)

   TaskSchedulingAutoConfiguration#scheduledBeanLazyInitializationExcludeFilter:
      Did not match:
         - @ConditionalOnBean (names: org.springframework.context.annotation.internalScheduledAnnotationProcessor; SearchStrategy: all) did not find any beans named org.springframework.context.annotation.internalScheduledAnnotationProcessor (OnBeanCondition)

   TaskSchedulingConfigurations.SimpleAsyncTaskSchedulerBuilderConfiguration#simpleAsyncTaskSchedulerBuilderVirtualThreads:
      Did not match:
         - @ConditionalOnMissingBean (types: org.springframework.boot.task.SimpleAsyncTaskSchedulerBuilder; SearchStrategy: all) found beans of type 'org.springframework.boot.task.SimpleAsyncTaskSchedulerBuilder' simpleAsyncTaskSchedulerBuilder (OnBeanCondition)

   TaskSchedulingConfigurations.TaskSchedulerConfiguration:
      Did not match:
         - @ConditionalOnBean (names: org.springframework.context.annotation.internalScheduledAnnotationProcessor; SearchStrategy: all) did not find any beans named org.springframework.context.annotation.internalScheduledAnnotationProcessor (OnBeanCondition)

   ThymeleafAutoConfiguration:
      Did not match:
         - @ConditionalOnClass did not find required class 'org.thymeleaf.spring6.SpringTemplateEngine' (OnClassCondition)

   TransactionAutoConfiguration#transactionalOperator:
      Did not match:
         - @ConditionalOnSingleCandidate (types: org.springframework.transaction.ReactiveTransactionManager; SearchStrategy: all) did not find any beans (OnBeanCondition)

   TransactionAutoConfiguration.AspectJTransactionManagementConfiguration:
      Did not match:
         - @ConditionalOnBean did not find required type 'org.springframework.transaction.aspectj.AbstractTransactionAspect' (OnBeanCondition)
         - @ConditionalOnBean (types: org.springframework.transaction.aspectj.AbstractTransactionAspect; SearchStrategy: all) did not find any beans of type org.springframework.transaction.aspectj.AbstractTransactionAspect (OnBeanCondition)

   TransactionAutoConfiguration.EnableTransactionManagementConfiguration.JdkDynamicAutoProxyConfiguration:
      Did not match:
         - @ConditionalOnProperty (spring.aop.proxy-target-class=false) did not find property 'proxy-target-class' (OnPropertyCondition)

   WebClientAutoConfiguration:
      Did not match:
         - @ConditionalOnClass did not find required class 'org.springframework.web.reactive.function.client.WebClient' (OnClassCondition)

   WebFluxAutoConfiguration:
      Did not match:
         - @ConditionalOnClass did not find required class 'org.springframework.web.reactive.config.WebFluxConfigurer' (OnClassCondition)

   WebMvcAutoConfiguration#hiddenHttpMethodFilter:
      Did not match:
         - @ConditionalOnProperty (spring.mvc.hiddenmethod.filter.enabled) did not find property 'enabled' (OnPropertyCondition)

   WebMvcAutoConfiguration.ProblemDetailsErrorHandlingConfiguration:
      Did not match:
         - @ConditionalOnProperty (spring.mvc.problemdetails.enabled=true) did not find property 'enabled' (OnPropertyCondition)

   WebMvcAutoConfiguration.ResourceChainCustomizerConfiguration:
      Did not match:
         - @ConditionalOnEnabledResourceChain did not find class org.webjars.WebJarAssetLocator (OnEnabledResourceChainCondition)

   WebMvcAutoConfiguration.WebMvcAutoConfigurationAdapter#beanNameViewResolver:
      Did not match:
         - @ConditionalOnMissingBean (types: org.springframework.web.servlet.view.BeanNameViewResolver; SearchStrategy: all) found beans of type 'org.springframework.web.servlet.view.BeanNameViewResolver' beanNameViewResolver (OnBeanCondition)

   WebServiceTemplateAutoConfiguration:
      Did not match:
         - @ConditionalOnClass did not find required class 'org.springframework.oxm.Marshaller' (OnClassCondition)

   WebServicesAutoConfiguration:
      Did not match:
         - @ConditionalOnClass did not find required class 'org.springframework.ws.transport.http.MessageDispatcherServlet' (OnClassCondition)

   WebSessionIdResolverAutoConfiguration:
      Did not match:
         - @ConditionalOnClass did not find required class 'reactor.core.publisher.Mono' (OnClassCondition)

   WebSocketReactiveAutoConfiguration:
      Did not match:
         - @ConditionalOnWebApplication did not find reactive web application classes (OnWebApplicationCondition)

   WebSocketServletAutoConfiguration.JettyWebSocketConfiguration:
      Did not match:
         - @ConditionalOnClass did not find required class 'org.eclipse.jetty.ee10.websocket.jakarta.server.config.JakartaWebSocketServletContainerInitializer' (OnClassCondition)

   WebSocketServletAutoConfiguration.UndertowWebSocketConfiguration:
      Did not match:
         - @ConditionalOnClass did not find required class 'io.undertow.websockets.jsr.Bootstrap' (OnClassCondition)

   XADataSourceAutoConfiguration:
      Did not match:
         - @ConditionalOnClass did not find required class 'jakarta.transaction.TransactionManager' (OnClassCondition)


Exclusions:
-----------

    None


Unconditional classes:
----------------------

    org.springframework.boot.autoconfigure.context.ConfigurationPropertiesAutoConfiguration

    org.springframework.boot.autoconfigure.ssl.SslAutoConfiguration

    org.springframework.boot.autoconfigure.context.LifecycleAutoConfiguration

    org.springframework.boot.autoconfigure.context.PropertyPlaceholderAutoConfiguration

    org.springframework.boot.autoconfigure.availability.ApplicationAvailabilityAutoConfiguration

    org.springframework.boot.autoconfigure.info.ProjectInfoAutoConfiguration



INFO  24-11-07 19:31:06[restartedMain] [MustacheajaxApplication:56] - Started MustacheajaxApplication in 1.332 seconds (process running for 852.195)
DEBUG 24-11-07 19:31:06[restartedMain] [ApplicationAvailabilityBean:77] - Application availability state LivenessState changed to CORRECT
INFO  24-11-07 19:31:06[restartedMain] [ConditionEvaluationDeltaLoggingListener:63] - Condition evaluation unchanged
DEBUG 24-11-07 19:31:06[restartedMain] [ApplicationAvailabilityBean:77] - Application availability state ReadinessState changed to ACCEPTING_TRAFFIC
INFO  24-11-07 19:32:06[MessageBroker-1] [WebSocketMessageBrokerStats:154] - WebSocketSession[0 current WS(0)-HttpStream(0)-HttpPoll(0), 0 total, 0 closed abnormally (0 connect failure, 0 send limit, 0 transport error)], stompSubProtocol[processed CONNECT(0)-CONNECTED(0)-DISCONNECT(0)], stompBrokerRelay[null], inboundChannel[pool size = 0, active threads = 0, queued tasks = 0, completed tasks = 0], outboundChannel[pool size = 0, active threads = 0, queued tasks = 0, completed tasks = 0], sockJsScheduler[pool size = 1, active threads = 1, queued tasks = 0, completed tasks = 0]
